ID,anger,anticipation,disgust,fear,joy,negative,positive,sadness,surprise,trust,total_emotions,total_sentiments
0,0.0968,0.2581,0.0323,0.0645,0.1935,0.3333,0.6667,0.0968,0.0323,0.2258,31,18
6,0.0682,0.25,0.0227,0.0909,0.2045,0.3333,0.6667,0.0909,0.0909,0.1818,44,24
29,0.0769,0.1538,0.0385,0.1154,0.1923,0.1429,0.8571,0.0385,0.0769,0.3077,26,14
31,0.0909,0.2273,0.0909,0.1818,0.0,0.3333,0.6667,0.2273,0.0,0.1818,22,15
34,0.1364,0.0,0.0909,0.1364,0.0455,0.75,0.25,0.4545,0.0,0.1364,22,16
35,0.0,0.2,0.2,0.2,0.2,0.5,0.5,0.2,0.0,0.0,5,4
47,0.037,0.1852,0.037,0.1481,0.1852,0.3529,0.6471,0.1852,0.037,0.1852,27,17
49,0.0435,0.1304,0.0435,0.2174,0.1304,0.375,0.625,0.2609,0.0435,0.1304,23,16
54,0.1538,0.0769,0.0,0.3077,0.0,0.5833,0.4167,0.2308,0.0769,0.1538,13,12
64,0.1091,0.1091,0.1273,0.1273,0.1091,0.5862,0.4138,0.2182,0.0727,0.1273,55,29
75,0.175,0.175,0.0875,0.15,0.125,0.4615,0.5385,0.075,0.1,0.1125,80,26
82,0.0741,0.2037,0.0556,0.1481,0.0926,0.4,0.6,0.2222,0.0185,0.1852,54,30
110,0.0909,0.0,0.0909,0.0909,0.0909,0.5,0.5,0.2727,0.0,0.3636,11,10
111,0.087,0.1304,0.0,0.1739,0.1304,0.5,0.5,0.1739,0.0435,0.2609,23,12
124,0.0952,0.0952,0.0476,0.1429,0.0952,0.4167,0.5833,0.1905,0.0476,0.2857,21,12
129,0.1091,0.1273,0.0545,0.1636,0.0727,0.5581,0.4419,0.2364,0.0545,0.1818,55,43
137,0.0556,0.2222,0.0,0.2222,0.1667,0.5,0.5,0.1111,0.0556,0.1667,18,6
143,0.0,0.3,0.0333,0.0667,0.1667,0.1304,0.8696,0.0667,0.1333,0.2333,30,23
144,0.1,0.2,0.025,0.075,0.15,0.3571,0.6429,0.125,0.15,0.175,40,14
150,0.125,0.125,0.1,0.125,0.075,0.619,0.381,0.3,0.025,0.125,40,21
160,0.125,0.25,0.0,0.25,0.0,1.0,0.0,0.375,0.0,0.0,8,3
168,0.0588,0.1176,0.0588,0.1765,0.1765,0.5,0.5,0.2353,0.0,0.1765,17,8
172,0.1404,0.193,0.0877,0.1754,0.1053,0.5714,0.4286,0.1404,0.0526,0.1053,57,21
178,0.0,0.25,0.0417,0.0417,0.1667,0.2143,0.7857,0.125,0.0833,0.2917,24,14
184,0.1053,0.1579,0.0526,0.2105,0.0526,0.5,0.5,0.1053,0.0,0.3158,19,10
190,0.1,0.0667,0.0333,0.2333,0.0667,0.4706,0.5294,0.2333,0.1,0.1667,30,17
191,0.1471,0.0588,0.0588,0.1765,0.0588,0.6087,0.3913,0.3235,0.0,0.1765,34,23
201,0.0625,0.0938,0.0938,0.2188,0.0625,0.2667,0.7333,0.2188,0.0312,0.2188,32,15
212,0.1084,0.1446,0.0723,0.2289,0.0361,0.7727,0.2273,0.2892,0.0482,0.0723,83,44
217,0.2174,0.0,0.1739,0.2174,0.0,0.9231,0.0769,0.3478,0.0,0.0435,23,13
221,0.0909,0.1818,0.0909,0.1515,0.0303,0.5238,0.4762,0.2121,0.0606,0.1818,33,21
228,0.0714,0.2857,0.0,0.0714,0.2143,0.375,0.625,0.0714,0.1429,0.1429,14,8
229,0.087,0.1884,0.1159,0.1884,0.029,0.5333,0.4667,0.1884,0.0145,0.1884,69,45
234,0.0333,0.2667,0.0333,0.1,0.2,0.2143,0.7857,0.0333,0.0333,0.3,30,14
254,0.0,0.0714,0.0,0.1429,0.2857,0.1667,0.8333,0.0714,0.0714,0.3571,14,6
260,0.0769,0.1538,0.0769,0.0256,0.2051,0.2609,0.7391,0.0769,0.1026,0.2821,39,23
264,0.0645,0.129,0.0323,0.0968,0.1935,0.375,0.625,0.129,0.129,0.2258,31,16
274,0.0769,0.1538,0.0385,0.0,0.1923,0.4,0.6,0.1923,0.1154,0.2308,26,10
278,0.1223,0.2014,0.036,0.1295,0.1223,0.4746,0.5254,0.1223,0.0935,0.1727,139,59
280,0.0,0.1333,0.1333,0.1333,0.1333,0.2857,0.7143,0.1333,0.1333,0.2,15,7
285,0.0435,0.2609,0.0,0.1304,0.0435,0.4375,0.5625,0.1304,0.0435,0.3478,23,16
290,0.1429,0.2286,0.0286,0.2286,0.0286,0.6,0.4,0.2286,0.0,0.1143,35,20
296,0.08,0.16,0.06,0.28,0.1,0.6154,0.3846,0.14,0.04,0.14,50,26
298,0.1154,0.1154,0.0769,0.1731,0.0962,0.3548,0.6452,0.1538,0.0962,0.1731,52,31
300,0.1852,0.1481,0.0741,0.1481,0.0741,0.7273,0.2727,0.1852,0.0741,0.1111,27,11
305,0.2857,0.4286,0.0,0.0,0.0,0.8,0.2,0.1429,0.0,0.1429,7,5
307,0.0,0.1667,0.1667,0.0,0.0,0.6,0.4,0.3333,0.0,0.3333,6,5
310,0.0488,0.2195,0.0,0.2683,0.0488,0.6,0.4,0.2439,0.0,0.1707,41,30
312,0.1286,0.1714,0.0143,0.1143,0.1857,0.3824,0.6176,0.0429,0.1,0.2429,70,34
314,0.0222,0.1111,0.0,0.2444,0.1111,0.5,0.5,0.2222,0.0444,0.2444,45,26
317,0.1193,0.1193,0.0826,0.1743,0.0642,0.66,0.34,0.2385,0.055,0.1468,109,50
318,0.0526,0.1053,0.2105,0.2105,0.0526,0.6429,0.3571,0.1579,0.0,0.2105,19,14
328,0.1132,0.0377,0.1698,0.1509,0.0755,0.5484,0.4516,0.2075,0.0755,0.1698,53,31
329,0.1053,0.1579,0.0877,0.1754,0.0702,0.6061,0.3939,0.2807,0.0526,0.0702,57,33
330,0.08,0.08,0.2,0.12,0.08,0.6154,0.3846,0.28,0.0,0.16,25,13
331,0.1143,0.1143,0.0857,0.1429,0.0571,0.5,0.5,0.2571,0.0571,0.1714,35,22
339,0.1268,0.1268,0.0704,0.1268,0.0986,0.5294,0.4706,0.1831,0.0563,0.2113,71,34
341,0.05,0.1,0.25,0.2,0.05,0.6667,0.3333,0.2,0.05,0.1,20,12
345,0.033,0.3297,0.033,0.0879,0.0989,0.2857,0.7143,0.0769,0.044,0.2967,91,42
348,0.0,0.125,0.0,0.125,0.0,0.5714,0.4286,0.375,0.0,0.375,8,7
349,0.1224,0.1429,0.0816,0.1837,0.0612,0.4615,0.5385,0.2041,0.0408,0.1633,49,26
351,0.0,0.0,0.0,0.25,0.0,0.75,0.25,0.25,0.0,0.5,4,4
379,0.1154,0.2308,0.0769,0.1154,0.0769,0.5,0.5,0.1154,0.1154,0.1538,26,20
389,0.0,0.2105,0.0526,0.2105,0.1053,0.2308,0.7692,0.0526,0.1053,0.2632,19,13
401,0.0,0.1538,0.0,0.0769,0.1538,0.4444,0.5556,0.2308,0.0,0.3846,13,9
413,0.0526,0.1579,0.0526,0.0526,0.1579,0.4286,0.5714,0.1053,0.1053,0.3158,19,7
425,0.2,0.0,0.1333,0.2,0.0667,0.4545,0.5455,0.2667,0.0,0.1333,15,11
428,0.0755,0.1698,0.0755,0.1509,0.1321,0.4286,0.5714,0.1509,0.0943,0.1509,53,28
434,0.0857,0.1429,0.1286,0.1143,0.1286,0.5102,0.4898,0.1286,0.0429,0.2286,70,49
435,0.1739,0.1304,0.0652,0.2826,0.0,0.9333,0.0667,0.3043,0.0,0.0435,46,15
471,0.0,0.0,0.0,0.2,0.0667,0.25,0.75,0.1333,0.0,0.6,15,8
494,0.1081,0.1622,0.1081,0.1892,0.027,0.5833,0.4167,0.2432,0.0541,0.1081,37,24
495,0.1053,0.1579,0.0526,0.2105,0.0526,0.3684,0.6316,0.2632,0.0,0.1579,19,19
498,0.0,0.1818,0.1818,0.0909,0.0909,0.4286,0.5714,0.1818,0.1818,0.0909,11,7
507,0.08,0.16,0.04,0.04,0.16,0.2,0.8,0.08,0.08,0.36,25,10
519,0.0833,0.2917,0.0,0.125,0.0833,0.5,0.5,0.125,0.125,0.1667,24,10
528,0.0182,0.1636,0.0182,0.1091,0.1818,0.3182,0.6818,0.1273,0.1273,0.2545,55,22
529,0.1053,0.1579,0.0,0.2632,0.0526,0.5,0.5,0.2105,0.0526,0.1579,19,14
533,0.0885,0.1858,0.0531,0.2124,0.0885,0.4688,0.5312,0.1681,0.0265,0.177,113,64
556,0.087,0.1739,0.0217,0.0652,0.1957,0.4211,0.5789,0.1522,0.1087,0.1957,46,19
557,0.0312,0.1875,0.0938,0.125,0.1562,0.45,0.55,0.1562,0.0625,0.1875,32,20
565,0.1765,0.1176,0.0,0.2941,0.0,0.6667,0.3333,0.4118,0.0,0.0,17,12
567,0.0614,0.1491,0.0439,0.193,0.0702,0.3284,0.6716,0.1842,0.0877,0.2105,114,67
569,0.0417,0.0833,0.0,0.2083,0.125,0.5,0.5,0.3333,0.0417,0.1667,24,14
571,0.1,0.2,0.1,0.1,0.1,0.5,0.5,0.2,0.1,0.1,10,4
578,0.125,0.125,0.0625,0.1875,0.0625,0.5385,0.4615,0.3125,0.0,0.125,16,13
584,0.1429,0.0714,0.1429,0.0714,0.0714,0.8571,0.1429,0.4286,0.0714,0.0,14,7
588,0.2174,0.087,0.0435,0.2609,0.1304,0.4615,0.5385,0.087,0.0435,0.1304,23,13
589,0,0,0,0,0,0.0,1.0,0,0,0,0,1
594,0.1053,0.2105,0.0526,0.0789,0.1579,0.1818,0.8182,0.1053,0.0789,0.2105,38,22
596,0.0909,0.0909,0.1818,0.1364,0.0909,0.6667,0.3333,0.2727,0.0,0.1364,22,12
597,0.0556,0.0556,0.0556,0.1667,0.0556,0.4375,0.5625,0.2778,0.0556,0.2778,18,16
599,0.0,0.0,0.0,0.0,0.0,0.6,0.4,0.2,0.2,0.6,5,5
600,0.0,0.0667,0.0,0.2667,0.0,0.3,0.7,0.2,0.0,0.4667,15,10
604,0.069,0.1724,0.0,0.1034,0.1724,0.3333,0.6667,0.1034,0.1034,0.2759,29,18
605,0.0902,0.1805,0.0376,0.1203,0.1053,0.4,0.6,0.1654,0.0827,0.218,133,70
616,0.05,0.1,0.075,0.2,0.05,0.44,0.56,0.2,0.025,0.3,40,25
620,0.2222,0.1111,0.1111,0.1111,0.1111,0.5,0.5,0.2222,0.0,0.1111,9,8
623,0.0526,0.1053,0.0526,0.2105,0.1053,0.5556,0.4444,0.2105,0.1053,0.1579,19,9
627,0.0645,0.1935,0.0,0.0968,0.0968,0.4211,0.5789,0.2258,0.0645,0.2581,31,19
636,0.0385,0.1346,0.0192,0.1538,0.1923,0.3226,0.6774,0.0962,0.0577,0.3077,52,31
638,0.125,0.0,0.125,0.125,0.125,0.125,0.875,0.125,0.0,0.375,8,8
639,0.0909,0.1818,0.0909,0.2727,0.0,0.8,0.2,0.2727,0.0,0.0909,11,5
644,0.1818,0.0,0.0909,0.2727,0.0909,0.75,0.25,0.2727,0.0,0.0909,11,4
659,0.125,0.125,0.0417,0.1458,0.0833,0.45,0.55,0.1875,0.125,0.1667,48,20
669,0.0,0.1111,0.0,0.2222,0.1111,0.6667,0.3333,0.3333,0.0,0.2222,9,6
676,0.119,0.0476,0.0952,0.2381,0.0476,0.5238,0.4762,0.2381,0.0238,0.1905,42,21
680,0.129,0.1613,0.0645,0.1613,0.0968,0.5385,0.4615,0.129,0.0968,0.1613,31,13
683,0.1579,0.0526,0.2105,0.2632,0.0,0.7273,0.2727,0.2632,0.0,0.0526,19,11
14687,0.08,0.1733,0.0667,0.12,0.0933,0.5,0.5,0.1867,0.0667,0.2133,75,34
14706,0.0,0.125,0.0,0.125,0.125,0.5714,0.4286,0.25,0.125,0.25,8,7
14708,0.1223,0.1151,0.1367,0.1079,0.1367,0.5156,0.4844,0.1439,0.0504,0.1871,139,64
14716,0.0,0.2857,0.0714,0.1429,0.1429,0.2857,0.7143,0.1429,0.0714,0.1429,14,7
14721,0.0882,0.0882,0.0588,0.2353,0.0588,0.7368,0.2632,0.2941,0.0588,0.1176,34,19
14722,0.1447,0.1053,0.1316,0.1579,0.1184,0.5714,0.4286,0.1316,0.0395,0.1711,76,42
14723,0.1786,0.0714,0.0714,0.1429,0.1071,0.6923,0.3077,0.2143,0.0714,0.1429,28,13
14724,0.0,0.2381,0.0476,0.1905,0.0952,0.6111,0.3889,0.2857,0.0,0.1429,21,18
14729,0.1268,0.1127,0.0986,0.2254,0.0282,0.7436,0.2564,0.2958,0.0282,0.0845,71,39
14731,0.1304,0.1739,0.1739,0.1739,0.0,0.6364,0.3636,0.2174,0.0435,0.087,23,11
14735,0.0682,0.1818,0.0,0.0455,0.0455,0.3421,0.6579,0.25,0.0227,0.3864,44,38
14738,0.0909,0.1364,0.1818,0.1818,0.0909,0.5385,0.4615,0.1818,0.0,0.1364,22,13
14740,0.1094,0.1719,0.0625,0.1875,0.0469,0.4706,0.5294,0.2031,0.0469,0.1719,64,34
14747,0.0588,0.1765,0.0588,0.2353,0.0,0.5455,0.4545,0.2941,0.0,0.1765,17,11
14751,0.0,0.25,0.0,0.05,0.2,0.3636,0.6364,0.15,0.1,0.25,20,11
14752,0.1429,0.0714,0.0,0.1429,0.0,0.2222,0.7778,0.1429,0.0,0.5,14,9
14755,0.125,0.25,0.0625,0.0938,0.125,0.4444,0.5556,0.0938,0.0938,0.1562,32,9
14757,0.0,0.2727,0.0,0.0909,0.1818,0.5714,0.4286,0.2727,0.0,0.1818,11,7
14760,0.08,0.12,0.04,0.2,0.08,0.5385,0.4615,0.2,0.08,0.2,25,13
14762,0.069,0.1724,0.1379,0.2069,0.069,0.5714,0.4286,0.1724,0.069,0.1034,29,14
14769,0.0769,0.3077,0.0,0.0769,0.0769,0.5,0.5,0.0769,0.0,0.3846,13,6
14771,0.2381,0.0952,0.1905,0.1429,0.0476,0.7368,0.2632,0.1905,0.0,0.0952,42,19
14774,0.1071,0.1071,0.0714,0.1696,0.125,0.5593,0.4407,0.1696,0.0536,0.1964,112,59
14776,0.0968,0.1613,0.1613,0.1935,0.0323,0.5263,0.4737,0.2581,0.0323,0.0645,31,19
14778,0.2593,0.2222,0.0741,0.2222,0.0,0.5,0.5,0.1111,0.0,0.1111,27,12
14783,0.0,0.1667,0.0,0.2222,0.1111,0.5556,0.4444,0.2222,0.1667,0.1111,18,9
14784,0.0,0.5,0.0,0.0,0.0,0.5,0.5,0.0,0.0,0.5,2,2
14786,0.0667,0.2667,0.0,0.1333,0.1333,0.5,0.5,0.2,0.0667,0.1333,15,6
14789,0.0667,0.0667,0.0667,0.2667,0.0667,0.3636,0.6364,0.2667,0.0667,0.1333,15,11
14794,0.1579,0.0789,0.1316,0.2105,0.0263,0.7059,0.2941,0.2895,0.0789,0.0263,38,17
14796,0.0781,0.1719,0.0312,0.1094,0.0781,0.4211,0.5789,0.2344,0.0312,0.2656,64,57
14799,0.1282,0.1154,0.0641,0.2051,0.1026,0.625,0.375,0.2051,0.0513,0.1282,78,40
14801,0.1296,0.1481,0.0741,0.1667,0.0556,0.5946,0.4054,0.2778,0.0185,0.1296,54,37
14804,0.2143,0.0714,0.0714,0.2143,0.0714,0.6,0.4,0.2857,0.0,0.0714,14,10
14806,0.0741,0.3333,0.037,0.1852,0.0,0.6667,0.3333,0.1852,0.037,0.1481,27,12
14807,0.0,0.125,0.0625,0.0,0.1875,0.25,0.75,0.125,0.0,0.5,16,12
14810,0.12,0.08,0.04,0.12,0.04,0.6667,0.3333,0.24,0.04,0.32,25,15
14814,0.0667,0.0,0.2,0.1333,0.0667,0.8333,0.1667,0.4,0.0,0.1333,15,12
14816,0.0333,0.1667,0.0667,0.1,0.1667,0.3333,0.6667,0.2,0.0333,0.2333,30,15
14820,0.0455,0.0455,0.0455,0.2727,0.0455,0.4545,0.5455,0.2727,0.0455,0.2273,22,11
14821,0.1333,0.2,0.0,0.0667,0.2,0.5,0.5,0.1333,0.1333,0.1333,15,6
14822,0.2353,0.1765,0.1176,0.0588,0.0588,0.625,0.375,0.1765,0.0,0.1765,17,8
14829,0.0,0.0,0.0,0.3333,0.1111,0.4,0.6,0.3333,0.0,0.2222,9,10
14838,0.0,0.2,0.0,0.2,0.1333,0.4444,0.5556,0.1333,0.2,0.1333,15,9
14844,0.069,0.069,0.0517,0.2759,0.0517,0.5,0.5,0.2586,0.0172,0.2069,58,26
14847,0.0455,0.0909,0.0455,0.2727,0.0455,0.6923,0.3077,0.3182,0.0455,0.1364,22,13
14852,0.1111,0.037,0.0741,0.1852,0.0741,0.3333,0.6667,0.1852,0.0741,0.2593,27,15
14861,0.0,0.1429,0.0,0.0,0.0,0.2,0.8,0.1429,0.0,0.7143,7,5
14863,0.0769,0.141,0.0128,0.1923,0.0897,0.54,0.46,0.1795,0.0385,0.2692,78,50
14864,0.0882,0.2059,0.0588,0.2059,0.0588,0.5625,0.4375,0.2353,0.0294,0.1176,34,16
14865,0.0625,0.125,0.0,0.125,0.125,0.4615,0.5385,0.3125,0.125,0.125,16,13
14879,0.0,0.1667,0.0,0.1111,0.1111,0.25,0.75,0.1111,0.0,0.5,18,16
14882,0.0,0.1667,0.0,0.1667,0.0,0.875,0.125,0.3333,0.1667,0.1667,6,8
14887,0.08,0.2,0.0,0.04,0.12,0.375,0.625,0.24,0.04,0.28,25,16
14893,0.125,0.1562,0.0938,0.1562,0.0625,0.35,0.65,0.1562,0.0,0.25,32,20
14898,0.0,0.1667,0.0,0.1667,0.0,1.0,0.0,0.3333,0.3333,0.0,6,3
14899,0.1667,0.0833,0.1667,0.25,0.0833,0.75,0.25,0.1667,0.0,0.0833,12,4
14900,0.1311,0.1639,0.0492,0.1148,0.1148,0.5143,0.4857,0.2295,0.0656,0.1311,61,35
14902,0.0,0.0952,0.0,0.2381,0.0952,0.5385,0.4615,0.3333,0.0476,0.1905,21,13
14904,0.0,0.1,0.1,0.3,0.0,0.5714,0.4286,0.4,0.0,0.1,10,7
14905,0.1852,0.1111,0.1111,0.1111,0.037,0.75,0.25,0.2963,0.0741,0.0741,27,12
14906,0.0732,0.1463,0.0976,0.1707,0.0976,0.4062,0.5938,0.1707,0.0244,0.2195,41,32
14910,0.0,0.2,0.05,0.25,0.1,0.4615,0.5385,0.15,0.05,0.2,20,13
14911,0.0541,0.0811,0.027,0.2973,0.1081,0.48,0.52,0.2703,0.0541,0.1081,37,25
14915,0.0833,0.3333,0.0417,0.1667,0.0,0.4118,0.5882,0.2083,0.0,0.1667,24,17
14920,0.101,0.1515,0.0707,0.1818,0.101,0.4603,0.5397,0.1919,0.0404,0.1616,99,63
14922,0.1111,0.1667,0.0,0.1667,0.1111,0.375,0.625,0.1111,0.1111,0.2222,18,8
14926,0.0455,0.2727,0.0909,0.0909,0.1818,0.3636,0.6364,0.1364,0.0,0.1818,22,11
14931,0.1429,0.1429,0.0,0.2143,0.0,0.5,0.5,0.2143,0.0,0.2857,14,8
14936,0.1154,0.2692,0.0385,0.0769,0.1154,0.4286,0.5714,0.1538,0.0769,0.1538,26,14
14942,0.1091,0.2,0.0545,0.1273,0.0909,0.4667,0.5333,0.1455,0.0364,0.2364,55,30
14948,0.0667,0.2,0.0667,0.0667,0.1333,0.375,0.625,0.2,0.0667,0.2,15,8
14951,0.0417,0.1667,0.0417,0.0417,0.125,0.4667,0.5333,0.2083,0.0417,0.3333,24,15
14954,0.1429,0.0714,0.0714,0.1429,0.0714,0.6667,0.3333,0.2857,0.0714,0.1429,14,6
14969,0.1667,0.0,0.1667,0.1667,0.0,0.5714,0.4286,0.1667,0.0,0.3333,12,7
14973,0.1373,0.1176,0.0784,0.2157,0.0588,0.4615,0.5385,0.2353,0.0196,0.1373,51,26
14975,0.0526,0.1579,0.1053,0.1579,0.2105,0.5385,0.4615,0.1579,0.0526,0.1053,19,13
14977,0.1818,0.1364,0.0909,0.1364,0.0909,0.6667,0.3333,0.2727,0.0,0.0909,22,12
14983,0.08,0.16,0.16,0.16,0.08,0.6923,0.3077,0.28,0.04,0.04,25,13
14984,0.0597,0.194,0.0448,0.0896,0.0896,0.25,0.75,0.0746,0.0597,0.3881,67,52
14988,0.0556,0.2222,0.0556,0.1667,0.1111,0.25,0.75,0.1667,0.0556,0.1667,18,8
14992,0.1429,0.102,0.0612,0.2653,0.0,0.6071,0.3929,0.2653,0.0204,0.1429,49,28
14994,0.1304,0.087,0.087,0.1739,0.0,0.9091,0.0909,0.3478,0.0435,0.1304,23,11
14995,0.12,0.12,0.0,0.24,0.04,0.5,0.5,0.24,0.04,0.2,25,20
14997,0.0769,0.0769,0.0769,0.1538,0.0769,0.7143,0.2857,0.3077,0.0769,0.1538,13,7
15002,0.0,0.3,0.0,0.3,0.1,0.8,0.2,0.2,0.0,0.1,10,5
15003,0.0364,0.2182,0.0545,0.0727,0.2,0.2632,0.7368,0.0909,0.0545,0.2727,55,38
15005,0.1875,0.1562,0.0312,0.1875,0.0312,0.65,0.35,0.25,0.0312,0.125,32,20
15015,0.0877,0.1053,0.0877,0.193,0.1404,0.375,0.625,0.1228,0.0351,0.2281,57,24
15018,0.1154,0.1538,0.0385,0.1923,0.0385,0.5,0.5,0.1923,0.1154,0.1538,26,16
15022,0.2222,0.0556,0.0556,0.1111,0.1111,0.5333,0.4667,0.1111,0.1111,0.2222,18,15
15024,0.08,0.16,0.04,0.08,0.2,0.3333,0.6667,0.16,0.04,0.24,25,18
15025,0.1081,0.1351,0.0811,0.1351,0.1081,0.5217,0.4783,0.2432,0.027,0.1622,37,23
15030,0.0882,0.1618,0.1029,0.1471,0.1176,0.375,0.625,0.1618,0.0441,0.1765,68,40
15031,0.0556,0.1444,0.0444,0.1222,0.1444,0.5091,0.4909,0.2,0.0667,0.2222,90,55
15034,0.0,0.25,0.0,0.0,0.125,0.2,0.8,0.125,0.125,0.375,8,5
15036,0.0625,0.1875,0.0625,0.0625,0.1875,0.25,0.75,0.125,0.0625,0.25,16,12
15041,0.0417,0.125,0.0417,0.25,0.125,0.5455,0.4545,0.25,0.0,0.1667,24,11
15049,0.0444,0.1333,0.0667,0.0889,0.1556,0.4138,0.5862,0.1556,0.0667,0.2889,45,29
15054,0.0435,0.1739,0.0435,0.1304,0.087,0.3846,0.6154,0.1739,0.0435,0.3043,23,13
15058,0.1,0.2,0.1,0.0,0.1,0.3846,0.6154,0.1,0.1,0.3,10,13
15059,0.0476,0.1905,0.0238,0.119,0.1667,0.32,0.68,0.0714,0.0952,0.2857,42,25
15068,0.0656,0.2131,0.0656,0.1148,0.1148,0.3548,0.6452,0.0984,0.0656,0.2623,61,31
15071,0.1111,0.0,0.1111,0.2222,0.0,0.4286,0.5714,0.3333,0.0,0.2222,9,7
15074,0.0455,0.0,0.0455,0.2727,0.0455,0.6429,0.3571,0.4091,0.0455,0.1364,22,14
15076,0.0417,0.2083,0.0833,0.125,0.2083,0.4444,0.5556,0.125,0.0417,0.1667,24,9
15078,0.1475,0.0984,0.1148,0.1148,0.0984,0.5143,0.4857,0.2131,0.0492,0.1639,61,35
15082,0.129,0.0645,0.0968,0.2903,0.0323,0.625,0.375,0.2903,0.0323,0.0645,31,16
15083,0.0476,0.1905,0.0476,0.1429,0.0952,0.5,0.5,0.1429,0.0,0.3333,21,10
15084,0.0849,0.1604,0.0755,0.1509,0.0849,0.6364,0.3636,0.2453,0.066,0.1321,106,55
15088,0.0,0.2326,0.0233,0.1628,0.1163,0.5625,0.4375,0.1628,0.0698,0.2326,43,16
15089,0.1167,0.15,0.05,0.1833,0.1,0.48,0.52,0.15,0.1,0.15,60,25
15090,0.1304,0.1304,0.087,0.2609,0.0435,0.6562,0.3438,0.1739,0.0435,0.1304,46,32
15091,0.0,0.0,0.0588,0.0588,0.0,0.9091,0.0909,0.5882,0.2941,0.0,17,11
15092,0.2,0.2,0.1333,0.2,0.0,0.6,0.4,0.2,0.0,0.0667,15,5
15094,0.1538,0.0,0.2308,0.3077,0.0769,0.6667,0.3333,0.1538,0.0,0.0769,13,9
15100,0.0,0.0,0.0,1.0,0.0,0.1667,0.8333,0.0,0.0,0.0,1,6
15101,0.0714,0.1429,0.0714,0.1429,0.0714,0.5,0.5,0.1429,0.0714,0.2857,14,6
15104,1.0,0.0,0.0,0.0,0.0,1.0,0.0,0.0,0.0,0.0,1,3
15107,0.0,0.1667,0.0833,0.0833,0.1667,0.125,0.875,0.0833,0.0833,0.3333,12,8
15108,0.0,0.0952,0.0952,0.1429,0.0,0.3846,0.6154,0.1905,0.0952,0.381,21,13
15109,0.1724,0.1034,0.069,0.2069,0.069,0.7692,0.2308,0.2069,0.0345,0.1379,29,13
28288,0.1818,0.0909,0.1364,0.1818,0.0455,0.4706,0.5294,0.2273,0.0,0.1364,22,17
28293,0.0882,0.1765,0.0588,0.2059,0.0294,0.4615,0.5385,0.1765,0.0,0.2647,34,13
28294,0.1571,0.1429,0.1,0.1286,0.0571,0.5714,0.4286,0.2714,0.0429,0.1,70,42
28297,0.0706,0.1882,0.0471,0.2353,0.0471,0.4906,0.5094,0.2471,0.0353,0.1294,85,53
28298,0.0312,0.1562,0.0,0.1562,0.1562,0.2069,0.7931,0.125,0.0938,0.2812,32,29
28301,0.12,0.12,0.12,0.16,0.1,0.7368,0.2632,0.22,0.04,0.12,50,19
28302,0.1515,0.1515,0.0606,0.0303,0.1212,0.4643,0.5357,0.1515,0.0303,0.303,33,28
28303,0.1515,0.0909,0.0,0.2121,0.0303,0.4706,0.5294,0.2121,0.0303,0.2727,33,17
28304,0.0625,0.1875,0.0,0.3125,0.125,0.625,0.375,0.1875,0.0,0.125,16,8
28305,0.1156,0.1293,0.1224,0.1633,0.1088,0.5373,0.4627,0.1905,0.0204,0.1497,147,67
28306,0.087,0.1884,0.1014,0.1159,0.1159,0.6129,0.3871,0.1739,0.0435,0.1739,69,31
28311,0.2308,0.0769,0.2308,0.2308,0.0,1.0,0.0,0.2308,0.0,0.0,13,4
28312,0.1429,0.1071,0.1071,0.25,0.0357,0.7368,0.2632,0.25,0.0357,0.0714,28,19
28317,0.0455,0.2273,0.0909,0.0909,0.1364,0.5,0.5,0.1818,0.0455,0.1818,22,12
28321,0.069,0.1379,0.0,0.1724,0.069,0.3636,0.6364,0.2069,0.1724,0.1724,29,22
28323,0.125,0.1667,0.0417,0.0833,0.125,0.2083,0.7917,0.125,0.0417,0.2917,24,24
28329,0.125,0.0833,0.0833,0.125,0.0833,0.3158,0.6842,0.0833,0.0833,0.3333,24,19
28333,0.0667,0.2,0.0667,0.2,0.0,1.0,0.0,0.3333,0.0,0.1333,15,7
28335,0.0833,0.0556,0.0556,0.2778,0.0278,0.7368,0.2632,0.2778,0.0833,0.1389,36,19
28343,0.0222,0.1778,0.0444,0.1111,0.0889,0.5417,0.4583,0.2222,0.0889,0.2444,45,24
28346,0.15,0.075,0.075,0.275,0.025,0.6667,0.3333,0.225,0.05,0.125,40,18
28350,0.087,0.087,0.1739,0.2174,0.087,0.625,0.375,0.1304,0.087,0.1304,23,8
28351,0.0,0.25,0.125,0.0,0.0,0.4,0.6,0.25,0.0,0.375,8,10
28354,0.1707,0.2195,0.122,0.1463,0.0,0.4194,0.5806,0.0976,0.0488,0.1951,41,31
28358,0.1,0.2,0.0,0.1,0.2,0.3333,0.6667,0.1,0.1,0.2,10,6
28365,0.12,0.1733,0.08,0.1467,0.0667,0.4,0.6,0.1467,0.0533,0.2133,75,45
28366,0.0615,0.2769,0.0308,0.1385,0.1231,0.3333,0.6667,0.0923,0.1077,0.1692,65,18
28367,0.0816,0.102,0.0612,0.2449,0.0714,0.5714,0.4286,0.1939,0.051,0.1939,98,56
28368,0.0,0.275,0.0,0.15,0.15,0.3846,0.6154,0.075,0.125,0.225,40,26
28373,0.04,0.16,0.16,0.2,0.08,0.6538,0.3462,0.12,0.08,0.16,25,26
28377,0.098,0.1569,0.0784,0.1569,0.098,0.56,0.44,0.1961,0.0784,0.1373,51,25
28379,0.1429,0.0571,0.1429,0.1143,0.0286,0.5,0.5,0.1714,0.0857,0.2571,35,14
28380,0.0538,0.2385,0.0154,0.1077,0.1692,0.32,0.68,0.1154,0.0692,0.2308,130,75
28381,0.1714,0.1714,0.1714,0.1143,0.0286,0.5455,0.4545,0.2,0.0286,0.1143,35,22
28382,0.1333,0.2,0.0,0.1333,0.0667,0.4,0.6,0.2,0.0667,0.2,15,10
28384,0.1111,0.1818,0.0606,0.1818,0.0808,0.5745,0.4255,0.202,0.0707,0.1111,99,47
28386,0.1463,0.0854,0.0854,0.1098,0.0732,0.4286,0.5714,0.1463,0.0488,0.3049,82,42
28388,0.1591,0.0455,0.1591,0.2273,0.0227,0.4828,0.5172,0.2045,0.0227,0.1591,44,29
28390,0.087,0.087,0.1159,0.1449,0.087,0.6286,0.3714,0.2464,0.0435,0.1884,69,35
28393,0.1129,0.129,0.0806,0.2258,0.0806,0.6333,0.3667,0.1935,0.0161,0.1613,62,30
28399,0.069,0.1724,0.0805,0.1494,0.069,0.5,0.5,0.2184,0.023,0.2184,87,54
28402,0.0882,0.2059,0.0294,0.1176,0.0882,0.5,0.5,0.2353,0.0294,0.2059,34,22
28403,0.1429,0.0476,0.1429,0.3333,0.0,0.8889,0.1111,0.2857,0.0,0.0476,21,9
28405,0.0741,0.2222,0.0,0.1667,0.1296,0.4074,0.5926,0.1296,0.0,0.2778,54,27
28410,0.0294,0.1471,0.0588,0.0588,0.1471,0.5455,0.4545,0.2353,0.1176,0.2059,34,22
28413,0.1,0.15,0.05,0.1,0.05,0.4375,0.5625,0.25,0.0,0.3,20,16
28414,0.2029,0.1014,0.1159,0.1884,0.1014,0.4444,0.5556,0.1739,0.0145,0.1014,69,36
28417,0.2,0.08,0.16,0.28,0.0,0.8333,0.1667,0.24,0.0,0.04,25,12
28419,0.0392,0.1765,0.0588,0.1176,0.098,0.4167,0.5833,0.1765,0.1176,0.2157,51,24
28420,0.3333,0.0952,0.0476,0.1905,0.0476,0.8,0.2,0.1905,0.0476,0.0476,21,10
28425,0.0625,0.1875,0.0625,0.1875,0.125,0.2857,0.7143,0.125,0.0625,0.1875,16,7
28427,0.1053,0.1789,0.0947,0.1263,0.0947,0.3623,0.6377,0.1684,0.0737,0.1579,95,69
28429,0.0968,0.0323,0.0,0.1935,0.1935,0.4667,0.5333,0.1613,0.0323,0.2903,31,15
28430,0.0,0.0,0.0556,0.1667,0.1667,0.3333,0.6667,0.1667,0.1667,0.2778,18,12
28432,0.1845,0.0971,0.1165,0.1845,0.0388,0.678,0.322,0.2039,0.0291,0.1456,103,59
28435,0.2105,0.0,0.1053,0.2105,0.0526,0.6667,0.3333,0.2632,0.0,0.1579,19,12
28440,0.1951,0.0976,0.0,0.3171,0.0244,0.7,0.3,0.2195,0.0244,0.122,41,20
28441,0.0857,0.1714,0.0571,0.1714,0.0857,0.5,0.5,0.2,0.0857,0.1429,35,18
28442,0.101,0.1212,0.0707,0.202,0.1111,0.5,0.5,0.1818,0.0404,0.1717,99,54
28445,0.0667,0.0667,0.0667,0.0667,0.1333,0.25,0.75,0.0667,0.0667,0.4667,15,12
28447,0.0526,0.1579,0.0,0.1579,0.0526,0.6,0.4,0.2632,0.0,0.3158,19,10
28448,0.2,0.0,0.0667,0.2667,0.0,0.7778,0.2222,0.2667,0.0,0.2,15,9
28450,0.0789,0.1316,0.0526,0.1316,0.1053,0.36,0.64,0.2368,0.0,0.2632,38,25
28454,0.0513,0.2308,0.0,0.0,0.1795,0.2273,0.7727,0.1026,0.0769,0.359,39,22
28455,0.0,0.24,0.08,0.08,0.2,0.4615,0.5385,0.12,0.0,0.28,25,13
28456,0.0323,0.129,0.0645,0.129,0.1613,0.4706,0.5294,0.1935,0.0323,0.2581,31,17
28458,0.1207,0.1379,0.069,0.1552,0.1207,0.4412,0.5588,0.1724,0.0172,0.2069,58,34
28459,0.1304,0.087,0.087,0.1522,0.087,0.4194,0.5806,0.1957,0.087,0.1739,46,31
28465,0.1333,0.1667,0.0667,0.1333,0.1,0.5,0.5,0.0667,0.2,0.1333,30,14
28469,0.1556,0.1333,0.0667,0.2,0.0444,0.48,0.52,0.2,0.0222,0.1778,45,25
28470,0.0556,0.2222,0.1111,0.1111,0.1111,0.7,0.3,0.2778,0.0,0.1111,18,10
28475,0.0976,0.0488,0.0732,0.2195,0.0976,0.4286,0.5714,0.1707,0.122,0.1707,41,21
28476,0.0769,0.1346,0.0769,0.2115,0.0769,0.7,0.3,0.2885,0.0385,0.0962,52,30
28481,0.0811,0.1892,0.027,0.2973,0.0541,0.4848,0.5152,0.1892,0.027,0.1351,37,33
28484,0.0702,0.1404,0.1404,0.1579,0.0877,0.5,0.5,0.1228,0.0175,0.2632,57,28
28486,0.1124,0.1573,0.0674,0.1461,0.1348,0.4706,0.5294,0.1685,0.0562,0.1573,89,51
28488,0.2143,0.1429,0.1429,0.0714,0.1429,0.5,0.5,0.1429,0.0,0.1429,14,6
28495,0.1333,0.1333,0.0,0.2,0.0,0.5333,0.4667,0.4,0.0,0.1333,15,15
28496,0.1053,0.1316,0.1053,0.1579,0.1053,0.4211,0.5789,0.1053,0.0526,0.2368,38,19
28499,0.1304,0.1087,0.087,0.1957,0.087,0.5385,0.4615,0.1957,0.0435,0.1522,46,26
28501,0.125,0.1562,0.1094,0.1875,0.0469,0.6667,0.3333,0.1719,0.0469,0.1562,64,30
28502,0.1364,0.1818,0.0455,0.1818,0.0,0.4118,0.5882,0.2727,0.0909,0.0909,22,17
28505,0.1538,0.0,0.1538,0.2308,0.0,0.5,0.5,0.2308,0.0,0.2308,13,8
28509,0.0556,0.1667,0.0556,0.2222,0.0556,0.5,0.5,0.1667,0.0,0.2778,18,12
28514,0.0645,0.1613,0.0323,0.1935,0.129,0.4286,0.5714,0.1613,0.0323,0.2258,31,14
28516,0.0755,0.2075,0.0943,0.1509,0.1509,0.4,0.6,0.1509,0.0189,0.1509,53,20
28517,0.0556,0.1667,0.0,0.2222,0.1111,0.3,0.7,0.2222,0.1667,0.0556,18,10
28519,0.12,0.12,0.0667,0.2133,0.0533,0.625,0.375,0.2267,0.04,0.16,75,40
28522,0.0,0.0,0.0,0.3333,0.0,0.5556,0.4444,0.3333,0.0833,0.25,12,9
28523,0.0862,0.1552,0.0345,0.2414,0.0345,0.6667,0.3333,0.2759,0.0345,0.1379,58,30
28526,0.1667,0.0278,0.1667,0.1944,0.0278,0.5556,0.4444,0.1944,0.0556,0.1667,36,18
28529,0.0385,0.1154,0.0385,0.1154,0.1154,0.4444,0.5556,0.2308,0.0385,0.3077,26,18
28531,0.0769,0.3077,0.0769,0.1923,0.0,0.3913,0.6087,0.1923,0.0769,0.0769,26,23
28532,0.0417,0.3333,0.0833,0.125,0.1667,0.3889,0.6111,0.125,0.0417,0.0833,24,18
28535,0.0233,0.3488,0.0233,0.0698,0.1395,0.3462,0.6538,0.0465,0.0465,0.3023,43,26
28536,0.0879,0.1429,0.0769,0.1978,0.0879,0.6552,0.3448,0.2308,0.0659,0.1099,91,29
28547,0.1692,0.0923,0.0154,0.2462,0.0615,0.6552,0.3448,0.2462,0.0769,0.0923,65,29
28550,0.0,0.2308,0.0,0.1538,0.1538,0.4444,0.5556,0.0769,0.0769,0.3077,13,9
28554,0.1605,0.0988,0.1358,0.1728,0.037,0.5208,0.4792,0.1852,0.0,0.2099,81,48
28557,0.0645,0.2258,0.0323,0.2581,0.0645,0.6667,0.3333,0.129,0.0323,0.1935,31,12
28559,0.1429,0.0714,0.0714,0.2857,0.0,0.4286,0.5714,0.2857,0.0,0.1429,14,7
28565,0.125,0.125,0.25,0.125,0.0625,0.75,0.25,0.1562,0.0625,0.0938,32,12
28569,0.125,0.0625,0.0938,0.1875,0.125,0.4737,0.5263,0.25,0.0,0.1562,32,19
28571,0.0625,0.0833,0.0625,0.1458,0.1875,0.5172,0.4828,0.1875,0.0625,0.2083,48,29
28574,0.125,0.1562,0.1562,0.1875,0.0312,0.7647,0.2353,0.2188,0.0312,0.0938,32,17
28579,0.0667,0.3333,0.0,0.1333,0.2,0.2727,0.7273,0.0,0.2,0.0667,15,11
28580,0.0667,0.3333,0.0,0.1333,0.2,0.2727,0.7273,0.0,0.2,0.0667,15,11
28584,0.0968,0.0968,0.0645,0.1935,0.0323,0.4444,0.5556,0.1613,0.0323,0.3226,31,18
28586,0.15,0.15,0.05,0.2,0.1,0.3846,0.6154,0.2,0.05,0.1,20,13
28589,0.0417,0.0833,0.0,0.3333,0.125,0.5385,0.4615,0.2083,0.0417,0.1667,24,13
28593,0.1667,0.1296,0.0741,0.1852,0.0556,0.6957,0.3043,0.2037,0.0185,0.1667,54,23
28599,0.12,0.08,0.04,0.28,0.04,0.6667,0.3333,0.28,0.04,0.12,25,15
28602,0.1,0.1,0.04,0.18,0.1,0.5152,0.4848,0.3,0.0,0.18,50,33
28604,0.0333,0.2333,0.0333,0.1333,0.1333,0.3333,0.6667,0.2,0.0,0.2333,30,18
28606,0.1765,0.0,0.0588,0.2941,0.0,0.875,0.125,0.4118,0.0588,0.0,17,8
28612,0.1,0.15,0.09,0.13,0.12,0.3816,0.6184,0.15,0.03,0.23,100,76
28615,0.0714,0.1429,0.0918,0.1327,0.102,0.58,0.42,0.2041,0.0612,0.1939,98,50
28617,0.08,0.1467,0.0667,0.1867,0.0667,0.5833,0.4167,0.24,0.0533,0.16,75,36
28618,0.0984,0.1311,0.0656,0.1475,0.0984,0.383,0.617,0.1967,0.0492,0.2131,61,47
28621,0.0233,0.2093,0.0,0.1628,0.0698,0.4074,0.5926,0.2558,0.0698,0.2093,43,27
28624,0.0968,0.129,0.1935,0.129,0.129,0.5714,0.4286,0.0968,0.0645,0.1613,31,14
