0,"[[{'label': 'not depression', 'score': 0.5684686303138733}, {'label': 'moderate', 'score': 0.23660454154014587}, {'label': 'severe', 'score': 0.19492679834365845}]]"
6,"[[{'label': 'not depression', 'score': 0.44283363223075867}, {'label': 'severe', 'score': 0.4343286156654358}, {'label': 'moderate', 'score': 0.12283768504858017}]]"
29,"[[{'label': 'not depression', 'score': 0.8852855563163757}, {'label': 'moderate', 'score': 0.08330453932285309}, {'label': 'severe', 'score': 0.03140990063548088}]]"
31,"[[{'label': 'not depression', 'score': 0.3637683689594269}, {'label': 'severe', 'score': 0.3227262496948242}, {'label': 'moderate', 'score': 0.3135053515434265}]]"
34,"[[{'label': 'not depression', 'score': 0.7922260165214539}, {'label': 'moderate', 'score': 0.18040113151073456}, {'label': 'severe', 'score': 0.02737286686897278}]]"
35,"[[{'label': 'not depression', 'score': 0.9603772163391113}, {'label': 'moderate', 'score': 0.03077816776931286}, {'label': 'severe', 'score': 0.008844573982059956}]]"
47,"[[{'label': 'moderate', 'score': 0.5823061466217041}, {'label': 'not depression', 'score': 0.30205100774765015}, {'label': 'severe', 'score': 0.11564281582832336}]]"
49,"[[{'label': 'severe', 'score': 0.494618684053421}, {'label': 'moderate', 'score': 0.33228808641433716}, {'label': 'not depression', 'score': 0.1730932593345642}]]"
54,"[[{'label': 'not depression', 'score': 0.8906969428062439}, {'label': 'moderate', 'score': 0.09906715154647827}, {'label': 'severe', 'score': 0.010235910303890705}]]"
64,"[[{'label': 'moderate', 'score': 0.3678721487522125}, {'label': 'not depression', 'score': 0.3569375276565552}, {'label': 'severe', 'score': 0.27519023418426514}]]"
75,"[[{'label': 'moderate', 'score': 0.6131004691123962}, {'label': 'not depression', 'score': 0.20356963574886322}, {'label': 'severe', 'score': 0.18332995474338531}]]"
82,"[[{'label': 'severe', 'score': 0.5670356750488281}, {'label': 'moderate', 'score': 0.3151038587093353}, {'label': 'not depression', 'score': 0.11786045134067535}]]"
110,"[[{'label': 'not depression', 'score': 0.8717675805091858}, {'label': 'moderate', 'score': 0.1148066520690918}, {'label': 'severe', 'score': 0.013425774872303009}]]"
111,"[[{'label': 'moderate', 'score': 0.5140652060508728}, {'label': 'not depression', 'score': 0.3493685722351074}, {'label': 'severe', 'score': 0.1365661770105362}]]"
124,"[[{'label': 'severe', 'score': 0.46694737672805786}, {'label': 'moderate', 'score': 0.38506579399108887}, {'label': 'not depression', 'score': 0.14798682928085327}]]"
129,"TRUNCATED[[{'label': 'moderate', 'score': 0.4564427435398102}, {'label': 'not depression', 'score': 0.3525390625}, {'label': 'severe', 'score': 0.19101819396018982}]]"
137,"[[{'label': 'not depression', 'score': 0.891293466091156}, {'label': 'moderate', 'score': 0.10104663670063019}, {'label': 'severe', 'score': 0.00765989301726222}]]"
143,"[[{'label': 'not depression', 'score': 0.8371725678443909}, {'label': 'severe', 'score': 0.09377794712781906}, {'label': 'moderate', 'score': 0.06904955208301544}]]"
144,"[[{'label': 'not depression', 'score': 0.8885206580162048}, {'label': 'moderate', 'score': 0.09521341323852539}, {'label': 'severe', 'score': 0.016265911981463432}]]"
150,"[[{'label': 'not depression', 'score': 0.4448680579662323}, {'label': 'moderate', 'score': 0.3108643591403961}, {'label': 'severe', 'score': 0.24426764249801636}]]"
160,"[[{'label': 'not depression', 'score': 0.6767075061798096}, {'label': 'moderate', 'score': 0.2652094066143036}, {'label': 'severe', 'score': 0.058083053678274155}]]"
168,"[[{'label': 'not depression', 'score': 0.5956417918205261}, {'label': 'moderate', 'score': 0.21386469900608063}, {'label': 'severe', 'score': 0.19049355387687683}]]"
172,"[[{'label': 'severe', 'score': 0.4470269978046417}, {'label': 'moderate', 'score': 0.38786303997039795}, {'label': 'not depression', 'score': 0.16510999202728271}]]"
178,"[[{'label': 'not depression', 'score': 0.9080276489257812}, {'label': 'moderate', 'score': 0.08198361843824387}, {'label': 'severe', 'score': 0.009988809935748577}]]"
184,"[[{'label': 'severe', 'score': 0.4992951452732086}, {'label': 'not depression', 'score': 0.3412351608276367}, {'label': 'moderate', 'score': 0.1594696193933487}]]"
190,"[[{'label': 'severe', 'score': 0.5664777159690857}, {'label': 'moderate', 'score': 0.35814669728279114}, {'label': 'not depression', 'score': 0.07537558674812317}]]"
191,"[[{'label': 'not depression', 'score': 0.38047486543655396}, {'label': 'severe', 'score': 0.345215767621994}, {'label': 'moderate', 'score': 0.27430930733680725}]]"
201,"[[{'label': 'severe', 'score': 0.3987341821193695}, {'label': 'not depression', 'score': 0.30964183807373047}, {'label': 'moderate', 'score': 0.2916239798069}]]"
212,"TRUNCATED[[{'label': 'severe', 'score': 0.7218388915061951}, {'label': 'moderate', 'score': 0.18891523778438568}, {'label': 'not depression', 'score': 0.08924584835767746}]]"
217,"[[{'label': 'moderate', 'score': 0.5623523592948914}, {'label': 'not depression', 'score': 0.36731258034706116}, {'label': 'severe', 'score': 0.07033509761095047}]]"
221,"[[{'label': 'severe', 'score': 0.8872645497322083}, {'label': 'moderate', 'score': 0.08756879717111588}, {'label': 'not depression', 'score': 0.02516661211848259}]]"
228,"[[{'label': 'severe', 'score': 0.6615946888923645}, {'label': 'not depression', 'score': 0.19607433676719666}, {'label': 'moderate', 'score': 0.14233098924160004}]]"
229,"TRUNCATED[[{'label': 'severe', 'score': 0.6156885623931885}, {'label': 'moderate', 'score': 0.3397633135318756}, {'label': 'not depression', 'score': 0.04454805701971054}]]"
234,"[[{'label': 'not depression', 'score': 0.9106609225273132}, {'label': 'moderate', 'score': 0.054370682686567307}, {'label': 'severe', 'score': 0.03496835008263588}]]"
254,"[[{'label': 'not depression', 'score': 0.8457517027854919}, {'label': 'moderate', 'score': 0.12521106004714966}, {'label': 'severe', 'score': 0.029037201777100563}]]"
260,"[[{'label': 'moderate', 'score': 0.4048122763633728}, {'label': 'not depression', 'score': 0.3983627259731293}, {'label': 'severe', 'score': 0.1968250274658203}]]"
264,"[[{'label': 'not depression', 'score': 0.8872313499450684}, {'label': 'moderate', 'score': 0.09182841330766678}, {'label': 'severe', 'score': 0.020940296351909637}]]"
274,"[[{'label': 'not depression', 'score': 0.4944766163825989}, {'label': 'moderate', 'score': 0.27689141035079956}, {'label': 'severe', 'score': 0.22863198816776276}]]"
278,"TRUNCATED[[{'label': 'severe', 'score': 0.8823904395103455}, {'label': 'moderate', 'score': 0.0882425382733345}, {'label': 'not depression', 'score': 0.029367055743932724}]]"
280,"[[{'label': 'not depression', 'score': 0.7983828186988831}, {'label': 'moderate', 'score': 0.17413756251335144}, {'label': 'severe', 'score': 0.02747967466711998}]]"
285,"[[{'label': 'severe', 'score': 0.5782306790351868}, {'label': 'moderate', 'score': 0.23055849969387054}, {'label': 'not depression', 'score': 0.19121086597442627}]]"
290,"[[{'label': 'severe', 'score': 0.9105581641197205}, {'label': 'moderate', 'score': 0.06773021072149277}, {'label': 'not depression', 'score': 0.02171165868639946}]]"
296,"[[{'label': 'severe', 'score': 0.863585889339447}, {'label': 'moderate', 'score': 0.10644807666540146}, {'label': 'not depression', 'score': 0.02996608056128025}]]"
298,"TRUNCATED[[{'label': 'severe', 'score': 0.5103439092636108}, {'label': 'moderate', 'score': 0.3865046799182892}, {'label': 'not depression', 'score': 0.103151336312294}]]"
300,"[[{'label': 'moderate', 'score': 0.45102769136428833}, {'label': 'not depression', 'score': 0.32431119680404663}, {'label': 'severe', 'score': 0.22466111183166504}]]"
305,"[[{'label': 'not depression', 'score': 0.8111225366592407}, {'label': 'moderate', 'score': 0.176855206489563}, {'label': 'severe', 'score': 0.012022280134260654}]]"
307,"[[{'label': 'not depression', 'score': 0.3987654447555542}, {'label': 'severe', 'score': 0.32418161630630493}, {'label': 'moderate', 'score': 0.27705293893814087}]]"
310,"[[{'label': 'severe', 'score': 0.4230044484138489}, {'label': 'moderate', 'score': 0.34418532252311707}, {'label': 'not depression', 'score': 0.23281021416187286}]]"
312,"[[{'label': 'not depression', 'score': 0.6426321268081665}, {'label': 'moderate', 'score': 0.2889310419559479}, {'label': 'severe', 'score': 0.06843686103820801}]]"
314,"[[{'label': 'severe', 'score': 0.9288109540939331}, {'label': 'moderate', 'score': 0.05368000268936157}, {'label': 'not depression', 'score': 0.01750902831554413}]]"
317,"TRUNCATED[[{'label': 'severe', 'score': 0.5194549560546875}, {'label': 'moderate', 'score': 0.26660171151161194}, {'label': 'not depression', 'score': 0.21394328773021698}]]"
318,"[[{'label': 'severe', 'score': 0.5865111351013184}, {'label': 'not depression', 'score': 0.2071245312690735}, {'label': 'moderate', 'score': 0.20636433362960815}]]"
328,"[[{'label': 'not depression', 'score': 0.539837121963501}, {'label': 'moderate', 'score': 0.35738271474838257}, {'label': 'severe', 'score': 0.10278020799160004}]]"
329,"TRUNCATED[[{'label': 'not depression', 'score': 0.6578429341316223}, {'label': 'moderate', 'score': 0.21823789179325104}, {'label': 'severe', 'score': 0.12391913682222366}]]"
330,"[[{'label': 'moderate', 'score': 0.46511486172676086}, {'label': 'not depression', 'score': 0.4637492299079895}, {'label': 'severe', 'score': 0.07113587856292725}]]"
331,"[[{'label': 'severe', 'score': 0.5294842720031738}, {'label': 'moderate', 'score': 0.2806442677974701}, {'label': 'not depression', 'score': 0.1898714303970337}]]"
339,"TRUNCATED[[{'label': 'moderate', 'score': 0.5841733813285828}, {'label': 'not depression', 'score': 0.31205782294273376}, {'label': 'severe', 'score': 0.10376880317926407}]]"
341,"[[{'label': 'not depression', 'score': 0.6459858417510986}, {'label': 'moderate', 'score': 0.24191389977931976}, {'label': 'severe', 'score': 0.11210029572248459}]]"
345,"TRUNCATED[[{'label': 'not depression', 'score': 0.7591583728790283}, {'label': 'moderate', 'score': 0.2011784017086029}, {'label': 'severe', 'score': 0.039663247764110565}]]"
348,"[[{'label': 'not depression', 'score': 0.5745687484741211}, {'label': 'moderate', 'score': 0.21368466317653656}, {'label': 'severe', 'score': 0.21174658834934235}]]"
349,"[[{'label': 'moderate', 'score': 0.42303165793418884}, {'label': 'not depression', 'score': 0.2966702878475189}, {'label': 'severe', 'score': 0.2802980840206146}]]"
351,"[[{'label': 'not depression', 'score': 0.9340373277664185}, {'label': 'moderate', 'score': 0.04585142806172371}, {'label': 'severe', 'score': 0.020111218094825745}]]"
379,"[[{'label': 'moderate', 'score': 0.489196240901947}, {'label': 'not depression', 'score': 0.38541916012763977}, {'label': 'severe', 'score': 0.12538458406925201}]]"
389,"[[{'label': 'not depression', 'score': 0.7287728190422058}, {'label': 'moderate', 'score': 0.2130609154701233}, {'label': 'severe', 'score': 0.05816631391644478}]]"
401,"[[{'label': 'severe', 'score': 0.3928626775741577}, {'label': 'moderate', 'score': 0.34746137261390686}, {'label': 'not depression', 'score': 0.2596759498119354}]]"
413,"[[{'label': 'not depression', 'score': 0.7320924401283264}, {'label': 'moderate', 'score': 0.22730430960655212}, {'label': 'severe', 'score': 0.04060330241918564}]]"
425,"[[{'label': 'not depression', 'score': 0.4638810455799103}, {'label': 'moderate', 'score': 0.3457925617694855}, {'label': 'severe', 'score': 0.19032631814479828}]]"
428,"[[{'label': 'severe', 'score': 0.6297973990440369}, {'label': 'moderate', 'score': 0.24110516905784607}, {'label': 'not depression', 'score': 0.12909744679927826}]]"
434,"TRUNCATED[[{'label': 'not depression', 'score': 0.5958125591278076}, {'label': 'moderate', 'score': 0.3345622718334198}, {'label': 'severe', 'score': 0.06962522864341736}]]"
435,"[[{'label': 'severe', 'score': 0.747611403465271}, {'label': 'moderate', 'score': 0.1931033879518509}, {'label': 'not depression', 'score': 0.05928521230816841}]]"
471,"[[{'label': 'moderate', 'score': 0.37448257207870483}, {'label': 'severe', 'score': 0.3168701231479645}, {'label': 'not depression', 'score': 0.3086473345756531}]]"
494,"[[{'label': 'not depression', 'score': 0.7246259450912476}, {'label': 'moderate', 'score': 0.19404441118240356}, {'label': 'severe', 'score': 0.08132969588041306}]]"
495,"[[{'label': 'severe', 'score': 0.741232693195343}, {'label': 'moderate', 'score': 0.19804532825946808}, {'label': 'not depression', 'score': 0.0607219897210598}]]"
498,"[[{'label': 'not depression', 'score': 0.8039092421531677}, {'label': 'moderate', 'score': 0.165284663438797}, {'label': 'severe', 'score': 0.030806099995970726}]]"
507,"[[{'label': 'not depression', 'score': 0.4241108000278473}, {'label': 'moderate', 'score': 0.34622922539711}, {'label': 'severe', 'score': 0.22965997457504272}]]"
519,"[[{'label': 'moderate', 'score': 0.37863925099372864}, {'label': 'not depression', 'score': 0.3191576898097992}, {'label': 'severe', 'score': 0.3022030293941498}]]"
528,"[[{'label': 'not depression', 'score': 0.5410938858985901}, {'label': 'moderate', 'score': 0.4098461866378784}, {'label': 'severe', 'score': 0.04905990883708}]]"
529,"[[{'label': 'not depression', 'score': 0.919601559638977}, {'label': 'moderate', 'score': 0.06973847001791}, {'label': 'severe', 'score': 0.010659991763532162}]]"
533,"TRUNCATED[[{'label': 'severe', 'score': 0.4493672847747803}, {'label': 'not depression', 'score': 0.3251875042915344}, {'label': 'moderate', 'score': 0.22544518113136292}]]"
556,"[[{'label': 'not depression', 'score': 0.48377564549446106}, {'label': 'severe', 'score': 0.32316115498542786}, {'label': 'moderate', 'score': 0.1930631548166275}]]"
557,"[[{'label': 'not depression', 'score': 0.6726816296577454}, {'label': 'moderate', 'score': 0.29403701424598694}, {'label': 'severe', 'score': 0.033281389623880386}]]"
565,"[[{'label': 'severe', 'score': 0.5546777248382568}, {'label': 'moderate', 'score': 0.27144670486450195}, {'label': 'not depression', 'score': 0.17387555539608002}]]"
567,"TRUNCATED[[{'label': 'not depression', 'score': 0.9135718941688538}, {'label': 'moderate', 'score': 0.08202088624238968}, {'label': 'severe', 'score': 0.004407232627272606}]]"
569,"[[{'label': 'moderate', 'score': 0.40503615140914917}, {'label': 'not depression', 'score': 0.3463626503944397}, {'label': 'severe', 'score': 0.24860118329524994}]]"
571,"[[{'label': 'moderate', 'score': 0.490929514169693}, {'label': 'not depression', 'score': 0.4613347351551056}, {'label': 'severe', 'score': 0.04773574322462082}]]"
578,"[[{'label': 'not depression', 'score': 0.8189380168914795}, {'label': 'moderate', 'score': 0.17070496082305908}, {'label': 'severe', 'score': 0.010356996208429337}]]"
584,"[[{'label': 'not depression', 'score': 0.8774682879447937}, {'label': 'moderate', 'score': 0.1076100692152977}, {'label': 'severe', 'score': 0.014921624213457108}]]"
588,"[[{'label': 'not depression', 'score': 0.9097791910171509}, {'label': 'moderate', 'score': 0.07674698531627655}, {'label': 'severe', 'score': 0.013473853468894958}]]"
589,"[[{'label': 'not depression', 'score': 0.8842227458953857}, {'label': 'moderate', 'score': 0.109585240483284}, {'label': 'severe', 'score': 0.006191972177475691}]]"
594,"[[{'label': 'not depression', 'score': 0.48761531710624695}, {'label': 'moderate', 'score': 0.31988954544067383}, {'label': 'severe', 'score': 0.19249515235424042}]]"
596,"[[{'label': 'moderate', 'score': 0.3653814196586609}, {'label': 'severe', 'score': 0.3248613178730011}, {'label': 'not depression', 'score': 0.309757262468338}]]"
597,"[[{'label': 'moderate', 'score': 0.4568527042865753}, {'label': 'not depression', 'score': 0.28994038701057434}, {'label': 'severe', 'score': 0.25320687890052795}]]"
599,"[[{'label': 'not depression', 'score': 0.6217665076255798}, {'label': 'moderate', 'score': 0.27085545659065247}, {'label': 'severe', 'score': 0.1073780506849289}]]"
600,"[[{'label': 'not depression', 'score': 0.6917408108711243}, {'label': 'moderate', 'score': 0.2394847422838211}, {'label': 'severe', 'score': 0.06877441704273224}]]"
604,"TRUNCATED[[{'label': 'not depression', 'score': 0.5714573860168457}, {'label': 'moderate', 'score': 0.24062997102737427}, {'label': 'severe', 'score': 0.1879126876592636}]]"
605,"TRUNCATED[[{'label': 'severe', 'score': 0.8979288935661316}, {'label': 'moderate', 'score': 0.06568767875432968}, {'label': 'not depression', 'score': 0.036383431404829025}]]"
616,"[[{'label': 'severe', 'score': 0.5464959740638733}, {'label': 'moderate', 'score': 0.2498251497745514}, {'label': 'not depression', 'score': 0.20367887616157532}]]"
620,"[[{'label': 'not depression', 'score': 0.5169767141342163}, {'label': 'moderate', 'score': 0.4229534864425659}, {'label': 'severe', 'score': 0.06006976589560509}]]"
623,"[[{'label': 'not depression', 'score': 0.7789571285247803}, {'label': 'moderate', 'score': 0.14758437871932983}, {'label': 'severe', 'score': 0.07345843315124512}]]"
627,"[[{'label': 'severe', 'score': 0.46607136726379395}, {'label': 'moderate', 'score': 0.3530450761318207}, {'label': 'not depression', 'score': 0.18088354170322418}]]"
636,"[[{'label': 'not depression', 'score': 0.5976894497871399}, {'label': 'moderate', 'score': 0.32852253317832947}, {'label': 'severe', 'score': 0.07378800958395004}]]"
638,"[[{'label': 'not depression', 'score': 0.4864153265953064}, {'label': 'moderate', 'score': 0.40084484219551086}, {'label': 'severe', 'score': 0.11273977160453796}]]"
639,"[[{'label': 'severe', 'score': 0.8943360447883606}, {'label': 'moderate', 'score': 0.06027951464056969}, {'label': 'not depression', 'score': 0.04538446292281151}]]"
644,"[[{'label': 'moderate', 'score': 0.4228810667991638}, {'label': 'not depression', 'score': 0.3987281024456024}, {'label': 'severe', 'score': 0.17839078605175018}]]"
659,"[[{'label': 'severe', 'score': 0.4791962206363678}, {'label': 'moderate', 'score': 0.28742775321006775}, {'label': 'not depression', 'score': 0.23337596654891968}]]"
669,"[[{'label': 'not depression', 'score': 0.6988978981971741}, {'label': 'moderate', 'score': 0.22171804308891296}, {'label': 'severe', 'score': 0.07938406616449356}]]"
676,"[[{'label': 'moderate', 'score': 0.40225082635879517}, {'label': 'not depression', 'score': 0.30865684151649475}, {'label': 'severe', 'score': 0.28909236192703247}]]"
680,"[[{'label': 'not depression', 'score': 0.5943507552146912}, {'label': 'moderate', 'score': 0.3394325375556946}, {'label': 'severe', 'score': 0.06621674448251724}]]"
683,"[[{'label': 'moderate', 'score': 0.44491490721702576}, {'label': 'severe', 'score': 0.32242074608802795}, {'label': 'not depression', 'score': 0.2326643466949463}]]"
14687,"TRUNCATED[[{'label': 'moderate', 'score': 0.617727518081665}, {'label': 'severe', 'score': 0.25103461742401123}, {'label': 'not depression', 'score': 0.13123784959316254}]]"
14706,"[[{'label': 'moderate', 'score': 0.8296405673027039}, {'label': 'not depression', 'score': 0.1534309834241867}, {'label': 'severe', 'score': 0.016928477212786674}]]"
14708,"TRUNCATED[[{'label': 'moderate', 'score': 0.5842286348342896}, {'label': 'not depression', 'score': 0.2902238070964813}, {'label': 'severe', 'score': 0.12554754316806793}]]"
14716,"[[{'label': 'not depression', 'score': 0.9059333205223083}, {'label': 'moderate', 'score': 0.06596386432647705}, {'label': 'severe', 'score': 0.028102867305278778}]]"
14721,"[[{'label': 'severe', 'score': 0.4555838406085968}, {'label': 'moderate', 'score': 0.33935073018074036}, {'label': 'not depression', 'score': 0.20506544411182404}]]"
14722,"[[{'label': 'moderate', 'score': 0.48273801803588867}, {'label': 'not depression', 'score': 0.26158246397972107}, {'label': 'severe', 'score': 0.25567957758903503}]]"
14723,"[[{'label': 'not depression', 'score': 0.5821157097816467}, {'label': 'moderate', 'score': 0.3729896545410156}, {'label': 'severe', 'score': 0.04489462450146675}]]"
14724,"[[{'label': 'not depression', 'score': 0.44107770919799805}, {'label': 'moderate', 'score': 0.3903052806854248}, {'label': 'severe', 'score': 0.16861696541309357}]]"
14729,"[[{'label': 'severe', 'score': 0.6233937740325928}, {'label': 'moderate', 'score': 0.2959533631801605}, {'label': 'not depression', 'score': 0.08065280318260193}]]"
14731,"[[{'label': 'not depression', 'score': 0.49231937527656555}, {'label': 'moderate', 'score': 0.3334524631500244}, {'label': 'severe', 'score': 0.17422817647457123}]]"
14735,"[[{'label': 'not depression', 'score': 0.6142426133155823}, {'label': 'moderate', 'score': 0.2716171443462372}, {'label': 'severe', 'score': 0.11414024233818054}]]"
14738,"[[{'label': 'severe', 'score': 0.6065893769264221}, {'label': 'moderate', 'score': 0.2288099229335785}, {'label': 'not depression', 'score': 0.1646006554365158}]]"
14740,"[[{'label': 'severe', 'score': 0.5122836232185364}, {'label': 'moderate', 'score': 0.3240493834018707}, {'label': 'not depression', 'score': 0.16366703808307648}]]"
14747,"[[{'label': 'not depression', 'score': 0.40463754534721375}, {'label': 'severe', 'score': 0.36398500204086304}, {'label': 'moderate', 'score': 0.23137745261192322}]]"
14751,"[[{'label': 'not depression', 'score': 0.42145776748657227}, {'label': 'moderate', 'score': 0.3692450225353241}, {'label': 'severe', 'score': 0.20929716527462006}]]"
14752,"[[{'label': 'not depression', 'score': 0.8669754266738892}, {'label': 'moderate', 'score': 0.11062009632587433}, {'label': 'severe', 'score': 0.022404447197914124}]]"
14755,"[[{'label': 'severe', 'score': 0.7922064661979675}, {'label': 'moderate', 'score': 0.1307498961687088}, {'label': 'not depression', 'score': 0.0770435705780983}]]"
14757,"[[{'label': 'not depression', 'score': 0.6108536124229431}, {'label': 'moderate', 'score': 0.267261803150177}, {'label': 'severe', 'score': 0.12188457697629929}]]"
14760,"[[{'label': 'moderate', 'score': 0.4945785403251648}, {'label': 'not depression', 'score': 0.40748468041419983}, {'label': 'severe', 'score': 0.09793677926063538}]]"
14762,"[[{'label': 'severe', 'score': 0.40173494815826416}, {'label': 'moderate', 'score': 0.3336940407752991}, {'label': 'not depression', 'score': 0.26457101106643677}]]"
14769,"[[{'label': 'not depression', 'score': 0.8347283005714417}, {'label': 'moderate', 'score': 0.1311637908220291}, {'label': 'severe', 'score': 0.034107886254787445}]]"
14771,"[[{'label': 'moderate', 'score': 0.7177268266677856}, {'label': 'not depression', 'score': 0.2255803644657135}, {'label': 'severe', 'score': 0.05669276788830757}]]"
14774,"TRUNCATED[[{'label': 'moderate', 'score': 0.4594879150390625}, {'label': 'severe', 'score': 0.2763093411922455}, {'label': 'not depression', 'score': 0.26420271396636963}]]"
14776,"[[{'label': 'moderate', 'score': 0.5514351725578308}, {'label': 'not depression', 'score': 0.3024122416973114}, {'label': 'severe', 'score': 0.1461525708436966}]]"
14778,"[[{'label': 'not depression', 'score': 0.6742554306983948}, {'label': 'severe', 'score': 0.1669386774301529}, {'label': 'moderate', 'score': 0.15880589187145233}]]"
14783,"[[{'label': 'severe', 'score': 0.7213581204414368}, {'label': 'not depression', 'score': 0.14534427225589752}, {'label': 'moderate', 'score': 0.1332976371049881}]]"
14784,"[[{'label': 'not depression', 'score': 0.4790360927581787}, {'label': 'moderate', 'score': 0.2880527377128601}, {'label': 'severe', 'score': 0.23291121423244476}]]"
14786,"[[{'label': 'not depression', 'score': 0.45673689246177673}, {'label': 'moderate', 'score': 0.4411510229110718}, {'label': 'severe', 'score': 0.1021120697259903}]]"
14789,"[[{'label': 'not depression', 'score': 0.7065316438674927}, {'label': 'moderate', 'score': 0.2501906156539917}, {'label': 'severe', 'score': 0.04327772930264473}]]"
14794,"[[{'label': 'moderate', 'score': 0.5051862597465515}, {'label': 'severe', 'score': 0.24895387887954712}, {'label': 'not depression', 'score': 0.24585986137390137}]]"
14796,"TRUNCATED[[{'label': 'severe', 'score': 0.6976678371429443}, {'label': 'moderate', 'score': 0.21532025933265686}, {'label': 'not depression', 'score': 0.08701194077730179}]]"
14799,"TRUNCATED[[{'label': 'moderate', 'score': 0.40166646242141724}, {'label': 'not depression', 'score': 0.3780187964439392}, {'label': 'severe', 'score': 0.22031472623348236}]]"
14801,"[[{'label': 'severe', 'score': 0.5850894451141357}, {'label': 'moderate', 'score': 0.30207347869873047}, {'label': 'not depression', 'score': 0.11283707618713379}]]"
14804,"[[{'label': 'not depression', 'score': 0.5898835062980652}, {'label': 'moderate', 'score': 0.39248576760292053}, {'label': 'severe', 'score': 0.017630718648433685}]]"
14806,"[[{'label': 'severe', 'score': 0.4294724464416504}, {'label': 'moderate', 'score': 0.39611998200416565}, {'label': 'not depression', 'score': 0.17440754175186157}]]"
14807,"[[{'label': 'not depression', 'score': 0.7946276664733887}, {'label': 'moderate', 'score': 0.18400494754314423}, {'label': 'severe', 'score': 0.021367326378822327}]]"
14810,"[[{'label': 'severe', 'score': 0.4638483226299286}, {'label': 'moderate', 'score': 0.3600979745388031}, {'label': 'not depression', 'score': 0.17605377733707428}]]"
14814,"[[{'label': 'severe', 'score': 0.5235291719436646}, {'label': 'moderate', 'score': 0.3559992015361786}, {'label': 'not depression', 'score': 0.12047162652015686}]]"
14816,"[[{'label': 'severe', 'score': 0.8000032305717468}, {'label': 'moderate', 'score': 0.16236662864685059}, {'label': 'not depression', 'score': 0.03763015568256378}]]"
14820,"[[{'label': 'not depression', 'score': 0.6529214978218079}, {'label': 'moderate', 'score': 0.28981301188468933}, {'label': 'severe', 'score': 0.05726546421647072}]]"
14821,"[[{'label': 'not depression', 'score': 0.6028010845184326}, {'label': 'moderate', 'score': 0.39316025376319885}, {'label': 'severe', 'score': 0.004038596525788307}]]"
14822,"[[{'label': 'severe', 'score': 0.8762980699539185}, {'label': 'moderate', 'score': 0.10462575405836105}, {'label': 'not depression', 'score': 0.01907612942159176}]]"
14829,"[[{'label': 'not depression', 'score': 0.9050756692886353}, {'label': 'moderate', 'score': 0.07396897673606873}, {'label': 'severe', 'score': 0.020955359563231468}]]"
14838,"[[{'label': 'not depression', 'score': 0.5736579298973083}, {'label': 'moderate', 'score': 0.3388477861881256}, {'label': 'severe', 'score': 0.08749430626630783}]]"
14844,"[[{'label': 'severe', 'score': 0.5916210412979126}, {'label': 'moderate', 'score': 0.2540088891983032}, {'label': 'not depression', 'score': 0.15437006950378418}]]"
14847,"[[{'label': 'moderate', 'score': 0.5287604928016663}, {'label': 'not depression', 'score': 0.3862312138080597}, {'label': 'severe', 'score': 0.08500827103853226}]]"
14852,"[[{'label': 'moderate', 'score': 0.5963840484619141}, {'label': 'not depression', 'score': 0.24366749823093414}, {'label': 'severe', 'score': 0.1599484533071518}]]"
14861,"[[{'label': 'not depression', 'score': 0.5228938460350037}, {'label': 'severe', 'score': 0.24171672761440277}, {'label': 'moderate', 'score': 0.23538944125175476}]]"
14863,"TRUNCATED[[{'label': 'severe', 'score': 0.7692127227783203}, {'label': 'moderate', 'score': 0.1812441647052765}, {'label': 'not depression', 'score': 0.0495431013405323}]]"
14864,"[[{'label': 'not depression', 'score': 0.4960844814777374}, {'label': 'moderate', 'score': 0.3752018213272095}, {'label': 'severe', 'score': 0.12871374189853668}]]"
14865,"[[{'label': 'not depression', 'score': 0.8989625573158264}, {'label': 'moderate', 'score': 0.0931001529097557}, {'label': 'severe', 'score': 0.00793728232383728}]]"
14879,"[[{'label': 'moderate', 'score': 0.4273565411567688}, {'label': 'severe', 'score': 0.32710742950439453}, {'label': 'not depression', 'score': 0.24553605914115906}]]"
14882,"[[{'label': 'moderate', 'score': 0.6283285021781921}, {'label': 'not depression', 'score': 0.3554288446903229}, {'label': 'severe', 'score': 0.01624259352684021}]]"
14887,"[[{'label': 'not depression', 'score': 0.4651510715484619}, {'label': 'moderate', 'score': 0.38254255056381226}, {'label': 'severe', 'score': 0.15230637788772583}]]"
14893,"[[{'label': 'moderate', 'score': 0.40244391560554504}, {'label': 'severe', 'score': 0.35932791233062744}, {'label': 'not depression', 'score': 0.2382281869649887}]]"
14898,"[[{'label': 'not depression', 'score': 0.5780117511749268}, {'label': 'moderate', 'score': 0.3674671947956085}, {'label': 'severe', 'score': 0.05452103167772293}]]"
14899,"[[{'label': 'not depression', 'score': 0.5356143712997437}, {'label': 'severe', 'score': 0.3091638386249542}, {'label': 'moderate', 'score': 0.1552218198776245}]]"
14900,"[[{'label': 'severe', 'score': 0.8274419903755188}, {'label': 'moderate', 'score': 0.1322924941778183}, {'label': 'not depression', 'score': 0.040265507996082306}]]"
14902,"[[{'label': 'not depression', 'score': 0.9688382148742676}, {'label': 'moderate', 'score': 0.02847473695874214}, {'label': 'severe', 'score': 0.0026870586443692446}]]"
14904,"[[{'label': 'moderate', 'score': 0.43372824788093567}, {'label': 'severe', 'score': 0.35004928708076477}, {'label': 'not depression', 'score': 0.21622247993946075}]]"
14905,"[[{'label': 'not depression', 'score': 0.48102569580078125}, {'label': 'moderate', 'score': 0.47866886854171753}, {'label': 'severe', 'score': 0.040305450558662415}]]"
14906,"[[{'label': 'moderate', 'score': 0.5518456697463989}, {'label': 'severe', 'score': 0.33505865931510925}, {'label': 'not depression', 'score': 0.11309566348791122}]]"
14910,"[[{'label': 'not depression', 'score': 0.4982745051383972}, {'label': 'severe', 'score': 0.3532041013240814}, {'label': 'moderate', 'score': 0.14852139353752136}]]"
14911,"[[{'label': 'severe', 'score': 0.5357598662376404}, {'label': 'moderate', 'score': 0.3765016496181488}, {'label': 'not depression', 'score': 0.08773840963840485}]]"
14915,"[[{'label': 'severe', 'score': 0.49222633242607117}, {'label': 'moderate', 'score': 0.27211660146713257}, {'label': 'not depression', 'score': 0.23565711081027985}]]"
14920,"TRUNCATED[[{'label': 'moderate', 'score': 0.6334819793701172}, {'label': 'severe', 'score': 0.209031343460083}, {'label': 'not depression', 'score': 0.1574866622686386}]]"
14922,"[[{'label': 'severe', 'score': 0.6139184236526489}, {'label': 'moderate', 'score': 0.22982901334762573}, {'label': 'not depression', 'score': 0.15625253319740295}]]"
14926,"[[{'label': 'moderate', 'score': 0.36913126707077026}, {'label': 'not depression', 'score': 0.3401592969894409}, {'label': 'severe', 'score': 0.29070940613746643}]]"
14931,"[[{'label': 'not depression', 'score': 0.7508529424667358}, {'label': 'moderate', 'score': 0.2238757610321045}, {'label': 'severe', 'score': 0.02527126483619213}]]"
14936,"[[{'label': 'severe', 'score': 0.522662341594696}, {'label': 'moderate', 'score': 0.42174383997917175}, {'label': 'not depression', 'score': 0.055593784898519516}]]"
14942,"[[{'label': 'severe', 'score': 0.3706241548061371}, {'label': 'moderate', 'score': 0.325204074382782}, {'label': 'not depression', 'score': 0.30417174100875854}]]"
14948,"[[{'label': 'not depression', 'score': 0.4790876507759094}, {'label': 'moderate', 'score': 0.2807519733905792}, {'label': 'severe', 'score': 0.24016034603118896}]]"
14951,"[[{'label': 'moderate', 'score': 0.38921335339546204}, {'label': 'severe', 'score': 0.3849220275878906}, {'label': 'not depression', 'score': 0.22586467862129211}]]"
14954,"[[{'label': 'moderate', 'score': 0.5985758900642395}, {'label': 'not depression', 'score': 0.21025708317756653}, {'label': 'severe', 'score': 0.19116705656051636}]]"
14969,"[[{'label': 'not depression', 'score': 0.614459753036499}, {'label': 'moderate', 'score': 0.20028875768184662}, {'label': 'severe', 'score': 0.18525148928165436}]]"
14973,"[[{'label': 'not depression', 'score': 0.5196184515953064}, {'label': 'moderate', 'score': 0.4297867715358734}, {'label': 'severe', 'score': 0.05059472844004631}]]"
14975,"[[{'label': 'not depression', 'score': 0.7289097309112549}, {'label': 'moderate', 'score': 0.21227963268756866}, {'label': 'severe', 'score': 0.05881059542298317}]]"
14977,"[[{'label': 'not depression', 'score': 0.8066049814224243}, {'label': 'moderate', 'score': 0.15007755160331726}, {'label': 'severe', 'score': 0.04331747815012932}]]"
14983,"[[{'label': 'severe', 'score': 0.5764731764793396}, {'label': 'moderate', 'score': 0.22902891039848328}, {'label': 'not depression', 'score': 0.19449789822101593}]]"
14984,"TRUNCATED[[{'label': 'severe', 'score': 0.5033453702926636}, {'label': 'not depression', 'score': 0.31814706325531006}, {'label': 'moderate', 'score': 0.17850762605667114}]]"
14988,"[[{'label': 'severe', 'score': 0.4841180145740509}, {'label': 'moderate', 'score': 0.4209558963775635}, {'label': 'not depression', 'score': 0.09492604434490204}]]"
14992,"[[{'label': 'severe', 'score': 0.5000937581062317}, {'label': 'moderate', 'score': 0.31539788842201233}, {'label': 'not depression', 'score': 0.18450838327407837}]]"
14994,"[[{'label': 'not depression', 'score': 0.49588072299957275}, {'label': 'moderate', 'score': 0.30947184562683105}, {'label': 'severe', 'score': 0.1946474313735962}]]"
14995,"[[{'label': 'severe', 'score': 0.41162610054016113}, {'label': 'moderate', 'score': 0.396711528301239}, {'label': 'not depression', 'score': 0.19166243076324463}]]"
14997,"[[{'label': 'not depression', 'score': 0.8348594307899475}, {'label': 'moderate', 'score': 0.11121316999197006}, {'label': 'severe', 'score': 0.053927406668663025}]]"
15002,"[[{'label': 'not depression', 'score': 0.4986712634563446}, {'label': 'moderate', 'score': 0.3903985321521759}, {'label': 'severe', 'score': 0.11093015223741531}]]"
15003,"TRUNCATED[[{'label': 'severe', 'score': 0.4012405574321747}, {'label': 'not depression', 'score': 0.33934473991394043}, {'label': 'moderate', 'score': 0.2594147324562073}]]"
15005,"[[{'label': 'severe', 'score': 0.7305478453636169}, {'label': 'moderate', 'score': 0.17413018643856049}, {'label': 'not depression', 'score': 0.09532191604375839}]]"
15015,"[[{'label': 'moderate', 'score': 0.5236099362373352}, {'label': 'not depression', 'score': 0.42445600032806396}, {'label': 'severe', 'score': 0.05193410441279411}]]"
15018,"[[{'label': 'moderate', 'score': 0.4625127613544464}, {'label': 'severe', 'score': 0.29183781147003174}, {'label': 'not depression', 'score': 0.24564945697784424}]]"
15022,"[[{'label': 'not depression', 'score': 0.4813821613788605}, {'label': 'moderate', 'score': 0.3802228271961212}, {'label': 'severe', 'score': 0.13839493691921234}]]"
15024,"[[{'label': 'not depression', 'score': 0.47949182987213135}, {'label': 'moderate', 'score': 0.38633835315704346}, {'label': 'severe', 'score': 0.1341697722673416}]]"
15025,"[[{'label': 'severe', 'score': 0.5953902006149292}, {'label': 'moderate', 'score': 0.33706942200660706}, {'label': 'not depression', 'score': 0.06754038482904434}]]"
15030,"TRUNCATED[[{'label': 'severe', 'score': 0.5249122381210327}, {'label': 'moderate', 'score': 0.24885867536067963}, {'label': 'not depression', 'score': 0.22622910141944885}]]"
15031,"TRUNCATED[[{'label': 'moderate', 'score': 0.5203306674957275}, {'label': 'not depression', 'score': 0.3562867045402527}, {'label': 'severe', 'score': 0.12338259816169739}]]"
15034,"[[{'label': 'moderate', 'score': 0.42169955372810364}, {'label': 'not depression', 'score': 0.36954307556152344}, {'label': 'severe', 'score': 0.20875738561153412}]]"
15036,"[[{'label': 'not depression', 'score': 0.8695091009140015}, {'label': 'moderate', 'score': 0.0780547708272934}, {'label': 'severe', 'score': 0.05243615433573723}]]"
15041,"[[{'label': 'moderate', 'score': 0.573847234249115}, {'label': 'not depression', 'score': 0.2805236876010895}, {'label': 'severe', 'score': 0.14562904834747314}]]"
15049,"[[{'label': 'moderate', 'score': 0.38553208112716675}, {'label': 'severe', 'score': 0.3840726912021637}, {'label': 'not depression', 'score': 0.23039524257183075}]]"
15054,"[[{'label': 'not depression', 'score': 0.4661923348903656}, {'label': 'moderate', 'score': 0.40404319763183594}, {'label': 'severe', 'score': 0.12976449728012085}]]"
15058,"[[{'label': 'moderate', 'score': 0.6636764407157898}, {'label': 'not depression', 'score': 0.20256461203098297}, {'label': 'severe', 'score': 0.13375896215438843}]]"
15059,"[[{'label': 'not depression', 'score': 0.3793524205684662}, {'label': 'severe', 'score': 0.3601093590259552}, {'label': 'moderate', 'score': 0.2605382204055786}]]"
15068,"[[{'label': 'severe', 'score': 0.47775185108184814}, {'label': 'moderate', 'score': 0.3252652585506439}, {'label': 'not depression', 'score': 0.19698281586170197}]]"
15071,"[[{'label': 'not depression', 'score': 0.4227522313594818}, {'label': 'moderate', 'score': 0.31272679567337036}, {'label': 'severe', 'score': 0.2645210027694702}]]"
15074,"[[{'label': 'not depression', 'score': 0.46623021364212036}, {'label': 'moderate', 'score': 0.3554528057575226}, {'label': 'severe', 'score': 0.1783169060945511}]]"
15076,"[[{'label': 'not depression', 'score': 0.6079310178756714}, {'label': 'moderate', 'score': 0.3441624641418457}, {'label': 'severe', 'score': 0.047906506806612015}]]"
15078,"TRUNCATED[[{'label': 'moderate', 'score': 0.4759816825389862}, {'label': 'not depression', 'score': 0.4348083734512329}, {'label': 'severe', 'score': 0.08920998871326447}]]"
15082,"[[{'label': 'moderate', 'score': 0.6459625363349915}, {'label': 'severe', 'score': 0.24011914432048798}, {'label': 'not depression', 'score': 0.11391830444335938}]]"
15083,"[[{'label': 'severe', 'score': 0.5804142951965332}, {'label': 'not depression', 'score': 0.2101750671863556}, {'label': 'moderate', 'score': 0.2094106525182724}]]"
15084,"TRUNCATED[[{'label': 'severe', 'score': 0.48047035932540894}, {'label': 'moderate', 'score': 0.3951037526130676}, {'label': 'not depression', 'score': 0.12442587316036224}]]"
15088,"[[{'label': 'not depression', 'score': 0.5362992882728577}, {'label': 'severe', 'score': 0.26930052042007446}, {'label': 'moderate', 'score': 0.19440016150474548}]]"
15089,"TRUNCATED[[{'label': 'not depression', 'score': 0.5284075140953064}, {'label': 'moderate', 'score': 0.3445923924446106}, {'label': 'severe', 'score': 0.1270001232624054}]]"
15090,"[[{'label': 'severe', 'score': 0.8643031120300293}, {'label': 'moderate', 'score': 0.10827109217643738}, {'label': 'not depression', 'score': 0.027425821870565414}]]"
15091,"[[{'label': 'severe', 'score': 0.752016007900238}, {'label': 'moderate', 'score': 0.13457636535167694}, {'label': 'not depression', 'score': 0.11340762674808502}]]"
15092,"[[{'label': 'moderate', 'score': 0.4463401734828949}, {'label': 'not depression', 'score': 0.3428818881511688}, {'label': 'severe', 'score': 0.21077796816825867}]]"
15094,"[[{'label': 'severe', 'score': 0.4750126898288727}, {'label': 'not depression', 'score': 0.28865140676498413}, {'label': 'moderate', 'score': 0.2363359034061432}]]"
15100,"[[{'label': 'not depression', 'score': 0.6686323285102844}, {'label': 'moderate', 'score': 0.28182491660118103}, {'label': 'severe', 'score': 0.04954276978969574}]]"
15101,"[[{'label': 'not depression', 'score': 0.8653113842010498}, {'label': 'moderate', 'score': 0.12180572003126144}, {'label': 'severe', 'score': 0.012882924638688564}]]"
15104,"[[{'label': 'not depression', 'score': 0.6045050024986267}, {'label': 'moderate', 'score': 0.3732163608074188}, {'label': 'severe', 'score': 0.02227860689163208}]]"
15107,"[[{'label': 'severe', 'score': 0.44210201501846313}, {'label': 'moderate', 'score': 0.29313957691192627}, {'label': 'not depression', 'score': 0.26475831866264343}]]"
15108,"[[{'label': 'not depression', 'score': 0.44660159945487976}, {'label': 'moderate', 'score': 0.42090022563934326}, {'label': 'severe', 'score': 0.13249818980693817}]]"
15109,"[[{'label': 'moderate', 'score': 0.4170587956905365}, {'label': 'not depression', 'score': 0.3636491000652313}, {'label': 'severe', 'score': 0.2192920744419098}]]"
28288,"[[{'label': 'moderate', 'score': 0.5029987692832947}, {'label': 'severe', 'score': 0.3997945785522461}, {'label': 'not depression', 'score': 0.09720657020807266}]]"
28293,"[[{'label': 'not depression', 'score': 0.5510717630386353}, {'label': 'moderate', 'score': 0.37526094913482666}, {'label': 'severe', 'score': 0.0736672580242157}]]"
28294,"[[{'label': 'severe', 'score': 0.6862123012542725}, {'label': 'moderate', 'score': 0.21453861892223358}, {'label': 'not depression', 'score': 0.09924906492233276}]]"
28297,"TRUNCATED[[{'label': 'moderate', 'score': 0.4582650065422058}, {'label': 'severe', 'score': 0.3127656579017639}, {'label': 'not depression', 'score': 0.22896932065486908}]]"
28298,"[[{'label': 'not depression', 'score': 0.8245779275894165}, {'label': 'moderate', 'score': 0.13371171057224274}, {'label': 'severe', 'score': 0.041710369288921356}]]"
28301,"[[{'label': 'moderate', 'score': 0.5958658456802368}, {'label': 'not depression', 'score': 0.34328892827033997}, {'label': 'severe', 'score': 0.06084523722529411}]]"
28302,"[[{'label': 'not depression', 'score': 0.7498762011528015}, {'label': 'moderate', 'score': 0.2336142510175705}, {'label': 'severe', 'score': 0.016509544104337692}]]"
28303,"[[{'label': 'severe', 'score': 0.5358664393424988}, {'label': 'moderate', 'score': 0.29573172330856323}, {'label': 'not depression', 'score': 0.168401837348938}]]"
28304,"[[{'label': 'not depression', 'score': 0.6142283082008362}, {'label': 'moderate', 'score': 0.2722316384315491}, {'label': 'severe', 'score': 0.11354001611471176}]]"
28305,"TRUNCATED[[{'label': 'moderate', 'score': 0.5274703502655029}, {'label': 'severe', 'score': 0.2658904492855072}, {'label': 'not depression', 'score': 0.20663927495479584}]]"
28306,"[[{'label': 'moderate', 'score': 0.5403627157211304}, {'label': 'not depression', 'score': 0.3838769197463989}, {'label': 'severe', 'score': 0.07576042413711548}]]"
28311,"[[{'label': 'not depression', 'score': 0.8599048256874084}, {'label': 'moderate', 'score': 0.13048629462718964}, {'label': 'severe', 'score': 0.009608875960111618}]]"
28312,"[[{'label': 'moderate', 'score': 0.707119345664978}, {'label': 'not depression', 'score': 0.23341447114944458}, {'label': 'severe', 'score': 0.05946610867977142}]]"
28317,"[[{'label': 'moderate', 'score': 0.7060731649398804}, {'label': 'not depression', 'score': 0.23280635476112366}, {'label': 'severe', 'score': 0.06112048774957657}]]"
28321,"[[{'label': 'moderate', 'score': 0.49138566851615906}, {'label': 'not depression', 'score': 0.4327765107154846}, {'label': 'severe', 'score': 0.0758378654718399}]]"
28323,"[[{'label': 'not depression', 'score': 0.36759597063064575}, {'label': 'moderate', 'score': 0.3448404371738434}, {'label': 'severe', 'score': 0.2875635623931885}]]"
28329,"[[{'label': 'moderate', 'score': 0.5436829924583435}, {'label': 'not depression', 'score': 0.2894478738307953}, {'label': 'severe', 'score': 0.16686919331550598}]]"
28333,"[[{'label': 'moderate', 'score': 0.4634501338005066}, {'label': 'severe', 'score': 0.36628976464271545}, {'label': 'not depression', 'score': 0.17026007175445557}]]"
28335,"[[{'label': 'moderate', 'score': 0.4947778880596161}, {'label': 'severe', 'score': 0.3186863958835602}, {'label': 'not depression', 'score': 0.18653571605682373}]]"
28343,"[[{'label': 'moderate', 'score': 0.38990887999534607}, {'label': 'severe', 'score': 0.3836348354816437}, {'label': 'not depression', 'score': 0.22645632922649384}]]"
28346,"[[{'label': 'severe', 'score': 0.8764317631721497}, {'label': 'moderate', 'score': 0.06924182921648026}, {'label': 'not depression', 'score': 0.05432632192969322}]]"
28350,"[[{'label': 'moderate', 'score': 0.7447404861450195}, {'label': 'not depression', 'score': 0.18617789447307587}, {'label': 'severe', 'score': 0.06908158957958221}]]"
28351,"[[{'label': 'not depression', 'score': 0.5696690678596497}, {'label': 'moderate', 'score': 0.3884848654270172}, {'label': 'severe', 'score': 0.04184604436159134}]]"
28354,"TRUNCATED[[{'label': 'severe', 'score': 0.5276538133621216}, {'label': 'moderate', 'score': 0.32103803753852844}, {'label': 'not depression', 'score': 0.1513081043958664}]]"
28358,"[[{'label': 'not depression', 'score': 0.5977566242218018}, {'label': 'moderate', 'score': 0.2708534002304077}, {'label': 'severe', 'score': 0.13138994574546814}]]"
28365,"TRUNCATED[[{'label': 'severe', 'score': 0.4304336607456207}, {'label': 'not depression', 'score': 0.3231218457221985}, {'label': 'moderate', 'score': 0.2464444637298584}]]"
28366,"[[{'label': 'not depression', 'score': 0.7064488530158997}, {'label': 'moderate', 'score': 0.20528043806552887}, {'label': 'severe', 'score': 0.08827072381973267}]]"
28367,"TRUNCATED[[{'label': 'severe', 'score': 0.6657330989837646}, {'label': 'moderate', 'score': 0.1814873218536377}, {'label': 'not depression', 'score': 0.15277956426143646}]]"
28368,"[[{'label': 'not depression', 'score': 0.5887921452522278}, {'label': 'moderate', 'score': 0.34039947390556335}, {'label': 'severe', 'score': 0.07080831378698349}]]"
28373,"[[{'label': 'severe', 'score': 0.44282183051109314}, {'label': 'moderate', 'score': 0.2942284345626831}, {'label': 'not depression', 'score': 0.26294979453086853}]]"
28377,"[[{'label': 'moderate', 'score': 0.6710487008094788}, {'label': 'not depression', 'score': 0.21534332633018494}, {'label': 'severe', 'score': 0.11360795050859451}]]"
28379,"[[{'label': 'moderate', 'score': 0.5996147394180298}, {'label': 'not depression', 'score': 0.26003608107566833}, {'label': 'severe', 'score': 0.1403491050004959}]]"
28380,"TRUNCATED[[{'label': 'severe', 'score': 0.6110185980796814}, {'label': 'not depression', 'score': 0.24050043523311615}, {'label': 'moderate', 'score': 0.1484810709953308}]]"
28381,"[[{'label': 'severe', 'score': 0.7603400349617004}, {'label': 'moderate', 'score': 0.13928405940532684}, {'label': 'not depression', 'score': 0.1003759428858757}]]"
28382,"[[{'label': 'severe', 'score': 0.7645110487937927}, {'label': 'not depression', 'score': 0.14341965317726135}, {'label': 'moderate', 'score': 0.0920693427324295}]]"
28384,"TRUNCATED[[{'label': 'not depression', 'score': 0.6770656108856201}, {'label': 'moderate', 'score': 0.2617628872394562}, {'label': 'severe', 'score': 0.06117148697376251}]]"
28386,"TRUNCATED[[{'label': 'moderate', 'score': 0.5450195670127869}, {'label': 'not depression', 'score': 0.2305213361978531}, {'label': 'severe', 'score': 0.22445908188819885}]]"
28388,"[[{'label': 'severe', 'score': 0.4070889353752136}, {'label': 'moderate', 'score': 0.3387537896633148}, {'label': 'not depression', 'score': 0.25415727496147156}]]"
28390,"[[{'label': 'moderate', 'score': 0.5057003498077393}, {'label': 'severe', 'score': 0.39255690574645996}, {'label': 'not depression', 'score': 0.10174272954463959}]]"
28393,"[[{'label': 'severe', 'score': 0.5201488733291626}, {'label': 'moderate', 'score': 0.3846513628959656}, {'label': 'not depression', 'score': 0.09519977867603302}]]"
28399,"TRUNCATED[[{'label': 'severe', 'score': 0.4847453236579895}, {'label': 'moderate', 'score': 0.29341909289360046}, {'label': 'not depression', 'score': 0.22183556854724884}]]"
28402,"[[{'label': 'severe', 'score': 0.6223765015602112}, {'label': 'moderate', 'score': 0.30532094836235046}, {'label': 'not depression', 'score': 0.07230259478092194}]]"
28403,"[[{'label': 'not depression', 'score': 0.5396827459335327}, {'label': 'severe', 'score': 0.27659961581230164}, {'label': 'moderate', 'score': 0.18371769785881042}]]"
28405,"[[{'label': 'moderate', 'score': 0.46513110399246216}, {'label': 'not depression', 'score': 0.38968825340270996}, {'label': 'severe', 'score': 0.1451805979013443}]]"
28410,"[[{'label': 'severe', 'score': 0.7951111793518066}, {'label': 'moderate', 'score': 0.16279450058937073}, {'label': 'not depression', 'score': 0.042094338685274124}]]"
28413,"[[{'label': 'moderate', 'score': 0.4179766774177551}, {'label': 'not depression', 'score': 0.32276859879493713}, {'label': 'severe', 'score': 0.25925466418266296}]]"
28414,"[[{'label': 'moderate', 'score': 0.5566757917404175}, {'label': 'severe', 'score': 0.22325828671455383}, {'label': 'not depression', 'score': 0.22006595134735107}]]"
28417,"[[{'label': 'not depression', 'score': 0.4199785888195038}, {'label': 'moderate', 'score': 0.3819211423397064}, {'label': 'severe', 'score': 0.1981002241373062}]]"
28419,"[[{'label': 'moderate', 'score': 0.6800824999809265}, {'label': 'not depression', 'score': 0.19581425189971924}, {'label': 'severe', 'score': 0.12410331517457962}]]"
28420,"[[{'label': 'severe', 'score': 0.6518185138702393}, {'label': 'moderate', 'score': 0.18385526537895203}, {'label': 'not depression', 'score': 0.1643262654542923}]]"
28425,"[[{'label': 'moderate', 'score': 0.47492924332618713}, {'label': 'not depression', 'score': 0.285365492105484}, {'label': 'severe', 'score': 0.23970526456832886}]]"
28427,"TRUNCATED[[{'label': 'not depression', 'score': 0.6066417694091797}, {'label': 'moderate', 'score': 0.34749636054039}, {'label': 'severe', 'score': 0.04586184769868851}]]"
28429,"[[{'label': 'severe', 'score': 0.45074090361595154}, {'label': 'moderate', 'score': 0.4260469675064087}, {'label': 'not depression', 'score': 0.12321212887763977}]]"
28430,"[[{'label': 'not depression', 'score': 0.897722601890564}, {'label': 'moderate', 'score': 0.07417745888233185}, {'label': 'severe', 'score': 0.028099969029426575}]]"
28432,"TRUNCATED[[{'label': 'severe', 'score': 0.43237966299057007}, {'label': 'not depression', 'score': 0.3893568217754364}, {'label': 'moderate', 'score': 0.17826353013515472}]]"
28435,"[[{'label': 'moderate', 'score': 0.6622253060340881}, {'label': 'not depression', 'score': 0.26840367913246155}, {'label': 'severe', 'score': 0.06937094032764435}]]"
28440,"[[{'label': 'not depression', 'score': 0.5523232817649841}, {'label': 'moderate', 'score': 0.3478073179721832}, {'label': 'severe', 'score': 0.09986937791109085}]]"
28441,"[[{'label': 'moderate', 'score': 0.5781034827232361}, {'label': 'severe', 'score': 0.2617463171482086}, {'label': 'not depression', 'score': 0.1601502150297165}]]"
28442,"TRUNCATED[[{'label': 'severe', 'score': 0.4122176766395569}, {'label': 'not depression', 'score': 0.3567260503768921}, {'label': 'moderate', 'score': 0.23105627298355103}]]"
28445,"[[{'label': 'not depression', 'score': 0.747370183467865}, {'label': 'moderate', 'score': 0.1694221794605255}, {'label': 'severe', 'score': 0.0832076296210289}]]"
28447,"[[{'label': 'not depression', 'score': 0.7320663928985596}, {'label': 'moderate', 'score': 0.23111917078495026}, {'label': 'severe', 'score': 0.03681448474526405}]]"
28448,"[[{'label': 'moderate', 'score': 0.5744233727455139}, {'label': 'severe', 'score': 0.23758971691131592}, {'label': 'not depression', 'score': 0.18798694014549255}]]"
28450,"[[{'label': 'not depression', 'score': 0.6775195002555847}, {'label': 'moderate', 'score': 0.29136916995048523}, {'label': 'severe', 'score': 0.031111344695091248}]]"
28454,"[[{'label': 'moderate', 'score': 0.4467836916446686}, {'label': 'not depression', 'score': 0.3256862759590149}, {'label': 'severe', 'score': 0.22753003239631653}]]"
28455,"[[{'label': 'moderate', 'score': 0.5442019701004028}, {'label': 'not depression', 'score': 0.43128183484077454}, {'label': 'severe', 'score': 0.024516193196177483}]]"
28456,"[[{'label': 'moderate', 'score': 0.704888641834259}, {'label': 'not depression', 'score': 0.2381301373243332}, {'label': 'severe', 'score': 0.05698128417134285}]]"
28458,"[[{'label': 'not depression', 'score': 0.6612330675125122}, {'label': 'moderate', 'score': 0.2762983739376068}, {'label': 'severe', 'score': 0.062468547374010086}]]"
28459,"[[{'label': 'moderate', 'score': 0.7529172301292419}, {'label': 'not depression', 'score': 0.19166576862335205}, {'label': 'severe', 'score': 0.055416978895664215}]]"
28465,"[[{'label': 'not depression', 'score': 0.7140951156616211}, {'label': 'moderate', 'score': 0.27526792883872986}, {'label': 'severe', 'score': 0.01063702255487442}]]"
28469,"[[{'label': 'severe', 'score': 0.6795570254325867}, {'label': 'moderate', 'score': 0.26824355125427246}, {'label': 'not depression', 'score': 0.052199460566043854}]]"
28470,"[[{'label': 'severe', 'score': 0.4809403121471405}, {'label': 'not depression', 'score': 0.2898954749107361}, {'label': 'moderate', 'score': 0.22916415333747864}]]"
28475,"[[{'label': 'moderate', 'score': 0.56662917137146}, {'label': 'severe', 'score': 0.26985928416252136}, {'label': 'not depression', 'score': 0.16351152956485748}]]"
28476,"[[{'label': 'moderate', 'score': 0.4983692467212677}, {'label': 'severe', 'score': 0.28857678174972534}, {'label': 'not depression', 'score': 0.21305392682552338}]]"
28481,"[[{'label': 'moderate', 'score': 0.6713608503341675}, {'label': 'severe', 'score': 0.17656418681144714}, {'label': 'not depression', 'score': 0.15207497775554657}]]"
28484,"[[{'label': 'severe', 'score': 0.5179438591003418}, {'label': 'moderate', 'score': 0.32836517691612244}, {'label': 'not depression', 'score': 0.15369093418121338}]]"
28486,"[[{'label': 'moderate', 'score': 0.516071617603302}, {'label': 'severe', 'score': 0.4397050440311432}, {'label': 'not depression', 'score': 0.04422333836555481}]]"
28488,"[[{'label': 'moderate', 'score': 0.6203407645225525}, {'label': 'severe', 'score': 0.20697113871574402}, {'label': 'not depression', 'score': 0.1726880669593811}]]"
28495,"[[{'label': 'severe', 'score': 0.9407535195350647}, {'label': 'moderate', 'score': 0.04472518339753151}, {'label': 'not depression', 'score': 0.014521275646984577}]]"
28496,"[[{'label': 'not depression', 'score': 0.6269046664237976}, {'label': 'moderate', 'score': 0.23452015221118927}, {'label': 'severe', 'score': 0.1385752111673355}]]"
28499,"[[{'label': 'moderate', 'score': 0.6293062567710876}, {'label': 'not depression', 'score': 0.2619134783744812}, {'label': 'severe', 'score': 0.10878024250268936}]]"
28501,"[[{'label': 'moderate', 'score': 0.7204567790031433}, {'label': 'not depression', 'score': 0.16824108362197876}, {'label': 'severe', 'score': 0.11130218952894211}]]"
28502,"[[{'label': 'not depression', 'score': 0.5748545527458191}, {'label': 'moderate', 'score': 0.40276920795440674}, {'label': 'severe', 'score': 0.02237616293132305}]]"
28505,"[[{'label': 'not depression', 'score': 0.5130059123039246}, {'label': 'moderate', 'score': 0.25084438920021057}, {'label': 'severe', 'score': 0.23614969849586487}]]"
28509,"[[{'label': 'moderate', 'score': 0.6071152687072754}, {'label': 'not depression', 'score': 0.34260278940200806}, {'label': 'severe', 'score': 0.05028191953897476}]]"
28514,"[[{'label': 'severe', 'score': 0.5685366988182068}, {'label': 'moderate', 'score': 0.24533095955848694}, {'label': 'not depression', 'score': 0.1861322969198227}]]"
28516,"[[{'label': 'moderate', 'score': 0.5337002277374268}, {'label': 'not depression', 'score': 0.4104937016963959}, {'label': 'severe', 'score': 0.05580608919262886}]]"
28517,"[[{'label': 'moderate', 'score': 0.4754461348056793}, {'label': 'not depression', 'score': 0.3708220422267914}, {'label': 'severe', 'score': 0.1537318229675293}]]"
28519,"[[{'label': 'moderate', 'score': 0.6603767275810242}, {'label': 'not depression', 'score': 0.2750958800315857}, {'label': 'severe', 'score': 0.06452734768390656}]]"
28522,"[[{'label': 'moderate', 'score': 0.42112183570861816}, {'label': 'severe', 'score': 0.37637221813201904}, {'label': 'not depression', 'score': 0.2025059312582016}]]"
28523,"TRUNCATED[[{'label': 'not depression', 'score': 0.5264862179756165}, {'label': 'moderate', 'score': 0.3775627017021179}, {'label': 'severe', 'score': 0.09595110267400742}]]"
28526,"[[{'label': 'severe', 'score': 0.445366770029068}, {'label': 'not depression', 'score': 0.34749671816825867}, {'label': 'moderate', 'score': 0.20713652670383453}]]"
28529,"[[{'label': 'severe', 'score': 0.5103165507316589}, {'label': 'moderate', 'score': 0.34370484948158264}, {'label': 'not depression', 'score': 0.14597859978675842}]]"
28531,"[[{'label': 'not depression', 'score': 0.441804438829422}, {'label': 'moderate', 'score': 0.3287656307220459}, {'label': 'severe', 'score': 0.2294299602508545}]]"
28532,"[[{'label': 'severe', 'score': 0.44445210695266724}, {'label': 'moderate', 'score': 0.35581669211387634}, {'label': 'not depression', 'score': 0.1997312307357788}]]"
28535,"[[{'label': 'not depression', 'score': 0.5562261343002319}, {'label': 'moderate', 'score': 0.3935525417327881}, {'label': 'severe', 'score': 0.05022132769227028}]]"
28536,"[[{'label': 'severe', 'score': 0.6980838179588318}, {'label': 'moderate', 'score': 0.23219378292560577}, {'label': 'not depression', 'score': 0.06972245872020721}]]"
28547,"[[{'label': 'severe', 'score': 0.5414369106292725}, {'label': 'moderate', 'score': 0.3121321499347687}, {'label': 'not depression', 'score': 0.14643093943595886}]]"
28550,"[[{'label': 'severe', 'score': 0.5849473476409912}, {'label': 'moderate', 'score': 0.2675288915634155}, {'label': 'not depression', 'score': 0.14752374589443207}]]"
28554,"[[{'label': 'moderate', 'score': 0.6477042436599731}, {'label': 'not depression', 'score': 0.225901797413826}, {'label': 'severe', 'score': 0.12639392912387848}]]"
28557,"[[{'label': 'severe', 'score': 0.49952366948127747}, {'label': 'not depression', 'score': 0.32754430174827576}, {'label': 'moderate', 'score': 0.17293205857276917}]]"
28559,"[[{'label': 'not depression', 'score': 0.7369663715362549}, {'label': 'moderate', 'score': 0.22626498341560364}, {'label': 'severe', 'score': 0.036768700927495956}]]"
28565,"[[{'label': 'moderate', 'score': 0.541751503944397}, {'label': 'not depression', 'score': 0.43645116686820984}, {'label': 'severe', 'score': 0.021797312423586845}]]"
28569,"[[{'label': 'not depression', 'score': 0.8305241465568542}, {'label': 'moderate', 'score': 0.14096194505691528}, {'label': 'severe', 'score': 0.028513889759778976}]]"
28571,"[[{'label': 'moderate', 'score': 0.7620348334312439}, {'label': 'severe', 'score': 0.11979831755161285}, {'label': 'not depression', 'score': 0.11816687136888504}]]"
28574,"[[{'label': 'moderate', 'score': 0.3697616159915924}, {'label': 'not depression', 'score': 0.357128769159317}, {'label': 'severe', 'score': 0.27310964465141296}]]"
28579,"[[{'label': 'moderate', 'score': 0.5018312931060791}, {'label': 'not depression', 'score': 0.35905781388282776}, {'label': 'severe', 'score': 0.13911083340644836}]]"
28580,"[[{'label': 'moderate', 'score': 0.5018312931060791}, {'label': 'not depression', 'score': 0.35905781388282776}, {'label': 'severe', 'score': 0.13911083340644836}]]"
28584,"[[{'label': 'not depression', 'score': 0.6039350032806396}, {'label': 'moderate', 'score': 0.3573373556137085}, {'label': 'severe', 'score': 0.03872762620449066}]]"
28586,"[[{'label': 'moderate', 'score': 0.3603617250919342}, {'label': 'not depression', 'score': 0.3384348154067993}, {'label': 'severe', 'score': 0.3012034296989441}]]"
28589,"[[{'label': 'not depression', 'score': 0.5271021127700806}, {'label': 'moderate', 'score': 0.4436975121498108}, {'label': 'severe', 'score': 0.02920036017894745}]]"
28593,"[[{'label': 'severe', 'score': 0.7909671068191528}, {'label': 'moderate', 'score': 0.15552933514118195}, {'label': 'not depression', 'score': 0.05350353568792343}]]"
28599,"[[{'label': 'not depression', 'score': 0.4546986520290375}, {'label': 'moderate', 'score': 0.36733976006507874}, {'label': 'severe', 'score': 0.1779615730047226}]]"
28602,"TRUNCATED[[{'label': 'moderate', 'score': 0.4719289541244507}, {'label': 'severe', 'score': 0.38981807231903076}, {'label': 'not depression', 'score': 0.13825297355651855}]]"
28604,"[[{'label': 'not depression', 'score': 0.7900246381759644}, {'label': 'moderate', 'score': 0.18498221039772034}, {'label': 'severe', 'score': 0.024993112310767174}]]"
28606,"[[{'label': 'moderate', 'score': 0.6452304720878601}, {'label': 'not depression', 'score': 0.3141991198062897}, {'label': 'severe', 'score': 0.04057042673230171}]]"
28612,"TRUNCATED[[{'label': 'not depression', 'score': 0.4689925014972687}, {'label': 'moderate', 'score': 0.42129188776016235}, {'label': 'severe', 'score': 0.10971564054489136}]]"
28615,"TRUNCATED[[{'label': 'severe', 'score': 0.855716347694397}, {'label': 'moderate', 'score': 0.12048318237066269}, {'label': 'not depression', 'score': 0.0238004419952631}]]"
28617,"TRUNCATED[[{'label': 'moderate', 'score': 0.5656570196151733}, {'label': 'not depression', 'score': 0.2317589521408081}, {'label': 'severe', 'score': 0.20258405804634094}]]"
28618,"TRUNCATED[[{'label': 'moderate', 'score': 0.7993009090423584}, {'label': 'not depression', 'score': 0.10772571712732315}, {'label': 'severe', 'score': 0.09297338873147964}]]"
28621,"[[{'label': 'severe', 'score': 0.7468240261077881}, {'label': 'moderate', 'score': 0.1677277833223343}, {'label': 'not depression', 'score': 0.08544813841581345}]]"
28624,"[[{'label': 'moderate', 'score': 0.492856502532959}, {'label': 'not depression', 'score': 0.4732899069786072}, {'label': 'severe', 'score': 0.033853594213724136}]]"
