1,"[[{'label': 'not depression', 'score': 0.9013594388961792}, {'label': 'moderate', 'score': 0.05868245288729668}, {'label': 'severe', 'score': 0.03995811939239502}]]"
2,"[[{'label': 'not depression', 'score': 0.9234433174133301}, {'label': 'moderate', 'score': 0.053125619888305664}, {'label': 'severe', 'score': 0.02343105711042881}]]"
3,"[[{'label': 'not depression', 'score': 0.903397798538208}, {'label': 'moderate', 'score': 0.05393952876329422}, {'label': 'severe', 'score': 0.042662639170885086}]]"
4,"[[{'label': 'not depression', 'score': 0.9222533702850342}, {'label': 'moderate', 'score': 0.052482251077890396}, {'label': 'severe', 'score': 0.02526441216468811}]]"
5,"[[{'label': 'not depression', 'score': 0.9244242310523987}, {'label': 'moderate', 'score': 0.04573911428451538}, {'label': 'severe', 'score': 0.02983665093779564}]]"
6,"[[{'label': 'not depression', 'score': 0.915499746799469}, {'label': 'moderate', 'score': 0.04949309304356575}, {'label': 'severe', 'score': 0.03500719368457794}]]"
7,"[[{'label': 'not depression', 'score': 0.9360395669937134}, {'label': 'moderate', 'score': 0.03840028867125511}, {'label': 'severe', 'score': 0.025560110807418823}]]"
8,"[[{'label': 'not depression', 'score': 0.9151307344436646}, {'label': 'moderate', 'score': 0.05183039605617523}, {'label': 'severe', 'score': 0.03303888812661171}]]"
9,"[[{'label': 'not depression', 'score': 0.9319900870323181}, {'label': 'moderate', 'score': 0.04529907926917076}, {'label': 'severe', 'score': 0.022710833698511124}]]"
10,"[[{'label': 'not depression', 'score': 0.9204593300819397}, {'label': 'moderate', 'score': 0.04861019179224968}, {'label': 'severe', 'score': 0.03093050792813301}]]"
11,"[[{'label': 'not depression', 'score': 0.9270051717758179}, {'label': 'moderate', 'score': 0.04713796451687813}, {'label': 'severe', 'score': 0.025856904685497284}]]"
12,"[[{'label': 'not depression', 'score': 0.9200310111045837}, {'label': 'moderate', 'score': 0.06767011433839798}, {'label': 'severe', 'score': 0.012298846617341042}]]"
13,"[[{'label': 'not depression', 'score': 0.8908382654190063}, {'label': 'moderate', 'score': 0.082001693546772}, {'label': 'severe', 'score': 0.027160055935382843}]]"
14,"[[{'label': 'not depression', 'score': 0.9291159510612488}, {'label': 'moderate', 'score': 0.05255606025457382}, {'label': 'severe', 'score': 0.018327945843338966}]]"
15,"[[{'label': 'not depression', 'score': 0.928896427154541}, {'label': 'moderate', 'score': 0.06031065434217453}, {'label': 'severe', 'score': 0.010792925953865051}]]"
16,"[[{'label': 'not depression', 'score': 0.8907075524330139}, {'label': 'moderate', 'score': 0.07861001789569855}, {'label': 'severe', 'score': 0.030682453885674477}]]"
17,"[[{'label': 'not depression', 'score': 0.9184000492095947}, {'label': 'moderate', 'score': 0.0655926913022995}, {'label': 'severe', 'score': 0.016007253900170326}]]"
18,"[[{'label': 'not depression', 'score': 0.9265117049217224}, {'label': 'moderate', 'score': 0.05135220289230347}, {'label': 'severe', 'score': 0.022136108949780464}]]"
19,"[[{'label': 'not depression', 'score': 0.9112337231636047}, {'label': 'moderate', 'score': 0.06786274164915085}, {'label': 'severe', 'score': 0.020903559401631355}]]"
20,"[[{'label': 'not depression', 'score': 0.8801686763763428}, {'label': 'moderate', 'score': 0.09774057567119598}, {'label': 'severe', 'score': 0.02209068089723587}]]"
21,"[[{'label': 'not depression', 'score': 0.9357556700706482}, {'label': 'moderate', 'score': 0.047566503286361694}, {'label': 'severe', 'score': 0.01667785458266735}]]"
22,"[[{'label': 'not depression', 'score': 0.9449524283409119}, {'label': 'moderate', 'score': 0.045296721160411835}, {'label': 'severe', 'score': 0.009750869125127792}]]"
23,"[[{'label': 'not depression', 'score': 0.9243699312210083}, {'label': 'moderate', 'score': 0.05547165870666504}, {'label': 'severe', 'score': 0.020158443599939346}]]"
24,"[[{'label': 'not depression', 'score': 0.9650912880897522}, {'label': 'moderate', 'score': 0.02754795365035534}, {'label': 'severe', 'score': 0.007360738702118397}]]"
25,"[[{'label': 'not depression', 'score': 0.9477329254150391}, {'label': 'moderate', 'score': 0.042675912380218506}, {'label': 'severe', 'score': 0.00959116593003273}]]"
26,"[[{'label': 'not depression', 'score': 0.938307523727417}, {'label': 'moderate', 'score': 0.0460718534886837}, {'label': 'severe', 'score': 0.01562067586928606}]]"
27,"[[{'label': 'not depression', 'score': 0.9342695474624634}, {'label': 'moderate', 'score': 0.05023539438843727}, {'label': 'severe', 'score': 0.015495037660002708}]]"
28,"[[{'label': 'not depression', 'score': 0.9236770868301392}, {'label': 'moderate', 'score': 0.057004448026418686}, {'label': 'severe', 'score': 0.0193184707313776}]]"
29,"[[{'label': 'not depression', 'score': 0.9546169638633728}, {'label': 'moderate', 'score': 0.03262295946478844}, {'label': 'severe', 'score': 0.012760099023580551}]]"
30,"[[{'label': 'not depression', 'score': 0.9631050229072571}, {'label': 'moderate', 'score': 0.029950201511383057}, {'label': 'severe', 'score': 0.006944785825908184}]]"
31,"[[{'label': 'not depression', 'score': 0.9492702484130859}, {'label': 'moderate', 'score': 0.03129876032471657}, {'label': 'severe', 'score': 0.019431060180068016}]]"
32,"[[{'label': 'not depression', 'score': 0.9450617432594299}, {'label': 'moderate', 'score': 0.03617706149816513}, {'label': 'severe', 'score': 0.018761172890663147}]]"
33,"[[{'label': 'not depression', 'score': 0.9585290551185608}, {'label': 'moderate', 'score': 0.02747875638306141}, {'label': 'severe', 'score': 0.01399226300418377}]]"
34,"[[{'label': 'not depression', 'score': 0.9705613255500793}, {'label': 'moderate', 'score': 0.01667621172964573}, {'label': 'severe', 'score': 0.012762509286403656}]]"
35,"[[{'label': 'not depression', 'score': 0.9531006813049316}, {'label': 'moderate', 'score': 0.03275918960571289}, {'label': 'severe', 'score': 0.014140133745968342}]]"
36,"[[{'label': 'not depression', 'score': 0.970740556716919}, {'label': 'moderate', 'score': 0.020291436463594437}, {'label': 'severe', 'score': 0.008967955596745014}]]"
37,"[[{'label': 'not depression', 'score': 0.9363232254981995}, {'label': 'moderate', 'score': 0.04187800735235214}, {'label': 'severe', 'score': 0.0217987522482872}]]"
38,"[[{'label': 'not depression', 'score': 0.9746481776237488}, {'label': 'moderate', 'score': 0.01864178292453289}, {'label': 'severe', 'score': 0.00671006552875042}]]"
39,"[[{'label': 'not depression', 'score': 0.9609703421592712}, {'label': 'moderate', 'score': 0.024240916594862938}, {'label': 'severe', 'score': 0.014788774773478508}]]"
40,"[[{'label': 'not depression', 'score': 0.9505031108856201}, {'label': 'moderate', 'score': 0.0347682423889637}, {'label': 'severe', 'score': 0.014728713780641556}]]"
41,"[[{'label': 'not depression', 'score': 0.9669732451438904}, {'label': 'moderate', 'score': 0.018273362889885902}, {'label': 'severe', 'score': 0.014753342606127262}]]"
42,"[[{'label': 'not depression', 'score': 0.9514507055282593}, {'label': 'moderate', 'score': 0.031305983662605286}, {'label': 'severe', 'score': 0.01724332943558693}]]"
43,"[[{'label': 'not depression', 'score': 0.9321035742759705}, {'label': 'moderate', 'score': 0.04127800464630127}, {'label': 'severe', 'score': 0.026618415489792824}]]"
44,"[[{'label': 'not depression', 'score': 0.9515136480331421}, {'label': 'moderate', 'score': 0.029473604634404182}, {'label': 'severe', 'score': 0.01901272125542164}]]"
45,"[[{'label': 'not depression', 'score': 0.9751495718955994}, {'label': 'moderate', 'score': 0.017424069344997406}, {'label': 'severe', 'score': 0.007426329422742128}]]"
46,"[[{'label': 'not depression', 'score': 0.9279884099960327}, {'label': 'moderate', 'score': 0.04662024974822998}, {'label': 'severe', 'score': 0.025391319766640663}]]"
47,"[[{'label': 'not depression', 'score': 0.9622397422790527}, {'label': 'moderate', 'score': 0.021119462326169014}, {'label': 'severe', 'score': 0.016640817746520042}]]"
48,"[[{'label': 'not depression', 'score': 0.9222478866577148}, {'label': 'moderate', 'score': 0.04808594658970833}, {'label': 'severe', 'score': 0.029666179791092873}]]"
49,"[[{'label': 'not depression', 'score': 0.973021924495697}, {'label': 'moderate', 'score': 0.019485782831907272}, {'label': 'severe', 'score': 0.007492267061024904}]]"
50,"[[{'label': 'not depression', 'score': 0.9795904159545898}, {'label': 'moderate', 'score': 0.014790131710469723}, {'label': 'severe', 'score': 0.00561946164816618}]]"
51,"[[{'label': 'not depression', 'score': 0.9470550417900085}, {'label': 'moderate', 'score': 0.035711418837308884}, {'label': 'severe', 'score': 0.017233505845069885}]]"
52,"[[{'label': 'not depression', 'score': 0.9552503228187561}, {'label': 'moderate', 'score': 0.033789508044719696}, {'label': 'severe', 'score': 0.010960230603814125}]]"
53,"[[{'label': 'not depression', 'score': 0.9600759744644165}, {'label': 'moderate', 'score': 0.028815697878599167}, {'label': 'severe', 'score': 0.011108307167887688}]]"
54,"[[{'label': 'not depression', 'score': 0.9680724143981934}, {'label': 'moderate', 'score': 0.023641230538487434}, {'label': 'severe', 'score': 0.008286373689770699}]]"
55,"[[{'label': 'not depression', 'score': 0.9469013810157776}, {'label': 'moderate', 'score': 0.04055631160736084}, {'label': 'severe', 'score': 0.012542282231152058}]]"
56,"[[{'label': 'not depression', 'score': 0.9351804852485657}, {'label': 'moderate', 'score': 0.04334339126944542}, {'label': 'severe', 'score': 0.021476121619343758}]]"
57,"[[{'label': 'not depression', 'score': 0.9731962084770203}, {'label': 'moderate', 'score': 0.01976783387362957}, {'label': 'severe', 'score': 0.007035980001091957}]]"
58,"[[{'label': 'not depression', 'score': 0.9467671513557434}, {'label': 'moderate', 'score': 0.03961069881916046}, {'label': 'severe', 'score': 0.013622079975903034}]]"
59,"[[{'label': 'not depression', 'score': 0.9451765418052673}, {'label': 'moderate', 'score': 0.03636913001537323}, {'label': 'severe', 'score': 0.018454385921359062}]]"
60,"[[{'label': 'not depression', 'score': 0.9454030990600586}, {'label': 'moderate', 'score': 0.037635330110788345}, {'label': 'severe', 'score': 0.016961533576250076}]]"
61,"[[{'label': 'not depression', 'score': 0.9540289640426636}, {'label': 'moderate', 'score': 0.028667649254202843}, {'label': 'severe', 'score': 0.017303379252552986}]]"
62,"[[{'label': 'not depression', 'score': 0.9107688069343567}, {'label': 'moderate', 'score': 0.05038062855601311}, {'label': 'severe', 'score': 0.0388505645096302}]]"
63,"[[{'label': 'not depression', 'score': 0.9311829209327698}, {'label': 'moderate', 'score': 0.04259614646434784}, {'label': 'severe', 'score': 0.026220863685011864}]]"
64,"[[{'label': 'not depression', 'score': 0.8902194499969482}, {'label': 'moderate', 'score': 0.07065998017787933}, {'label': 'severe', 'score': 0.03912056237459183}]]"
65,"[[{'label': 'not depression', 'score': 0.9411942362785339}, {'label': 'moderate', 'score': 0.03859536349773407}, {'label': 'severe', 'score': 0.020210405811667442}]]"
66,"[[{'label': 'not depression', 'score': 0.9589071273803711}, {'label': 'moderate', 'score': 0.02618090808391571}, {'label': 'severe', 'score': 0.014911878854036331}]]"
67,"[[{'label': 'not depression', 'score': 0.9269407391548157}, {'label': 'moderate', 'score': 0.04332420974969864}, {'label': 'severe', 'score': 0.029735025018453598}]]"
68,"[[{'label': 'not depression', 'score': 0.87516850233078}, {'label': 'moderate', 'score': 0.08329396694898605}, {'label': 'severe', 'score': 0.04153754562139511}]]"
69,"[[{'label': 'not depression', 'score': 0.9597670435905457}, {'label': 'moderate', 'score': 0.027940990403294563}, {'label': 'severe', 'score': 0.012291932478547096}]]"
70,"[[{'label': 'not depression', 'score': 0.9096748232841492}, {'label': 'moderate', 'score': 0.05358505994081497}, {'label': 'severe', 'score': 0.03674018755555153}]]"
71,"[[{'label': 'not depression', 'score': 0.9171705842018127}, {'label': 'moderate', 'score': 0.049650099128484726}, {'label': 'severe', 'score': 0.03317929431796074}]]"
72,"[[{'label': 'not depression', 'score': 0.8969424962997437}, {'label': 'moderate', 'score': 0.06287829577922821}, {'label': 'severe', 'score': 0.04017920419573784}]]"
73,"[[{'label': 'not depression', 'score': 0.8945039510726929}, {'label': 'moderate', 'score': 0.06905336678028107}, {'label': 'severe', 'score': 0.03644271567463875}]]"
74,"[[{'label': 'not depression', 'score': 0.9365742206573486}, {'label': 'moderate', 'score': 0.04053971543908119}, {'label': 'severe', 'score': 0.022885989397764206}]]"
75,"[[{'label': 'not depression', 'score': 0.8969607949256897}, {'label': 'moderate', 'score': 0.054490018635988235}, {'label': 'severe', 'score': 0.04854912683367729}]]"
76,"[[{'label': 'not depression', 'score': 0.9305105805397034}, {'label': 'moderate', 'score': 0.04515678808093071}, {'label': 'severe', 'score': 0.024332620203495026}]]"
77,"[[{'label': 'not depression', 'score': 0.9206783771514893}, {'label': 'moderate', 'score': 0.04448169097304344}, {'label': 'severe', 'score': 0.03484000265598297}]]"
78,"[[{'label': 'not depression', 'score': 0.8813355565071106}, {'label': 'moderate', 'score': 0.07542344927787781}, {'label': 'severe', 'score': 0.043240971863269806}]]"
79,"[[{'label': 'not depression', 'score': 0.939767062664032}, {'label': 'moderate', 'score': 0.034706126898527145}, {'label': 'severe', 'score': 0.025526830926537514}]]"
80,"[[{'label': 'not depression', 'score': 0.8400666117668152}, {'label': 'moderate', 'score': 0.0816042497754097}, {'label': 'severe', 'score': 0.07832913845777512}]]"
81,"[[{'label': 'not depression', 'score': 0.9061119556427002}, {'label': 'moderate', 'score': 0.05496500805020332}, {'label': 'severe', 'score': 0.038922980427742004}]]"
82,"[[{'label': 'not depression', 'score': 0.9032925963401794}, {'label': 'moderate', 'score': 0.05653852969408035}, {'label': 'severe', 'score': 0.040168918669223785}]]"
83,"[[{'label': 'not depression', 'score': 0.8818599581718445}, {'label': 'moderate', 'score': 0.07746575772762299}, {'label': 'severe', 'score': 0.04067428782582283}]]"
84,"[[{'label': 'not depression', 'score': 0.9355360865592957}, {'label': 'moderate', 'score': 0.04320582002401352}, {'label': 'severe', 'score': 0.021258076652884483}]]"
85,"[[{'label': 'not depression', 'score': 0.9509642720222473}, {'label': 'moderate', 'score': 0.031977858394384384}, {'label': 'severe', 'score': 0.01705792546272278}]]"
86,"[[{'label': 'not depression', 'score': 0.9449684619903564}, {'label': 'moderate', 'score': 0.03566482290625572}, {'label': 'severe', 'score': 0.01936664618551731}]]"
87,"[[{'label': 'not depression', 'score': 0.9550952315330505}, {'label': 'moderate', 'score': 0.028374753892421722}, {'label': 'severe', 'score': 0.016530074179172516}]]"
88,"[[{'label': 'not depression', 'score': 0.941890299320221}, {'label': 'moderate', 'score': 0.03458308428525925}, {'label': 'severe', 'score': 0.023526594042778015}]]"
89,"[[{'label': 'not depression', 'score': 0.9099072813987732}, {'label': 'moderate', 'score': 0.05525641515851021}, {'label': 'severe', 'score': 0.03483636677265167}]]"
90,"[[{'label': 'not depression', 'score': 0.9218313097953796}, {'label': 'moderate', 'score': 0.04622373357415199}, {'label': 'severe', 'score': 0.031944967806339264}]]"
91,"[[{'label': 'not depression', 'score': 0.9416789412498474}, {'label': 'moderate', 'score': 0.03084431402385235}, {'label': 'severe', 'score': 0.027476739138364792}]]"
92,"[[{'label': 'not depression', 'score': 0.9545007348060608}, {'label': 'moderate', 'score': 0.030578823760151863}, {'label': 'severe', 'score': 0.014920382760465145}]]"
93,"[[{'label': 'not depression', 'score': 0.950352132320404}, {'label': 'moderate', 'score': 0.026020636782050133}, {'label': 'severe', 'score': 0.0236272644251585}]]"
94,"[[{'label': 'not depression', 'score': 0.931563675403595}, {'label': 'moderate', 'score': 0.040330223739147186}, {'label': 'severe', 'score': 0.028106147423386574}]]"
95,"[[{'label': 'not depression', 'score': 0.9338818788528442}, {'label': 'moderate', 'score': 0.03898712247610092}, {'label': 'severe', 'score': 0.027130981907248497}]]"
96,"[[{'label': 'not depression', 'score': 0.9588498473167419}, {'label': 'moderate', 'score': 0.023640861734747887}, {'label': 'severe', 'score': 0.017509352415800095}]]"
97,"[[{'label': 'not depression', 'score': 0.9570972323417664}, {'label': 'moderate', 'score': 0.02546604536473751}, {'label': 'severe', 'score': 0.017436742782592773}]]"
98,"[[{'label': 'not depression', 'score': 0.9426263570785522}, {'label': 'moderate', 'score': 0.03624025732278824}, {'label': 'severe', 'score': 0.021133458241820335}]]"
99,"[[{'label': 'not depression', 'score': 0.91921067237854}, {'label': 'severe', 'score': 0.04611608758568764}, {'label': 'moderate', 'score': 0.03467324748635292}]]"
100,"[[{'label': 'not depression', 'score': 0.9596350789070129}, {'label': 'moderate', 'score': 0.023691290989518166}, {'label': 'severe', 'score': 0.016673609614372253}]]"
101,"[[{'label': 'not depression', 'score': 0.9251590967178345}, {'label': 'moderate', 'score': 0.03813038766384125}, {'label': 'severe', 'score': 0.03671048954129219}]]"
102,"[[{'label': 'not depression', 'score': 0.9484491944313049}, {'label': 'moderate', 'score': 0.03463274613022804}, {'label': 'severe', 'score': 0.01691804639995098}]]"
103,"[[{'label': 'not depression', 'score': 0.9233355522155762}, {'label': 'moderate', 'score': 0.044650737196207047}, {'label': 'severe', 'score': 0.0320136696100235}]]"
104,"[[{'label': 'not depression', 'score': 0.9377285242080688}, {'label': 'moderate', 'score': 0.03660210594534874}, {'label': 'severe', 'score': 0.02566937915980816}]]"
105,"[[{'label': 'not depression', 'score': 0.9261296391487122}, {'label': 'moderate', 'score': 0.04230353608727455}, {'label': 'severe', 'score': 0.03156682103872299}]]"
106,"[[{'label': 'not depression', 'score': 0.9523021578788757}, {'label': 'severe', 'score': 0.023865576833486557}, {'label': 'moderate', 'score': 0.023832255974411964}]]"
107,"[[{'label': 'not depression', 'score': 0.9614490270614624}, {'label': 'moderate', 'score': 0.0206393301486969}, {'label': 'severe', 'score': 0.017911717295646667}]]"
108,"[[{'label': 'not depression', 'score': 0.9705895185470581}, {'label': 'moderate', 'score': 0.01742083951830864}, {'label': 'severe', 'score': 0.011989717371761799}]]"
109,"[[{'label': 'not depression', 'score': 0.9708796739578247}, {'label': 'moderate', 'score': 0.01676381379365921}, {'label': 'severe', 'score': 0.012356564402580261}]]"
110,"[[{'label': 'not depression', 'score': 0.9543908834457397}, {'label': 'moderate', 'score': 0.028694555163383484}, {'label': 'severe', 'score': 0.01691458560526371}]]"
111,"[[{'label': 'not depression', 'score': 0.9527211785316467}, {'label': 'moderate', 'score': 0.03188057243824005}, {'label': 'severe', 'score': 0.015398201532661915}]]"
112,"[[{'label': 'not depression', 'score': 0.9698768258094788}, {'label': 'moderate', 'score': 0.020334938541054726}, {'label': 'severe', 'score': 0.009788241237401962}]]"
113,"[[{'label': 'not depression', 'score': 0.9550855159759521}, {'label': 'moderate', 'score': 0.028745437040925026}, {'label': 'severe', 'score': 0.01616903580725193}]]"
114,"[[{'label': 'not depression', 'score': 0.9176893830299377}, {'label': 'moderate', 'score': 0.0485510416328907}, {'label': 'severe', 'score': 0.03375958278775215}]]"
115,"[[{'label': 'not depression', 'score': 0.9472482800483704}, {'label': 'moderate', 'score': 0.03520144149661064}, {'label': 'severe', 'score': 0.017550300806760788}]]"
116,"[[{'label': 'not depression', 'score': 0.9622990489006042}, {'label': 'moderate', 'score': 0.02323833666741848}, {'label': 'severe', 'score': 0.014462669380009174}]]"
117,"[[{'label': 'not depression', 'score': 0.9429554343223572}, {'label': 'moderate', 'score': 0.034817133098840714}, {'label': 'severe', 'score': 0.022227466106414795}]]"
118,"[[{'label': 'not depression', 'score': 0.9670853018760681}, {'label': 'moderate', 'score': 0.021731974557042122}, {'label': 'severe', 'score': 0.01118272915482521}]]"
119,"[[{'label': 'not depression', 'score': 0.876457691192627}, {'label': 'moderate', 'score': 0.08076295256614685}, {'label': 'severe', 'score': 0.04277932271361351}]]"
120,"[[{'label': 'not depression', 'score': 0.9406351447105408}, {'label': 'moderate', 'score': 0.03576397895812988}, {'label': 'severe', 'score': 0.02360088750720024}]]"
121,"[[{'label': 'not depression', 'score': 0.9255954027175903}, {'label': 'moderate', 'score': 0.047450240701436996}, {'label': 'severe', 'score': 0.02695441246032715}]]"
122,"[[{'label': 'not depression', 'score': 0.9120625853538513}, {'label': 'moderate', 'score': 0.06680481135845184}, {'label': 'severe', 'score': 0.021132636815309525}]]"
123,"[[{'label': 'not depression', 'score': 0.9341745376586914}, {'label': 'moderate', 'score': 0.04990150406956673}, {'label': 'severe', 'score': 0.01592395268380642}]]"
124,"[[{'label': 'not depression', 'score': 0.9501992464065552}, {'label': 'moderate', 'score': 0.03922583907842636}, {'label': 'severe', 'score': 0.010574857704341412}]]"
125,"[[{'label': 'not depression', 'score': 0.9350295066833496}, {'label': 'moderate', 'score': 0.04784334450960159}, {'label': 'severe', 'score': 0.017127161845564842}]]"
126,"[[{'label': 'not depression', 'score': 0.9680522084236145}, {'label': 'moderate', 'score': 0.023135608062148094}, {'label': 'severe', 'score': 0.00881223939359188}]]"
127,"[[{'label': 'not depression', 'score': 0.9333458542823792}, {'label': 'moderate', 'score': 0.050828199833631516}, {'label': 'severe', 'score': 0.01582598127424717}]]"
128,"[[{'label': 'not depression', 'score': 0.9445011615753174}, {'label': 'moderate', 'score': 0.0398235023021698}, {'label': 'severe', 'score': 0.015675297006964684}]]"
129,"[[{'label': 'not depression', 'score': 0.9508184194564819}, {'label': 'moderate', 'score': 0.03439567610621452}, {'label': 'severe', 'score': 0.014785879291594028}]]"
130,"[[{'label': 'not depression', 'score': 0.9192165732383728}, {'label': 'moderate', 'score': 0.05068947374820709}, {'label': 'severe', 'score': 0.030093908309936523}]]"
131,"[[{'label': 'not depression', 'score': 0.9573449492454529}, {'label': 'moderate', 'score': 0.03543208912014961}, {'label': 'severe', 'score': 0.0072228978388011456}]]"
132,"[[{'label': 'not depression', 'score': 0.923637330532074}, {'label': 'moderate', 'score': 0.0640001967549324}, {'label': 'severe', 'score': 0.012362442910671234}]]"
133,"[[{'label': 'not depression', 'score': 0.9171655774116516}, {'label': 'moderate', 'score': 0.0604579858481884}, {'label': 'severe', 'score': 0.02237645909190178}]]"
134,"[[{'label': 'not depression', 'score': 0.9403126239776611}, {'label': 'moderate', 'score': 0.04200213775038719}, {'label': 'severe', 'score': 0.01768524758517742}]]"
135,"[[{'label': 'not depression', 'score': 0.9391027092933655}, {'label': 'moderate', 'score': 0.05157720297574997}, {'label': 'severe', 'score': 0.009320109151303768}]]"
136,"[[{'label': 'not depression', 'score': 0.9469409584999084}, {'label': 'moderate', 'score': 0.04469047486782074}, {'label': 'severe', 'score': 0.008368526585400105}]]"
137,"[[{'label': 'not depression', 'score': 0.9185814261436462}, {'label': 'moderate', 'score': 0.0696522444486618}, {'label': 'severe', 'score': 0.01176628191024065}]]"
138,"[[{'label': 'not depression', 'score': 0.9212756156921387}, {'label': 'moderate', 'score': 0.05281961336731911}, {'label': 'severe', 'score': 0.02590472251176834}]]"
139,"[[{'label': 'not depression', 'score': 0.9365597367286682}, {'label': 'moderate', 'score': 0.050071895122528076}, {'label': 'severe', 'score': 0.013368343934416771}]]"
140,"[[{'label': 'not depression', 'score': 0.9395078420639038}, {'label': 'moderate', 'score': 0.04724006727337837}, {'label': 'severe', 'score': 0.013252077624201775}]]"
141,"[[{'label': 'not depression', 'score': 0.9257853031158447}, {'label': 'moderate', 'score': 0.051361944526433945}, {'label': 'severe', 'score': 0.022852785885334015}]]"
142,"[[{'label': 'not depression', 'score': 0.9367861747741699}, {'label': 'moderate', 'score': 0.04690273478627205}, {'label': 'severe', 'score': 0.016311094164848328}]]"
143,"[[{'label': 'not depression', 'score': 0.9554674625396729}, {'label': 'moderate', 'score': 0.03294308856129646}, {'label': 'severe', 'score': 0.011589416302740574}]]"
144,"[[{'label': 'not depression', 'score': 0.9544553756713867}, {'label': 'moderate', 'score': 0.03133466839790344}, {'label': 'severe', 'score': 0.014209947548806667}]]"
145,"[[{'label': 'not depression', 'score': 0.9639009237289429}, {'label': 'moderate', 'score': 0.0289338119328022}, {'label': 'severe', 'score': 0.007165227551013231}]]"
146,"[[{'label': 'not depression', 'score': 0.9677339196205139}, {'label': 'moderate', 'score': 0.024434711784124374}, {'label': 'severe', 'score': 0.00783135648816824}]]"
147,"[[{'label': 'not depression', 'score': 0.946085512638092}, {'label': 'moderate', 'score': 0.04181063920259476}, {'label': 'severe', 'score': 0.012103849090635777}]]"
148,"[[{'label': 'not depression', 'score': 0.9523360133171082}, {'label': 'moderate', 'score': 0.038403816521167755}, {'label': 'severe', 'score': 0.009260197170078754}]]"
149,"[[{'label': 'not depression', 'score': 0.9362188577651978}, {'label': 'moderate', 'score': 0.0486447736620903}, {'label': 'severe', 'score': 0.015136327594518661}]]"
150,"[[{'label': 'not depression', 'score': 0.9552163481712341}, {'label': 'moderate', 'score': 0.031965821981430054}, {'label': 'severe', 'score': 0.01281783264130354}]]"
151,"[[{'label': 'not depression', 'score': 0.9474406242370605}, {'label': 'moderate', 'score': 0.035536136478185654}, {'label': 'severe', 'score': 0.017023220658302307}]]"
152,"[[{'label': 'not depression', 'score': 0.9405947923660278}, {'label': 'moderate', 'score': 0.03414510563015938}, {'label': 'severe', 'score': 0.025260139256715775}]]"
153,"[[{'label': 'not depression', 'score': 0.9295526742935181}, {'label': 'moderate', 'score': 0.0434330515563488}, {'label': 'severe', 'score': 0.027014221996068954}]]"
154,"[[{'label': 'not depression', 'score': 0.9374298453330994}, {'label': 'moderate', 'score': 0.04270254448056221}, {'label': 'severe', 'score': 0.01986757293343544}]]"
155,"[[{'label': 'not depression', 'score': 0.9633035063743591}, {'label': 'moderate', 'score': 0.02491792105138302}, {'label': 'severe', 'score': 0.011778509244322777}]]"
156,"[[{'label': 'not depression', 'score': 0.9452762007713318}, {'label': 'moderate', 'score': 0.03886669501662254}, {'label': 'severe', 'score': 0.01585707999765873}]]"
157,"[[{'label': 'not depression', 'score': 0.9549677968025208}, {'label': 'moderate', 'score': 0.028179705142974854}, {'label': 'severe', 'score': 0.016852492466568947}]]"
158,"[[{'label': 'not depression', 'score': 0.9295852780342102}, {'label': 'moderate', 'score': 0.04668755084276199}, {'label': 'severe', 'score': 0.023727186024188995}]]"
159,"[[{'label': 'not depression', 'score': 0.9601872563362122}, {'label': 'moderate', 'score': 0.02773549221456051}, {'label': 'severe', 'score': 0.012077180668711662}]]"
160,"[[{'label': 'not depression', 'score': 0.9595728516578674}, {'label': 'moderate', 'score': 0.024645589292049408}, {'label': 'severe', 'score': 0.015781531110405922}]]"
161,"[[{'label': 'not depression', 'score': 0.9670038819313049}, {'label': 'moderate', 'score': 0.022921647876501083}, {'label': 'severe', 'score': 0.010074460878968239}]]"
162,"[[{'label': 'not depression', 'score': 0.9445624351501465}, {'label': 'moderate', 'score': 0.03944597393274307}, {'label': 'severe', 'score': 0.015991555526852608}]]"
163,"[[{'label': 'not depression', 'score': 0.9745510220527649}, {'label': 'moderate', 'score': 0.01824222318828106}, {'label': 'severe', 'score': 0.007206765469163656}]]"
164,"[[{'label': 'not depression', 'score': 0.9685320258140564}, {'label': 'moderate', 'score': 0.020962601527571678}, {'label': 'severe', 'score': 0.010505378246307373}]]"
165,"[[{'label': 'not depression', 'score': 0.9520716667175293}, {'label': 'moderate', 'score': 0.031748950481414795}, {'label': 'severe', 'score': 0.016179436817765236}]]"
166,"[[{'label': 'not depression', 'score': 0.9648534059524536}, {'label': 'moderate', 'score': 0.02333708480000496}, {'label': 'severe', 'score': 0.01180956233292818}]]"
167,"[[{'label': 'not depression', 'score': 0.9706919193267822}, {'label': 'moderate', 'score': 0.018804237246513367}, {'label': 'severe', 'score': 0.0105038583278656}]]"
168,"[[{'label': 'not depression', 'score': 0.9792200326919556}, {'label': 'moderate', 'score': 0.014039699919521809}, {'label': 'severe', 'score': 0.006740258075296879}]]"
169,"[[{'label': 'not depression', 'score': 0.9726536870002747}, {'label': 'moderate', 'score': 0.019139863550662994}, {'label': 'severe', 'score': 0.008206389844417572}]]"
170,"[[{'label': 'not depression', 'score': 0.9579899907112122}, {'label': 'moderate', 'score': 0.025262093171477318}, {'label': 'severe', 'score': 0.016747843474149704}]]"
171,"[[{'label': 'not depression', 'score': 0.9551924467086792}, {'label': 'moderate', 'score': 0.03153188154101372}, {'label': 'severe', 'score': 0.01327569130808115}]]"
172,"[[{'label': 'not depression', 'score': 0.9515526294708252}, {'label': 'moderate', 'score': 0.03228883445262909}, {'label': 'severe', 'score': 0.016158560290932655}]]"
173,"[[{'label': 'not depression', 'score': 0.948262095451355}, {'label': 'moderate', 'score': 0.035934142768383026}, {'label': 'severe', 'score': 0.01580377109348774}]]"
174,"[[{'label': 'not depression', 'score': 0.9413442015647888}, {'label': 'moderate', 'score': 0.04079481586813927}, {'label': 'severe', 'score': 0.017861047759652138}]]"
175,"[[{'label': 'not depression', 'score': 0.9489455223083496}, {'label': 'moderate', 'score': 0.03325921297073364}, {'label': 'severe', 'score': 0.017795301973819733}]]"
176,"[[{'label': 'not depression', 'score': 0.9287601113319397}, {'label': 'moderate', 'score': 0.05180106684565544}, {'label': 'severe', 'score': 0.019438836723566055}]]"
177,"[[{'label': 'not depression', 'score': 0.9587696194648743}, {'label': 'moderate', 'score': 0.028012914583086967}, {'label': 'severe', 'score': 0.013217474333941936}]]"
178,"[[{'label': 'not depression', 'score': 0.9537355899810791}, {'label': 'moderate', 'score': 0.035005852580070496}, {'label': 'severe', 'score': 0.011258544400334358}]]"
179,"[[{'label': 'not depression', 'score': 0.9459381699562073}, {'label': 'moderate', 'score': 0.03772621974349022}, {'label': 'severe', 'score': 0.016335666179656982}]]"
180,"[[{'label': 'not depression', 'score': 0.9354288578033447}, {'label': 'moderate', 'score': 0.044798485934734344}, {'label': 'severe', 'score': 0.019772684201598167}]]"
181,"[[{'label': 'not depression', 'score': 0.9378267526626587}, {'label': 'moderate', 'score': 0.04605453461408615}, {'label': 'severe', 'score': 0.016118744388222694}]]"
182,"[[{'label': 'not depression', 'score': 0.9287735819816589}, {'label': 'moderate', 'score': 0.05226649343967438}, {'label': 'severe', 'score': 0.018959898501634598}]]"
183,"[[{'label': 'not depression', 'score': 0.9253039956092834}, {'label': 'moderate', 'score': 0.05510317161679268}, {'label': 'severe', 'score': 0.01959281414747238}]]"
184,"[[{'label': 'not depression', 'score': 0.9358466267585754}, {'label': 'moderate', 'score': 0.050594739615917206}, {'label': 'severe', 'score': 0.013558674603700638}]]"
185,"[[{'label': 'not depression', 'score': 0.9312783479690552}, {'label': 'moderate', 'score': 0.05080713331699371}, {'label': 'severe', 'score': 0.017914550378918648}]]"
186,"[[{'label': 'not depression', 'score': 0.9297946095466614}, {'label': 'moderate', 'score': 0.05363750830292702}, {'label': 'severe', 'score': 0.01656782627105713}]]"
187,"[[{'label': 'not depression', 'score': 0.9669460654258728}, {'label': 'moderate', 'score': 0.025844359770417213}, {'label': 'severe', 'score': 0.007209585513919592}]]"
188,"[[{'label': 'not depression', 'score': 0.9279593825340271}, {'label': 'moderate', 'score': 0.054977647960186005}, {'label': 'severe', 'score': 0.017062950879335403}]]"
189,"[[{'label': 'not depression', 'score': 0.940346896648407}, {'label': 'moderate', 'score': 0.045693449676036835}, {'label': 'severe', 'score': 0.013959637843072414}]]"
190,"[[{'label': 'not depression', 'score': 0.9420949220657349}, {'label': 'moderate', 'score': 0.04245942085981369}, {'label': 'severe', 'score': 0.015445655211806297}]]"
191,"[[{'label': 'not depression', 'score': 0.9015746116638184}, {'label': 'moderate', 'score': 0.06722023338079453}, {'label': 'severe', 'score': 0.031205158680677414}]]"
192,"[[{'label': 'not depression', 'score': 0.9211251735687256}, {'label': 'moderate', 'score': 0.059708550572395325}, {'label': 'severe', 'score': 0.019166219979524612}]]"
193,"[[{'label': 'not depression', 'score': 0.9319852590560913}, {'label': 'moderate', 'score': 0.05582883208990097}, {'label': 'severe', 'score': 0.01218598522245884}]]"
194,"[[{'label': 'not depression', 'score': 0.9373729825019836}, {'label': 'moderate', 'score': 0.05427715927362442}, {'label': 'severe', 'score': 0.008349847048521042}]]"
195,"[[{'label': 'not depression', 'score': 0.9689731597900391}, {'label': 'moderate', 'score': 0.02395429089665413}, {'label': 'severe', 'score': 0.007072516717016697}]]"
196,"[[{'label': 'not depression', 'score': 0.9398667812347412}, {'label': 'moderate', 'score': 0.04419444128870964}, {'label': 'severe', 'score': 0.01593872718513012}]]"
197,"[[{'label': 'not depression', 'score': 0.955369234085083}, {'label': 'moderate', 'score': 0.0356123186647892}, {'label': 'severe', 'score': 0.009018423035740852}]]"
198,"[[{'label': 'not depression', 'score': 0.9484018683433533}, {'label': 'moderate', 'score': 0.040327493101358414}, {'label': 'severe', 'score': 0.011270580813288689}]]"
199,"[[{'label': 'not depression', 'score': 0.922115683555603}, {'label': 'moderate', 'score': 0.06177210435271263}, {'label': 'severe', 'score': 0.01611226238310337}]]"
200,"[[{'label': 'not depression', 'score': 0.9499720931053162}, {'label': 'moderate', 'score': 0.0390828400850296}, {'label': 'severe', 'score': 0.010945107787847519}]]"
201,"[[{'label': 'not depression', 'score': 0.968893826007843}, {'label': 'moderate', 'score': 0.022654136642813683}, {'label': 'severe', 'score': 0.008452021516859531}]]"
202,"[[{'label': 'not depression', 'score': 0.9532938003540039}, {'label': 'moderate', 'score': 0.03581053391098976}, {'label': 'severe', 'score': 0.010895607061684132}]]"
203,"[[{'label': 'not depression', 'score': 0.9522044658660889}, {'label': 'moderate', 'score': 0.03737419843673706}, {'label': 'severe', 'score': 0.010421396233141422}]]"
204,"[[{'label': 'not depression', 'score': 0.960985541343689}, {'label': 'moderate', 'score': 0.028885692358016968}, {'label': 'severe', 'score': 0.01012879516929388}]]"
205,"[[{'label': 'not depression', 'score': 0.9308569431304932}, {'label': 'moderate', 'score': 0.05312683805823326}, {'label': 'severe', 'score': 0.016016270965337753}]]"
206,"[[{'label': 'not depression', 'score': 0.9686763286590576}, {'label': 'moderate', 'score': 0.024297134950757027}, {'label': 'severe', 'score': 0.007026519626379013}]]"
207,"[[{'label': 'not depression', 'score': 0.9365249872207642}, {'label': 'moderate', 'score': 0.04950989410281181}, {'label': 'severe', 'score': 0.013965142890810966}]]"
208,"[[{'label': 'not depression', 'score': 0.9523293972015381}, {'label': 'moderate', 'score': 0.033536508679389954}, {'label': 'severe', 'score': 0.014134109951555729}]]"
209,"[[{'label': 'not depression', 'score': 0.9554949998855591}, {'label': 'moderate', 'score': 0.03269980847835541}, {'label': 'severe', 'score': 0.011805130168795586}]]"
210,"[[{'label': 'not depression', 'score': 0.9608853459358215}, {'label': 'moderate', 'score': 0.02896025776863098}, {'label': 'severe', 'score': 0.010154398158192635}]]"
211,"[[{'label': 'not depression', 'score': 0.960534393787384}, {'label': 'moderate', 'score': 0.024715034291148186}, {'label': 'severe', 'score': 0.014750578440725803}]]"
212,"[[{'label': 'not depression', 'score': 0.9408058524131775}, {'label': 'moderate', 'score': 0.03734133765101433}, {'label': 'severe', 'score': 0.021852819249033928}]]"
213,"[[{'label': 'not depression', 'score': 0.973591685295105}, {'label': 'moderate', 'score': 0.018842827528715134}, {'label': 'severe', 'score': 0.007565466687083244}]]"
214,"[[{'label': 'not depression', 'score': 0.9285196661949158}, {'label': 'moderate', 'score': 0.04749199375510216}, {'label': 'severe', 'score': 0.023988274857401848}]]"
215,"[[{'label': 'not depression', 'score': 0.943799614906311}, {'label': 'moderate', 'score': 0.040776949375867844}, {'label': 'severe', 'score': 0.015423465520143509}]]"
216,"[[{'label': 'not depression', 'score': 0.9458737373352051}, {'label': 'moderate', 'score': 0.04005667567253113}, {'label': 'severe', 'score': 0.014069612137973309}]]"
217,"[[{'label': 'not depression', 'score': 0.9706964492797852}, {'label': 'moderate', 'score': 0.019601762294769287}, {'label': 'severe', 'score': 0.009701873175799847}]]"
218,"[[{'label': 'not depression', 'score': 0.9712874889373779}, {'label': 'moderate', 'score': 0.01875750906765461}, {'label': 'severe', 'score': 0.009955021552741528}]]"
219,"[[{'label': 'not depression', 'score': 0.9721192121505737}, {'label': 'moderate', 'score': 0.018693216145038605}, {'label': 'severe', 'score': 0.009187646210193634}]]"
220,"[[{'label': 'not depression', 'score': 0.971616804599762}, {'label': 'moderate', 'score': 0.019589228555560112}, {'label': 'severe', 'score': 0.008793983608484268}]]"
221,"[[{'label': 'not depression', 'score': 0.9487466216087341}, {'label': 'moderate', 'score': 0.03395251929759979}, {'label': 'severe', 'score': 0.017300894483923912}]]"
222,"[[{'label': 'not depression', 'score': 0.9716371297836304}, {'label': 'moderate', 'score': 0.019356301054358482}, {'label': 'severe', 'score': 0.009006517007946968}]]"
223,"[[{'label': 'not depression', 'score': 0.9784728288650513}, {'label': 'moderate', 'score': 0.015956785529851913}, {'label': 'severe', 'score': 0.00557040236890316}]]"
224,"[[{'label': 'not depression', 'score': 0.9764061570167542}, {'label': 'moderate', 'score': 0.017046602442860603}, {'label': 'severe', 'score': 0.006547258235514164}]]"
225,"[[{'label': 'not depression', 'score': 0.9756544828414917}, {'label': 'moderate', 'score': 0.01792159676551819}, {'label': 'severe', 'score': 0.00642394507303834}]]"
226,"[[{'label': 'not depression', 'score': 0.9740304946899414}, {'label': 'moderate', 'score': 0.01642747037112713}, {'label': 'severe', 'score': 0.00954198557883501}]]"
227,"[[{'label': 'not depression', 'score': 0.9791291952133179}, {'label': 'moderate', 'score': 0.01417072955518961}, {'label': 'severe', 'score': 0.0067001390270888805}]]"
228,"[[{'label': 'not depression', 'score': 0.9751601815223694}, {'label': 'moderate', 'score': 0.017211293801665306}, {'label': 'severe', 'score': 0.007628460880368948}]]"
229,"[[{'label': 'not depression', 'score': 0.977566659450531}, {'label': 'moderate', 'score': 0.017758579924702644}, {'label': 'severe', 'score': 0.004674739204347134}]]"
230,"[[{'label': 'not depression', 'score': 0.971238911151886}, {'label': 'moderate', 'score': 0.01991131156682968}, {'label': 'severe', 'score': 0.008849752135574818}]]"
231,"[[{'label': 'not depression', 'score': 0.9680123329162598}, {'label': 'moderate', 'score': 0.02223883755505085}, {'label': 'severe', 'score': 0.009748846292495728}]]"
232,"[[{'label': 'not depression', 'score': 0.9738665819168091}, {'label': 'moderate', 'score': 0.02146431989967823}, {'label': 'severe', 'score': 0.0046691191382706165}]]"
233,"[[{'label': 'not depression', 'score': 0.953687310218811}, {'label': 'moderate', 'score': 0.033211078494787216}, {'label': 'severe', 'score': 0.013101600110530853}]]"
234,"[[{'label': 'not depression', 'score': 0.9684611558914185}, {'label': 'moderate', 'score': 0.02073322795331478}, {'label': 'severe', 'score': 0.010805617086589336}]]"
235,"[[{'label': 'not depression', 'score': 0.9642154574394226}, {'label': 'moderate', 'score': 0.027067827060818672}, {'label': 'severe', 'score': 0.008716672658920288}]]"
236,"[[{'label': 'not depression', 'score': 0.9768618941307068}, {'label': 'moderate', 'score': 0.017535628750920296}, {'label': 'severe', 'score': 0.005602492019534111}]]"
237,"[[{'label': 'not depression', 'score': 0.9296061396598816}, {'label': 'moderate', 'score': 0.04503969848155975}, {'label': 'severe', 'score': 0.02535412460565567}]]"
238,"[[{'label': 'not depression', 'score': 0.9632323980331421}, {'label': 'moderate', 'score': 0.03006579726934433}, {'label': 'severe', 'score': 0.0067018200643360615}]]"
239,"[[{'label': 'not depression', 'score': 0.9584382176399231}, {'label': 'moderate', 'score': 0.03033439815044403}, {'label': 'severe', 'score': 0.011227402836084366}]]"
240,"[[{'label': 'not depression', 'score': 0.9661187529563904}, {'label': 'moderate', 'score': 0.026560848578810692}, {'label': 'severe', 'score': 0.007320375647395849}]]"
241,"[[{'label': 'not depression', 'score': 0.9020904898643494}, {'label': 'moderate', 'score': 0.06031077727675438}, {'label': 'severe', 'score': 0.037598755210638046}]]"
242,"[[{'label': 'not depression', 'score': 0.9487437009811401}, {'label': 'moderate', 'score': 0.031208185479044914}, {'label': 'severe', 'score': 0.020048052072525024}]]"
243,"[[{'label': 'not depression', 'score': 0.9395089745521545}, {'label': 'moderate', 'score': 0.04114347696304321}, {'label': 'severe', 'score': 0.01934754103422165}]]"
244,"[[{'label': 'not depression', 'score': 0.9557632803916931}, {'label': 'moderate', 'score': 0.028930898755788803}, {'label': 'severe', 'score': 0.015305801294744015}]]"
245,"[[{'label': 'not depression', 'score': 0.924045205116272}, {'label': 'moderate', 'score': 0.051020219922065735}, {'label': 'severe', 'score': 0.024934617802500725}]]"
246,"[[{'label': 'not depression', 'score': 0.9119772911071777}, {'label': 'moderate', 'score': 0.04905330762267113}, {'label': 'severe', 'score': 0.03896936774253845}]]"
247,"[[{'label': 'not depression', 'score': 0.942116379737854}, {'label': 'moderate', 'score': 0.03692406788468361}, {'label': 'severe', 'score': 0.020959502086043358}]]"
248,"[[{'label': 'not depression', 'score': 0.9203472137451172}, {'label': 'moderate', 'score': 0.0477013997733593}, {'label': 'severe', 'score': 0.03195134922862053}]]"
249,"[[{'label': 'not depression', 'score': 0.8962571024894714}, {'label': 'moderate', 'score': 0.058606378734111786}, {'label': 'severe', 'score': 0.04513654112815857}]]"
250,"[[{'label': 'not depression', 'score': 0.9516738057136536}, {'label': 'moderate', 'score': 0.03411335498094559}, {'label': 'severe', 'score': 0.014212803915143013}]]"
251,"[[{'label': 'not depression', 'score': 0.9235447645187378}, {'label': 'moderate', 'score': 0.05137583613395691}, {'label': 'severe', 'score': 0.025079395622015}]]"
252,"[[{'label': 'not depression', 'score': 0.9396741986274719}, {'label': 'moderate', 'score': 0.04078579694032669}, {'label': 'severe', 'score': 0.019539961591362953}]]"
253,"[[{'label': 'not depression', 'score': 0.9405110478401184}, {'label': 'moderate', 'score': 0.04324067011475563}, {'label': 'severe', 'score': 0.01624831184744835}]]"
254,"[[{'label': 'not depression', 'score': 0.9084722995758057}, {'label': 'moderate', 'score': 0.061785124242305756}, {'label': 'severe', 'score': 0.02974255569279194}]]"
255,"[[{'label': 'not depression', 'score': 0.9352993369102478}, {'label': 'moderate', 'score': 0.04075475409626961}, {'label': 'severe', 'score': 0.02394595555961132}]]"
256,"[[{'label': 'not depression', 'score': 0.9383050799369812}, {'label': 'moderate', 'score': 0.03985098749399185}, {'label': 'severe', 'score': 0.021843867376446724}]]"
257,"[[{'label': 'not depression', 'score': 0.936458945274353}, {'label': 'moderate', 'score': 0.045805033296346664}, {'label': 'severe', 'score': 0.017736060544848442}]]"
258,"[[{'label': 'not depression', 'score': 0.9470580220222473}, {'label': 'moderate', 'score': 0.03652238845825195}, {'label': 'severe', 'score': 0.01641959510743618}]]"
259,"[[{'label': 'not depression', 'score': 0.913136899471283}, {'label': 'moderate', 'score': 0.056154415011405945}, {'label': 'severe', 'score': 0.03070870414376259}]]"
260,"[[{'label': 'not depression', 'score': 0.8993169069290161}, {'label': 'moderate', 'score': 0.06045809015631676}, {'label': 'severe', 'score': 0.04022495076060295}]]"
261,"[[{'label': 'not depression', 'score': 0.9381054043769836}, {'label': 'moderate', 'score': 0.042816609144210815}, {'label': 'severe', 'score': 0.019077952951192856}]]"
262,"[[{'label': 'not depression', 'score': 0.9389285445213318}, {'label': 'moderate', 'score': 0.04015643149614334}, {'label': 'severe', 'score': 0.020915089175105095}]]"
263,"[[{'label': 'not depression', 'score': 0.9044270515441895}, {'label': 'moderate', 'score': 0.04977036640048027}, {'label': 'severe', 'score': 0.04580262303352356}]]"
264,"[[{'label': 'not depression', 'score': 0.9469676613807678}, {'label': 'moderate', 'score': 0.039888061583042145}, {'label': 'severe', 'score': 0.01314432080835104}]]"
265,"[[{'label': 'not depression', 'score': 0.9598479866981506}, {'label': 'moderate', 'score': 0.026597339659929276}, {'label': 'severe', 'score': 0.013554679229855537}]]"
266,"[[{'label': 'not depression', 'score': 0.923481822013855}, {'label': 'severe', 'score': 0.04026782512664795}, {'label': 'moderate', 'score': 0.03625038266181946}]]"
267,"[[{'label': 'not depression', 'score': 0.9612767100334167}, {'label': 'moderate', 'score': 0.024615850299596786}, {'label': 'severe', 'score': 0.014107420109212399}]]"
268,"[[{'label': 'not depression', 'score': 0.9171867966651917}, {'label': 'moderate', 'score': 0.05281476676464081}, {'label': 'severe', 'score': 0.029998382553458214}]]"
269,"[[{'label': 'not depression', 'score': 0.9474343061447144}, {'label': 'moderate', 'score': 0.03153065964579582}, {'label': 'severe', 'score': 0.02103503793478012}]]"
270,"[[{'label': 'not depression', 'score': 0.9496142268180847}, {'label': 'moderate', 'score': 0.0339655838906765}, {'label': 'severe', 'score': 0.016420181840658188}]]"
271,"[[{'label': 'not depression', 'score': 0.9108701944351196}, {'label': 'moderate', 'score': 0.046064648777246475}, {'label': 'severe', 'score': 0.04306512698531151}]]"
272,"[[{'label': 'not depression', 'score': 0.9296579957008362}, {'label': 'moderate', 'score': 0.0441240593791008}, {'label': 'severe', 'score': 0.0262179933488369}]]"
273,"[[{'label': 'not depression', 'score': 0.921234130859375}, {'label': 'moderate', 'score': 0.04464009776711464}, {'label': 'severe', 'score': 0.03412576764822006}]]"
274,"[[{'label': 'not depression', 'score': 0.9270795583724976}, {'label': 'moderate', 'score': 0.04088810831308365}, {'label': 'severe', 'score': 0.03203233703970909}]]"
275,"[[{'label': 'not depression', 'score': 0.9367848038673401}, {'label': 'moderate', 'score': 0.03615998849272728}, {'label': 'severe', 'score': 0.027055229991674423}]]"
276,"[[{'label': 'not depression', 'score': 0.9504719376564026}, {'label': 'moderate', 'score': 0.030490268021821976}, {'label': 'severe', 'score': 0.019037747755646706}]]"
277,"[[{'label': 'not depression', 'score': 0.9329274892807007}, {'label': 'severe', 'score': 0.03619861230254173}, {'label': 'moderate', 'score': 0.030873864889144897}]]"
278,"[[{'label': 'not depression', 'score': 0.9295847415924072}, {'label': 'moderate', 'score': 0.03768390044569969}, {'label': 'severe', 'score': 0.03273133561015129}]]"
279,"[[{'label': 'not depression', 'score': 0.908943235874176}, {'label': 'moderate', 'score': 0.04616466537117958}, {'label': 'severe', 'score': 0.04489216208457947}]]"
280,"[[{'label': 'not depression', 'score': 0.9091679453849792}, {'label': 'moderate', 'score': 0.04759092256426811}, {'label': 'severe', 'score': 0.04324118047952652}]]"
281,"[[{'label': 'not depression', 'score': 0.9453014731407166}, {'label': 'moderate', 'score': 0.03246051445603371}, {'label': 'severe', 'score': 0.02223806455731392}]]"
282,"[[{'label': 'not depression', 'score': 0.9326667189598083}, {'label': 'moderate', 'score': 0.038980066776275635}, {'label': 'severe', 'score': 0.028353197500109673}]]"
283,"[[{'label': 'not depression', 'score': 0.9369633197784424}, {'label': 'moderate', 'score': 0.04110892862081528}, {'label': 'severe', 'score': 0.02192777581512928}]]"
284,"[[{'label': 'not depression', 'score': 0.9360858798027039}, {'label': 'moderate', 'score': 0.03726593405008316}, {'label': 'severe', 'score': 0.026648158207535744}]]"
285,"[[{'label': 'not depression', 'score': 0.9733075499534607}, {'label': 'moderate', 'score': 0.014650785364210606}, {'label': 'severe', 'score': 0.012041682377457619}]]"
286,"[[{'label': 'not depression', 'score': 0.9483861327171326}, {'label': 'moderate', 'score': 0.03477587178349495}, {'label': 'severe', 'score': 0.016837988048791885}]]"
287,"[[{'label': 'not depression', 'score': 0.9700899124145508}, {'label': 'moderate', 'score': 0.01892976462841034}, {'label': 'severe', 'score': 0.01098027266561985}]]"
288,"[[{'label': 'not depression', 'score': 0.9329239726066589}, {'label': 'moderate', 'score': 0.0426250621676445}, {'label': 'severe', 'score': 0.024450907483696938}]]"
289,"[[{'label': 'not depression', 'score': 0.9303296208381653}, {'label': 'moderate', 'score': 0.03642185777425766}, {'label': 'severe', 'score': 0.03324854001402855}]]"
290,"[[{'label': 'not depression', 'score': 0.949487566947937}, {'label': 'moderate', 'score': 0.03014250099658966}, {'label': 'severe', 'score': 0.02036993019282818}]]"
291,"[[{'label': 'not depression', 'score': 0.9648570418357849}, {'label': 'moderate', 'score': 0.022349530830979347}, {'label': 'severe', 'score': 0.012793423607945442}]]"
292,"[[{'label': 'not depression', 'score': 0.9530354738235474}, {'label': 'moderate', 'score': 0.0307571180164814}, {'label': 'severe', 'score': 0.016207411885261536}]]"
293,"[[{'label': 'not depression', 'score': 0.9566444158554077}, {'label': 'moderate', 'score': 0.02851893939077854}, {'label': 'severe', 'score': 0.014836621470749378}]]"
294,"[[{'label': 'not depression', 'score': 0.9664354920387268}, {'label': 'moderate', 'score': 0.022252049297094345}, {'label': 'severe', 'score': 0.011312456801533699}]]"
295,"[[{'label': 'not depression', 'score': 0.9437882304191589}, {'label': 'moderate', 'score': 0.037331391125917435}, {'label': 'severe', 'score': 0.018880344927310944}]]"
296,"[[{'label': 'not depression', 'score': 0.9339332580566406}, {'label': 'moderate', 'score': 0.04329478368163109}, {'label': 'severe', 'score': 0.02277193032205105}]]"
297,"[[{'label': 'not depression', 'score': 0.9257053732872009}, {'label': 'moderate', 'score': 0.05628906190395355}, {'label': 'severe', 'score': 0.01800556480884552}]]"
298,"[[{'label': 'not depression', 'score': 0.9673603177070618}, {'label': 'moderate', 'score': 0.018711883574724197}, {'label': 'severe', 'score': 0.013927802443504333}]]"
299,"[[{'label': 'not depression', 'score': 0.9201840162277222}, {'label': 'moderate', 'score': 0.05110858380794525}, {'label': 'severe', 'score': 0.028707457706332207}]]"
300,"[[{'label': 'not depression', 'score': 0.9483084678649902}, {'label': 'moderate', 'score': 0.03898406773805618}, {'label': 'severe', 'score': 0.012707469053566456}]]"
301,"[[{'label': 'not depression', 'score': 0.7682185769081116}, {'label': 'moderate', 'score': 0.21266987919807434}, {'label': 'severe', 'score': 0.019111542031168938}]]"
302,"[[{'label': 'not depression', 'score': 0.5324153304100037}, {'label': 'moderate', 'score': 0.3585154116153717}, {'label': 'severe', 'score': 0.10906922072172165}]]"
303,"[[{'label': 'not depression', 'score': 0.6366280913352966}, {'label': 'moderate', 'score': 0.31020432710647583}, {'label': 'severe', 'score': 0.05316755920648575}]]"
304,"[[{'label': 'not depression', 'score': 0.7967336773872375}, {'label': 'moderate', 'score': 0.16655835509300232}, {'label': 'severe', 'score': 0.03670797124505043}]]"
305,"[[{'label': 'not depression', 'score': 0.8144169449806213}, {'label': 'moderate', 'score': 0.15451383590698242}, {'label': 'severe', 'score': 0.031069189310073853}]]"
306,"[[{'label': 'not depression', 'score': 0.6932536959648132}, {'label': 'moderate', 'score': 0.27103081345558167}, {'label': 'severe', 'score': 0.035715483129024506}]]"
307,"[[{'label': 'not depression', 'score': 0.6662245392799377}, {'label': 'moderate', 'score': 0.2749023735523224}, {'label': 'severe', 'score': 0.05887308344244957}]]"
308,"[[{'label': 'not depression', 'score': 0.7477737069129944}, {'label': 'moderate', 'score': 0.2181144803762436}, {'label': 'severe', 'score': 0.034111782908439636}]]"
309,"[[{'label': 'not depression', 'score': 0.7096130847930908}, {'label': 'moderate', 'score': 0.24939626455307007}, {'label': 'severe', 'score': 0.040990639477968216}]]"
310,"[[{'label': 'not depression', 'score': 0.6574422717094421}, {'label': 'moderate', 'score': 0.2756757140159607}, {'label': 'severe', 'score': 0.06688207387924194}]]"
311,"[[{'label': 'not depression', 'score': 0.8004299998283386}, {'label': 'moderate', 'score': 0.17872904241085052}, {'label': 'severe', 'score': 0.020840954035520554}]]"
312,"[[{'label': 'not depression', 'score': 0.5411868095397949}, {'label': 'moderate', 'score': 0.42925548553466797}, {'label': 'severe', 'score': 0.029557688161730766}]]"
313,"[[{'label': 'not depression', 'score': 0.6166760921478271}, {'label': 'moderate', 'score': 0.36835363507270813}, {'label': 'severe', 'score': 0.01497024018317461}]]"
314,"[[{'label': 'not depression', 'score': 0.4879354238510132}, {'label': 'moderate', 'score': 0.4714909493923187}, {'label': 'severe', 'score': 0.04057363048195839}]]"
315,"[[{'label': 'not depression', 'score': 0.9074598550796509}, {'label': 'moderate', 'score': 0.0832013487815857}, {'label': 'severe', 'score': 0.009338757954537868}]]"
316,"[[{'label': 'not depression', 'score': 0.5700219869613647}, {'label': 'moderate', 'score': 0.40998372435569763}, {'label': 'severe', 'score': 0.019994227215647697}]]"
317,"[[{'label': 'not depression', 'score': 0.6384384632110596}, {'label': 'moderate', 'score': 0.3279778063297272}, {'label': 'severe', 'score': 0.03358373045921326}]]"
318,"[[{'label': 'not depression', 'score': 0.743499755859375}, {'label': 'moderate', 'score': 0.22706609964370728}, {'label': 'severe', 'score': 0.029434144496917725}]]"
319,"[[{'label': 'not depression', 'score': 0.5472205281257629}, {'label': 'moderate', 'score': 0.4327123761177063}, {'label': 'severe', 'score': 0.02006707899272442}]]"
320,"[[{'label': 'moderate', 'score': 0.6441958546638489}, {'label': 'not depression', 'score': 0.3297184109687805}, {'label': 'severe', 'score': 0.02608570270240307}]]"
321,"[[{'label': 'moderate', 'score': 0.558850884437561}, {'label': 'not depression', 'score': 0.39560332894325256}, {'label': 'severe', 'score': 0.045545794069767}]]"
322,"[[{'label': 'not depression', 'score': 0.7268723249435425}, {'label': 'moderate', 'score': 0.24320411682128906}, {'label': 'severe', 'score': 0.029923537746071815}]]"
323,"[[{'label': 'not depression', 'score': 0.6391788721084595}, {'label': 'moderate', 'score': 0.3334248960018158}, {'label': 'severe', 'score': 0.02739621512591839}]]"
324,"[[{'label': 'moderate', 'score': 0.5872718095779419}, {'label': 'not depression', 'score': 0.36055150628089905}, {'label': 'severe', 'score': 0.05217672139406204}]]"
325,"[[{'label': 'moderate', 'score': 0.5601289868354797}, {'label': 'not depression', 'score': 0.414361834526062}, {'label': 'severe', 'score': 0.025509202852845192}]]"
326,"[[{'label': 'moderate', 'score': 0.5662986040115356}, {'label': 'not depression', 'score': 0.4000188410282135}, {'label': 'severe', 'score': 0.033682625740766525}]]"
327,"[[{'label': 'not depression', 'score': 0.8026477694511414}, {'label': 'moderate', 'score': 0.16895093023777008}, {'label': 'severe', 'score': 0.028401309624314308}]]"
328,"[[{'label': 'not depression', 'score': 0.6275765299797058}, {'label': 'moderate', 'score': 0.35187506675720215}, {'label': 'severe', 'score': 0.020548466593027115}]]"
329,"[[{'label': 'not depression', 'score': 0.6849995851516724}, {'label': 'moderate', 'score': 0.28727880120277405}, {'label': 'severe', 'score': 0.027721576392650604}]]"
330,"[[{'label': 'not depression', 'score': 0.5140613913536072}, {'label': 'moderate', 'score': 0.45056554675102234}, {'label': 'severe', 'score': 0.03537306189537048}]]"
331,"[[{'label': 'not depression', 'score': 0.9381749629974365}, {'label': 'moderate', 'score': 0.05218174681067467}, {'label': 'severe', 'score': 0.00964327808469534}]]"
332,"[[{'label': 'not depression', 'score': 0.8432160019874573}, {'label': 'moderate', 'score': 0.13318151235580444}, {'label': 'severe', 'score': 0.0236024372279644}]]"
333,"[[{'label': 'not depression', 'score': 0.6159003376960754}, {'label': 'moderate', 'score': 0.248911514878273}, {'label': 'severe', 'score': 0.13518811762332916}]]"
334,"[[{'label': 'not depression', 'score': 0.8038977384567261}, {'label': 'moderate', 'score': 0.1711168736219406}, {'label': 'severe', 'score': 0.024985376745462418}]]"
335,"[[{'label': 'not depression', 'score': 0.816559910774231}, {'label': 'moderate', 'score': 0.17071305215358734}, {'label': 'severe', 'score': 0.01272701844573021}]]"
336,"[[{'label': 'not depression', 'score': 0.840239942073822}, {'label': 'moderate', 'score': 0.14409464597702026}, {'label': 'severe', 'score': 0.01566537655889988}]]"
337,"[[{'label': 'not depression', 'score': 0.7273468971252441}, {'label': 'moderate', 'score': 0.24675394594669342}, {'label': 'severe', 'score': 0.02589912712574005}]]"
338,"[[{'label': 'not depression', 'score': 0.8428677320480347}, {'label': 'moderate', 'score': 0.12577493488788605}, {'label': 'severe', 'score': 0.03135737404227257}]]"
339,"[[{'label': 'not depression', 'score': 0.9077199101448059}, {'label': 'moderate', 'score': 0.07891261577606201}, {'label': 'severe', 'score': 0.013367465697228909}]]"
340,"[[{'label': 'not depression', 'score': 0.9017809629440308}, {'label': 'moderate', 'score': 0.08468232303857803}, {'label': 'severe', 'score': 0.013536741025745869}]]"
341,"[[{'label': 'moderate', 'score': 0.5393872857093811}, {'label': 'not depression', 'score': 0.36135968565940857}, {'label': 'severe', 'score': 0.09925298392772675}]]"
342,"[[{'label': 'not depression', 'score': 0.9108616709709167}, {'label': 'moderate', 'score': 0.07112115621566772}, {'label': 'severe', 'score': 0.01801721565425396}]]"
343,"[[{'label': 'not depression', 'score': 0.7951215505599976}, {'label': 'moderate', 'score': 0.17682741582393646}, {'label': 'severe', 'score': 0.028051059693098068}]]"
344,"[[{'label': 'moderate', 'score': 0.6349185705184937}, {'label': 'severe', 'score': 0.24265746772289276}, {'label': 'not depression', 'score': 0.12242388725280762}]]"
345,"[[{'label': 'moderate', 'score': 0.5568747520446777}, {'label': 'not depression', 'score': 0.3402331471443176}, {'label': 'severe', 'score': 0.10289207100868225}]]"
346,"[[{'label': 'moderate', 'score': 0.626396656036377}, {'label': 'not depression', 'score': 0.28834280371665955}, {'label': 'severe', 'score': 0.08526056259870529}]]"
347,"[[{'label': 'moderate', 'score': 0.4308001697063446}, {'label': 'not depression', 'score': 0.32231736183166504}, {'label': 'severe', 'score': 0.24688252806663513}]]"
348,"[[{'label': 'moderate', 'score': 0.4220656454563141}, {'label': 'not depression', 'score': 0.2966792583465576}, {'label': 'severe', 'score': 0.2812550365924835}]]"
349,"[[{'label': 'not depression', 'score': 0.5205749273300171}, {'label': 'moderate', 'score': 0.3652360141277313}, {'label': 'severe', 'score': 0.11418908089399338}]]"
350,"[[{'label': 'not depression', 'score': 0.5330768823623657}, {'label': 'moderate', 'score': 0.36441120505332947}, {'label': 'severe', 'score': 0.10251186043024063}]]"
351,"[[{'label': 'moderate', 'score': 0.7338050007820129}, {'label': 'not depression', 'score': 0.22725380957126617}, {'label': 'severe', 'score': 0.0389411561191082}]]"
352,"[[{'label': 'moderate', 'score': 0.6656766533851624}, {'label': 'not depression', 'score': 0.30767714977264404}, {'label': 'severe', 'score': 0.026646146550774574}]]"
353,"[[{'label': 'not depression', 'score': 0.6801255345344543}, {'label': 'moderate', 'score': 0.3006243109703064}, {'label': 'severe', 'score': 0.019250137731432915}]]"
354,"[[{'label': 'not depression', 'score': 0.6520712971687317}, {'label': 'moderate', 'score': 0.31709370017051697}, {'label': 'severe', 'score': 0.030835047364234924}]]"
355,"[[{'label': 'moderate', 'score': 0.6662828922271729}, {'label': 'not depression', 'score': 0.31270238757133484}, {'label': 'severe', 'score': 0.0210147425532341}]]"
356,"[[{'label': 'moderate', 'score': 0.6484861373901367}, {'label': 'not depression', 'score': 0.3301365077495575}, {'label': 'severe', 'score': 0.021377375349402428}]]"
357,"[[{'label': 'not depression', 'score': 0.6300069689750671}, {'label': 'moderate', 'score': 0.3439919948577881}, {'label': 'severe', 'score': 0.0260010939091444}]]"
358,"[[{'label': 'not depression', 'score': 0.7967908978462219}, {'label': 'moderate', 'score': 0.17833426594734192}, {'label': 'severe', 'score': 0.024874793365597725}]]"
359,"[[{'label': 'not depression', 'score': 0.6570995450019836}, {'label': 'moderate', 'score': 0.31284299492836}, {'label': 'severe', 'score': 0.03005746565759182}]]"
360,"[[{'label': 'not depression', 'score': 0.7542715072631836}, {'label': 'moderate', 'score': 0.22903694212436676}, {'label': 'severe', 'score': 0.01669151894748211}]]"
