1,"[[{'label': 'not depression', 'score': 0.8954110145568848}, {'label': 'severe', 'score': 0.057446978986263275}, {'label': 'moderate', 'score': 0.04714197665452957}]]"
2,"[[{'label': 'not depression', 'score': 0.9587162733078003}, {'label': 'moderate', 'score': 0.03283654898405075}, {'label': 'severe', 'score': 0.008447176776826382}]]"
3,"[[{'label': 'not depression', 'score': 0.8544564247131348}, {'label': 'moderate', 'score': 0.08697683364152908}, {'label': 'severe', 'score': 0.05856672674417496}]]"
4,"[[{'label': 'not depression', 'score': 0.9303481578826904}, {'label': 'moderate', 'score': 0.04741697385907173}, {'label': 'severe', 'score': 0.022234858945012093}]]"
5,"[[{'label': 'not depression', 'score': 0.9126186370849609}, {'label': 'moderate', 'score': 0.06446374207735062}, {'label': 'severe', 'score': 0.022917652502655983}]]"
6,"[[{'label': 'not depression', 'score': 0.9452760219573975}, {'label': 'moderate', 'score': 0.04305458813905716}, {'label': 'severe', 'score': 0.011669427156448364}]]"
7,"[[{'label': 'not depression', 'score': 0.9457687139511108}, {'label': 'moderate', 'score': 0.040437351912260056}, {'label': 'severe', 'score': 0.013793976977467537}]]"
8,"[[{'label': 'not depression', 'score': 0.9241268634796143}, {'label': 'moderate', 'score': 0.056895188987255096}, {'label': 'severe', 'score': 0.018977997824549675}]]"
9,"[[{'label': 'not depression', 'score': 0.9511154294013977}, {'label': 'moderate', 'score': 0.033651869744062424}, {'label': 'severe', 'score': 0.015232706442475319}]]"
10,"[[{'label': 'not depression', 'score': 0.9600684642791748}, {'label': 'moderate', 'score': 0.028027934953570366}, {'label': 'severe', 'score': 0.011903614737093449}]]"
11,"[[{'label': 'not depression', 'score': 0.9310732483863831}, {'label': 'moderate', 'score': 0.047314129769802094}, {'label': 'severe', 'score': 0.021612612530589104}]]"
12,"[[{'label': 'not depression', 'score': 0.9567728042602539}, {'label': 'moderate', 'score': 0.0336814820766449}, {'label': 'severe', 'score': 0.009545703418552876}]]"
13,"[[{'label': 'not depression', 'score': 0.959649384021759}, {'label': 'moderate', 'score': 0.030811980366706848}, {'label': 'severe', 'score': 0.009538608603179455}]]"
14,"[[{'label': 'not depression', 'score': 0.9367415904998779}, {'label': 'moderate', 'score': 0.04688194766640663}, {'label': 'severe', 'score': 0.016376448795199394}]]"
15,"[[{'label': 'not depression', 'score': 0.9296908378601074}, {'label': 'moderate', 'score': 0.05258912220597267}, {'label': 'severe', 'score': 0.017720038071274757}]]"
16,"[[{'label': 'not depression', 'score': 0.9524006843566895}, {'label': 'moderate', 'score': 0.03674791753292084}, {'label': 'severe', 'score': 0.010851393453776836}]]"
17,"[[{'label': 'not depression', 'score': 0.9369738698005676}, {'label': 'moderate', 'score': 0.05081469565629959}, {'label': 'severe', 'score': 0.012211459688842297}]]"
18,"[[{'label': 'not depression', 'score': 0.9085684418678284}, {'label': 'moderate', 'score': 0.05348560959100723}, {'label': 'severe', 'score': 0.037945933640003204}]]"
19,"[[{'label': 'not depression', 'score': 0.9333856105804443}, {'label': 'moderate', 'score': 0.044934503734111786}, {'label': 'severe', 'score': 0.021679937839508057}]]"
20,"[[{'label': 'not depression', 'score': 0.8484876751899719}, {'label': 'severe', 'score': 0.09441521018743515}, {'label': 'moderate', 'score': 0.0570971742272377}]]"
21,"[[{'label': 'not depression', 'score': 0.9360774755477905}, {'label': 'moderate', 'score': 0.03336062654852867}, {'label': 'severe', 'score': 0.030561868101358414}]]"
22,"[[{'label': 'not depression', 'score': 0.9063299894332886}, {'label': 'moderate', 'score': 0.07219832390546799}, {'label': 'severe', 'score': 0.021471619606018066}]]"
23,"[[{'label': 'not depression', 'score': 0.9502741694450378}, {'label': 'moderate', 'score': 0.03762204945087433}, {'label': 'severe', 'score': 0.012103797867894173}]]"
24,"[[{'label': 'not depression', 'score': 0.9410030245780945}, {'label': 'moderate', 'score': 0.04611222818493843}, {'label': 'severe', 'score': 0.012884728610515594}]]"
25,"[[{'label': 'not depression', 'score': 0.8152592182159424}, {'label': 'moderate', 'score': 0.13120317459106445}, {'label': 'severe', 'score': 0.05353759229183197}]]"
26,"[[{'label': 'not depression', 'score': 0.9318040609359741}, {'label': 'moderate', 'score': 0.04280741140246391}, {'label': 'severe', 'score': 0.02538849599659443}]]"
27,"[[{'label': 'not depression', 'score': 0.9526942372322083}, {'label': 'moderate', 'score': 0.037346210330724716}, {'label': 'severe', 'score': 0.009959599003195763}]]"
28,"[[{'label': 'not depression', 'score': 0.955501139163971}, {'label': 'moderate', 'score': 0.037826620042324066}, {'label': 'severe', 'score': 0.00667223846539855}]]"
29,"[[{'label': 'not depression', 'score': 0.8991968035697937}, {'label': 'moderate', 'score': 0.06525778770446777}, {'label': 'severe', 'score': 0.03554535657167435}]]"
30,"[[{'label': 'not depression', 'score': 0.915067732334137}, {'label': 'severe', 'score': 0.04406043887138367}, {'label': 'moderate', 'score': 0.04087186977267265}]]"
31,"[[{'label': 'not depression', 'score': 0.9001326560974121}, {'label': 'moderate', 'score': 0.06779272854328156}, {'label': 'severe', 'score': 0.03207467123866081}]]"
32,"[[{'label': 'not depression', 'score': 0.9495141506195068}, {'label': 'moderate', 'score': 0.039086587727069855}, {'label': 'severe', 'score': 0.011399309150874615}]]"
33,"[[{'label': 'not depression', 'score': 0.9256104826927185}, {'label': 'moderate', 'score': 0.04866352677345276}, {'label': 'severe', 'score': 0.025726009160280228}]]"
34,"[[{'label': 'not depression', 'score': 0.9305579662322998}, {'label': 'moderate', 'score': 0.05347587168216705}, {'label': 'severe', 'score': 0.01596616953611374}]]"
35,"[[{'label': 'not depression', 'score': 0.9197912216186523}, {'label': 'moderate', 'score': 0.04960596188902855}, {'label': 'severe', 'score': 0.030602801591157913}]]"
36,"[[{'label': 'not depression', 'score': 0.962727963924408}, {'label': 'moderate', 'score': 0.02739003673195839}, {'label': 'severe', 'score': 0.00988199282437563}]]"
37,"[[{'label': 'not depression', 'score': 0.8840466141700745}, {'label': 'moderate', 'score': 0.09882235527038574}, {'label': 'severe', 'score': 0.017130998894572258}]]"
38,"[[{'label': 'not depression', 'score': 0.9541653990745544}, {'label': 'moderate', 'score': 0.03229014575481415}, {'label': 'severe', 'score': 0.013544466346502304}]]"
39,"[[{'label': 'not depression', 'score': 0.9576855301856995}, {'label': 'moderate', 'score': 0.032512418925762177}, {'label': 'severe', 'score': 0.00980202853679657}]]"
40,"[[{'label': 'not depression', 'score': 0.8240436911582947}, {'label': 'severe', 'score': 0.08814243227243423}, {'label': 'moderate', 'score': 0.08781394362449646}]]"
41,"[[{'label': 'not depression', 'score': 0.958297848701477}, {'label': 'moderate', 'score': 0.034083738923072815}, {'label': 'severe', 'score': 0.007618333678692579}]]"
42,"[[{'label': 'not depression', 'score': 0.9493446946144104}, {'label': 'moderate', 'score': 0.036206651479005814}, {'label': 'severe', 'score': 0.014448696747422218}]]"
43,"[[{'label': 'not depression', 'score': 0.9240360260009766}, {'label': 'moderate', 'score': 0.05649411678314209}, {'label': 'severe', 'score': 0.01946980319917202}]]"
44,"[[{'label': 'not depression', 'score': 0.9522788524627686}, {'label': 'moderate', 'score': 0.03371143341064453}, {'label': 'severe', 'score': 0.014009716920554638}]]"
45,"[[{'label': 'not depression', 'score': 0.8846242427825928}, {'label': 'moderate', 'score': 0.0877322256565094}, {'label': 'severe', 'score': 0.0276434738188982}]]"
46,"[[{'label': 'not depression', 'score': 0.9611293077468872}, {'label': 'moderate', 'score': 0.02980169840157032}, {'label': 'severe', 'score': 0.00906901154667139}]]"
47,"[[{'label': 'not depression', 'score': 0.9450895190238953}, {'label': 'moderate', 'score': 0.043960101902484894}, {'label': 'severe', 'score': 0.010950371623039246}]]"
48,"[[{'label': 'not depression', 'score': 0.9305992722511292}, {'label': 'moderate', 'score': 0.048505231738090515}, {'label': 'severe', 'score': 0.02089550718665123}]]"
49,"[[{'label': 'not depression', 'score': 0.9456664323806763}, {'label': 'moderate', 'score': 0.04310698062181473}, {'label': 'severe', 'score': 0.01122658047825098}]]"
50,"[[{'label': 'not depression', 'score': 0.9143071174621582}, {'label': 'moderate', 'score': 0.06473959982395172}, {'label': 'severe', 'score': 0.02095325104892254}]]"
51,"[[{'label': 'not depression', 'score': 0.9439729452133179}, {'label': 'moderate', 'score': 0.03962574154138565}, {'label': 'severe', 'score': 0.016401348635554314}]]"
52,"[[{'label': 'not depression', 'score': 0.9742200970649719}, {'label': 'moderate', 'score': 0.019703539088368416}, {'label': 'severe', 'score': 0.006076360121369362}]]"
53,"[[{'label': 'not depression', 'score': 0.9164044857025146}, {'label': 'moderate', 'score': 0.060791146010160446}, {'label': 'severe', 'score': 0.022804420441389084}]]"
54,"[[{'label': 'not depression', 'score': 0.919297993183136}, {'label': 'moderate', 'score': 0.04513418674468994}, {'label': 'severe', 'score': 0.035567816346883774}]]"
55,"[[{'label': 'not depression', 'score': 0.9590333104133606}, {'label': 'moderate', 'score': 0.03231867030262947}, {'label': 'severe', 'score': 0.008648012764751911}]]"
56,"[[{'label': 'not depression', 'score': 0.9544281959533691}, {'label': 'moderate', 'score': 0.03805486485362053}, {'label': 'severe', 'score': 0.0075168912298977375}]]"
57,"[[{'label': 'not depression', 'score': 0.9073600172996521}, {'label': 'moderate', 'score': 0.07336840778589249}, {'label': 'severe', 'score': 0.019271591678261757}]]"
58,"[[{'label': 'not depression', 'score': 0.9635339975357056}, {'label': 'moderate', 'score': 0.028562376275658607}, {'label': 'severe', 'score': 0.007903581485152245}]]"
59,"[[{'label': 'not depression', 'score': 0.9702971577644348}, {'label': 'moderate', 'score': 0.022342082113027573}, {'label': 'severe', 'score': 0.007360795047134161}]]"
60,"[[{'label': 'not depression', 'score': 0.8528567552566528}, {'label': 'severe', 'score': 0.08188074082136154}, {'label': 'moderate', 'score': 0.06526248902082443}]]"
61,"[[{'label': 'not depression', 'score': 0.8825415968894958}, {'label': 'moderate', 'score': 0.09449462592601776}, {'label': 'severe', 'score': 0.022963764145970345}]]"
62,"[[{'label': 'not depression', 'score': 0.9356722831726074}, {'label': 'moderate', 'score': 0.05070243775844574}, {'label': 'severe', 'score': 0.013625294901430607}]]"
63,"[[{'label': 'not depression', 'score': 0.9238654971122742}, {'label': 'moderate', 'score': 0.056832484900951385}, {'label': 'severe', 'score': 0.019301991909742355}]]"
64,"[[{'label': 'not depression', 'score': 0.9316674470901489}, {'label': 'moderate', 'score': 0.05521183833479881}, {'label': 'severe', 'score': 0.013120741583406925}]]"
65,"[[{'label': 'not depression', 'score': 0.9313605427742004}, {'label': 'moderate', 'score': 0.05412687361240387}, {'label': 'severe', 'score': 0.014512566849589348}]]"
66,"[[{'label': 'not depression', 'score': 0.9268039464950562}, {'label': 'moderate', 'score': 0.06337417662143707}, {'label': 'severe', 'score': 0.009821869432926178}]]"
67,"[[{'label': 'not depression', 'score': 0.9046751260757446}, {'label': 'moderate', 'score': 0.07864183932542801}, {'label': 'severe', 'score': 0.016683083027601242}]]"
68,"[[{'label': 'not depression', 'score': 0.8966550827026367}, {'label': 'moderate', 'score': 0.08870641887187958}, {'label': 'severe', 'score': 0.014638545922935009}]]"
69,"[[{'label': 'not depression', 'score': 0.9295516610145569}, {'label': 'moderate', 'score': 0.055112626403570175}, {'label': 'severe', 'score': 0.015335671603679657}]]"
70,"[[{'label': 'not depression', 'score': 0.9453204274177551}, {'label': 'moderate', 'score': 0.04356081783771515}, {'label': 'severe', 'score': 0.011118738912045956}]]"
71,"[[{'label': 'not depression', 'score': 0.9524789452552795}, {'label': 'moderate', 'score': 0.03692859783768654}, {'label': 'severe', 'score': 0.010592388920485973}]]"
72,"[[{'label': 'not depression', 'score': 0.9375029802322388}, {'label': 'moderate', 'score': 0.04979607090353966}, {'label': 'severe', 'score': 0.012700900435447693}]]"
73,"[[{'label': 'not depression', 'score': 0.9478236436843872}, {'label': 'moderate', 'score': 0.04262887313961983}, {'label': 'severe', 'score': 0.009547460824251175}]]"
74,"[[{'label': 'not depression', 'score': 0.9387034773826599}, {'label': 'moderate', 'score': 0.04940296337008476}, {'label': 'severe', 'score': 0.011893576011061668}]]"
75,"[[{'label': 'not depression', 'score': 0.8906068205833435}, {'label': 'moderate', 'score': 0.08485275506973267}, {'label': 'severe', 'score': 0.024540459737181664}]]"
76,"[[{'label': 'not depression', 'score': 0.9681280851364136}, {'label': 'moderate', 'score': 0.02659175731241703}, {'label': 'severe', 'score': 0.005280131474137306}]]"
77,"[[{'label': 'not depression', 'score': 0.9521307349205017}, {'label': 'moderate', 'score': 0.04012449085712433}, {'label': 'severe', 'score': 0.007744777016341686}]]"
78,"[[{'label': 'not depression', 'score': 0.9032468795776367}, {'label': 'moderate', 'score': 0.08321543782949448}, {'label': 'severe', 'score': 0.013537731021642685}]]"
79,"[[{'label': 'not depression', 'score': 0.9489133954048157}, {'label': 'moderate', 'score': 0.04000657796859741}, {'label': 'severe', 'score': 0.01108001172542572}]]"
80,"[[{'label': 'not depression', 'score': 0.9155395030975342}, {'label': 'moderate', 'score': 0.06272932887077332}, {'label': 'severe', 'score': 0.02173110470175743}]]"
81,"[[{'label': 'not depression', 'score': 0.9509686827659607}, {'label': 'moderate', 'score': 0.039595428854227066}, {'label': 'severe', 'score': 0.00943592470139265}]]"
82,"[[{'label': 'not depression', 'score': 0.9294895529747009}, {'label': 'moderate', 'score': 0.056605271995067596}, {'label': 'severe', 'score': 0.013905108906328678}]]"
83,"[[{'label': 'not depression', 'score': 0.9345647096633911}, {'label': 'moderate', 'score': 0.04791426286101341}, {'label': 'severe', 'score': 0.01752096600830555}]]"
84,"[[{'label': 'not depression', 'score': 0.9200371503829956}, {'label': 'moderate', 'score': 0.06315600872039795}, {'label': 'severe', 'score': 0.016806794330477715}]]"
85,"[[{'label': 'not depression', 'score': 0.9568759202957153}, {'label': 'moderate', 'score': 0.03357125073671341}, {'label': 'severe', 'score': 0.009552812203764915}]]"
86,"[[{'label': 'not depression', 'score': 0.9452279806137085}, {'label': 'moderate', 'score': 0.04425142705440521}, {'label': 'severe', 'score': 0.010520600713789463}]]"
87,"[[{'label': 'not depression', 'score': 0.9264433979988098}, {'label': 'moderate', 'score': 0.05933157354593277}, {'label': 'severe', 'score': 0.014225046150386333}]]"
88,"[[{'label': 'not depression', 'score': 0.931757390499115}, {'label': 'moderate', 'score': 0.05651877820491791}, {'label': 'severe', 'score': 0.011723872274160385}]]"
89,"[[{'label': 'not depression', 'score': 0.909088134765625}, {'label': 'moderate', 'score': 0.0766642764210701}, {'label': 'severe', 'score': 0.014247576706111431}]]"
90,"[[{'label': 'not depression', 'score': 0.9548926949501038}, {'label': 'moderate', 'score': 0.03956166282296181}, {'label': 'severe', 'score': 0.005545635242015123}]]"
91,"[[{'label': 'not depression', 'score': 0.9282029271125793}, {'label': 'moderate', 'score': 0.061299603432416916}, {'label': 'severe', 'score': 0.01049747783690691}]]"
92,"[[{'label': 'not depression', 'score': 0.901200532913208}, {'label': 'moderate', 'score': 0.0817759558558464}, {'label': 'severe', 'score': 0.01702352613210678}]]"
93,"[[{'label': 'not depression', 'score': 0.9170898199081421}, {'label': 'moderate', 'score': 0.06692604720592499}, {'label': 'severe', 'score': 0.01598409190773964}]]"
94,"[[{'label': 'not depression', 'score': 0.8598403930664062}, {'label': 'moderate', 'score': 0.12196271866559982}, {'label': 'severe', 'score': 0.018196940422058105}]]"
95,"[[{'label': 'not depression', 'score': 0.9584787487983704}, {'label': 'moderate', 'score': 0.03360060229897499}, {'label': 'severe', 'score': 0.007920683361589909}]]"
96,"[[{'label': 'not depression', 'score': 0.934516429901123}, {'label': 'moderate', 'score': 0.05451120808720589}, {'label': 'severe', 'score': 0.010972423478960991}]]"
97,"[[{'label': 'not depression', 'score': 0.9662398099899292}, {'label': 'moderate', 'score': 0.02742602489888668}, {'label': 'severe', 'score': 0.006334144622087479}]]"
98,"[[{'label': 'not depression', 'score': 0.9116973876953125}, {'label': 'moderate', 'score': 0.07164451479911804}, {'label': 'severe', 'score': 0.01665809378027916}]]"
99,"[[{'label': 'not depression', 'score': 0.900115430355072}, {'label': 'moderate', 'score': 0.08010402321815491}, {'label': 'severe', 'score': 0.019780559465289116}]]"
100,"[[{'label': 'not depression', 'score': 0.9485911726951599}, {'label': 'moderate', 'score': 0.04242289811372757}, {'label': 'severe', 'score': 0.00898592546582222}]]"
101,"[[{'label': 'not depression', 'score': 0.9376235008239746}, {'label': 'moderate', 'score': 0.04970178008079529}, {'label': 'severe', 'score': 0.012674760073423386}]]"
102,"[[{'label': 'not depression', 'score': 0.9699583053588867}, {'label': 'moderate', 'score': 0.024942871183156967}, {'label': 'severe', 'score': 0.005098791792988777}]]"
103,"[[{'label': 'not depression', 'score': 0.9218299388885498}, {'label': 'moderate', 'score': 0.06297925114631653}, {'label': 'severe', 'score': 0.015190789476037025}]]"
104,"[[{'label': 'not depression', 'score': 0.9598891735076904}, {'label': 'moderate', 'score': 0.03248995169997215}, {'label': 'severe', 'score': 0.007620871998369694}]]"
105,"[[{'label': 'not depression', 'score': 0.9221086502075195}, {'label': 'moderate', 'score': 0.06338214874267578}, {'label': 'severe', 'score': 0.014509191736578941}]]"
106,"[[{'label': 'not depression', 'score': 0.9265367388725281}, {'label': 'moderate', 'score': 0.05754067003726959}, {'label': 'severe', 'score': 0.015922527760267258}]]"
107,"[[{'label': 'not depression', 'score': 0.9237189888954163}, {'label': 'moderate', 'score': 0.06091827526688576}, {'label': 'severe', 'score': 0.015362706035375595}]]"
108,"[[{'label': 'not depression', 'score': 0.9567924737930298}, {'label': 'moderate', 'score': 0.03264492005109787}, {'label': 'severe', 'score': 0.010562589392066002}]]"
109,"[[{'label': 'not depression', 'score': 0.9345541000366211}, {'label': 'moderate', 'score': 0.05302020534873009}, {'label': 'severe', 'score': 0.012425724416971207}]]"
110,"[[{'label': 'not depression', 'score': 0.9396708607673645}, {'label': 'moderate', 'score': 0.04755954071879387}, {'label': 'severe', 'score': 0.012769640423357487}]]"
111,"[[{'label': 'not depression', 'score': 0.9215729832649231}, {'label': 'moderate', 'score': 0.0683138519525528}, {'label': 'severe', 'score': 0.010113161988556385}]]"
112,"[[{'label': 'not depression', 'score': 0.9269656538963318}, {'label': 'moderate', 'score': 0.06231871247291565}, {'label': 'severe', 'score': 0.010715628042817116}]]"
113,"[[{'label': 'not depression', 'score': 0.967355489730835}, {'label': 'moderate', 'score': 0.02296149916946888}, {'label': 'severe', 'score': 0.009682991541922092}]]"
114,"[[{'label': 'not depression', 'score': 0.960669994354248}, {'label': 'moderate', 'score': 0.03173040226101875}, {'label': 'severe', 'score': 0.007599568460136652}]]"
115,"[[{'label': 'not depression', 'score': 0.904954731464386}, {'label': 'moderate', 'score': 0.07768469303846359}, {'label': 'severe', 'score': 0.01736055500805378}]]"
116,"[[{'label': 'not depression', 'score': 0.8856356739997864}, {'label': 'moderate', 'score': 0.09482856094837189}, {'label': 'severe', 'score': 0.019535809755325317}]]"
117,"[[{'label': 'not depression', 'score': 0.9248844981193542}, {'label': 'moderate', 'score': 0.057112500071525574}, {'label': 'severe', 'score': 0.01800302229821682}]]"
118,"[[{'label': 'not depression', 'score': 0.9734443426132202}, {'label': 'moderate', 'score': 0.020891286432743073}, {'label': 'severe', 'score': 0.00566436629742384}]]"
119,"[[{'label': 'not depression', 'score': 0.8950030207633972}, {'label': 'moderate', 'score': 0.09042522311210632}, {'label': 'severe', 'score': 0.014571746811270714}]]"
120,"[[{'label': 'not depression', 'score': 0.9689322113990784}, {'label': 'moderate', 'score': 0.02579960599541664}, {'label': 'severe', 'score': 0.005268138367682695}]]"
121,"[[{'label': 'not depression', 'score': 0.9298431873321533}, {'label': 'moderate', 'score': 0.06310486793518066}, {'label': 'severe', 'score': 0.0070519824512302876}]]"
122,"[[{'label': 'not depression', 'score': 0.9624561667442322}, {'label': 'moderate', 'score': 0.029714658856391907}, {'label': 'severe', 'score': 0.007829142734408379}]]"
123,"[[{'label': 'not depression', 'score': 0.9605830907821655}, {'label': 'moderate', 'score': 0.03176478296518326}, {'label': 'severe', 'score': 0.0076520987786352634}]]"
124,"[[{'label': 'not depression', 'score': 0.9673717021942139}, {'label': 'moderate', 'score': 0.02747715637087822}, {'label': 'severe', 'score': 0.005151129327714443}]]"
125,"[[{'label': 'not depression', 'score': 0.9350141882896423}, {'label': 'moderate', 'score': 0.05366048589348793}, {'label': 'severe', 'score': 0.0113253528252244}]]"
126,"[[{'label': 'not depression', 'score': 0.9713436365127563}, {'label': 'moderate', 'score': 0.023856155574321747}, {'label': 'severe', 'score': 0.0048001836985349655}]]"
127,"[[{'label': 'not depression', 'score': 0.9511428475379944}, {'label': 'moderate', 'score': 0.038738854229450226}, {'label': 'severe', 'score': 0.010118337348103523}]]"
128,"[[{'label': 'not depression', 'score': 0.9475947618484497}, {'label': 'moderate', 'score': 0.046278808265924454}, {'label': 'severe', 'score': 0.006126439664512873}]]"
129,"[[{'label': 'not depression', 'score': 0.9352412223815918}, {'label': 'moderate', 'score': 0.050647009164094925}, {'label': 'severe', 'score': 0.014111784286797047}]]"
130,"[[{'label': 'not depression', 'score': 0.9805192351341248}, {'label': 'moderate', 'score': 0.016399143263697624}, {'label': 'severe', 'score': 0.003081638365983963}]]"
131,"[[{'label': 'not depression', 'score': 0.9602370858192444}, {'label': 'moderate', 'score': 0.033003050833940506}, {'label': 'severe', 'score': 0.006759894546121359}]]"
132,"[[{'label': 'not depression', 'score': 0.9189242720603943}, {'label': 'moderate', 'score': 0.06783576309680939}, {'label': 'severe', 'score': 0.013239898718893528}]]"
133,"[[{'label': 'not depression', 'score': 0.9290139675140381}, {'label': 'moderate', 'score': 0.058873359113931656}, {'label': 'severe', 'score': 0.01211264543235302}]]"
134,"[[{'label': 'not depression', 'score': 0.9781507253646851}, {'label': 'moderate', 'score': 0.017821434885263443}, {'label': 'severe', 'score': 0.004027820657938719}]]"
135,"[[{'label': 'not depression', 'score': 0.9269390106201172}, {'label': 'moderate', 'score': 0.05930522456765175}, {'label': 'severe', 'score': 0.013755797408521175}]]"
136,"[[{'label': 'not depression', 'score': 0.9285337328910828}, {'label': 'moderate', 'score': 0.0571221299469471}, {'label': 'severe', 'score': 0.014344066381454468}]]"
137,"[[{'label': 'not depression', 'score': 0.9651095867156982}, {'label': 'moderate', 'score': 0.029606550931930542}, {'label': 'severe', 'score': 0.005283856764435768}]]"
138,"[[{'label': 'not depression', 'score': 0.9542383551597595}, {'label': 'moderate', 'score': 0.035601597279310226}, {'label': 'severe', 'score': 0.010160128585994244}]]"
139,"[[{'label': 'not depression', 'score': 0.9668649435043335}, {'label': 'moderate', 'score': 0.026667926460504532}, {'label': 'severe', 'score': 0.006467190105468035}]]"
140,"[[{'label': 'not depression', 'score': 0.9162046909332275}, {'label': 'moderate', 'score': 0.07235953211784363}, {'label': 'severe', 'score': 0.011435783468186855}]]"
141,"[[{'label': 'not depression', 'score': 0.9545844793319702}, {'label': 'moderate', 'score': 0.036261871457099915}, {'label': 'severe', 'score': 0.009153620339930058}]]"
142,"[[{'label': 'not depression', 'score': 0.9678975939750671}, {'label': 'moderate', 'score': 0.02457830123603344}, {'label': 'severe', 'score': 0.007524092681705952}]]"
143,"[[{'label': 'not depression', 'score': 0.9365636706352234}, {'label': 'moderate', 'score': 0.04934653267264366}, {'label': 'severe', 'score': 0.014089826494455338}]]"
144,"[[{'label': 'not depression', 'score': 0.965158224105835}, {'label': 'moderate', 'score': 0.028520405292510986}, {'label': 'severe', 'score': 0.006321360822767019}]]"
145,"[[{'label': 'not depression', 'score': 0.9650989174842834}, {'label': 'moderate', 'score': 0.027384571731090546}, {'label': 'severe', 'score': 0.00751649122685194}]]"
146,"[[{'label': 'not depression', 'score': 0.9238836765289307}, {'label': 'moderate', 'score': 0.0656791403889656}, {'label': 'severe', 'score': 0.0104371327906847}]]"
147,"[[{'label': 'not depression', 'score': 0.939388632774353}, {'label': 'moderate', 'score': 0.04964686185121536}, {'label': 'severe', 'score': 0.010964459739625454}]]"
148,"[[{'label': 'not depression', 'score': 0.9696947336196899}, {'label': 'moderate', 'score': 0.023434167727828026}, {'label': 'severe', 'score': 0.006871081423014402}]]"
149,"[[{'label': 'not depression', 'score': 0.9406654238700867}, {'label': 'moderate', 'score': 0.049808427691459656}, {'label': 'severe', 'score': 0.009526122361421585}]]"
150,"[[{'label': 'not depression', 'score': 0.9691103100776672}, {'label': 'moderate', 'score': 0.0250093936920166}, {'label': 'severe', 'score': 0.005880299489945173}]]"
151,"[[{'label': 'not depression', 'score': 0.9307110905647278}, {'label': 'moderate', 'score': 0.05935535579919815}, {'label': 'severe', 'score': 0.009933541528880596}]]"
152,"[[{'label': 'not depression', 'score': 0.969741702079773}, {'label': 'moderate', 'score': 0.025241615250706673}, {'label': 'severe', 'score': 0.005016695242375135}]]"
153,"[[{'label': 'not depression', 'score': 0.9174917936325073}, {'label': 'moderate', 'score': 0.06752759963274002}, {'label': 'severe', 'score': 0.01498066820204258}]]"
154,"[[{'label': 'not depression', 'score': 0.9740427136421204}, {'label': 'moderate', 'score': 0.021812889724969864}, {'label': 'severe', 'score': 0.00414435425773263}]]"
155,"[[{'label': 'not depression', 'score': 0.9560918211936951}, {'label': 'moderate', 'score': 0.036589544266462326}, {'label': 'severe', 'score': 0.007318706717342138}]]"
156,"[[{'label': 'not depression', 'score': 0.9717170596122742}, {'label': 'moderate', 'score': 0.02286955714225769}, {'label': 'severe', 'score': 0.005413341801613569}]]"
157,"[[{'label': 'not depression', 'score': 0.9500852823257446}, {'label': 'moderate', 'score': 0.039832428097724915}, {'label': 'severe', 'score': 0.01008225791156292}]]"
158,"[[{'label': 'not depression', 'score': 0.9731630682945251}, {'label': 'moderate', 'score': 0.02303541824221611}, {'label': 'severe', 'score': 0.0038015595637261868}]]"
159,"[[{'label': 'not depression', 'score': 0.9514991641044617}, {'label': 'moderate', 'score': 0.03881860896945}, {'label': 'severe', 'score': 0.009682266041636467}]]"
160,"[[{'label': 'not depression', 'score': 0.953791081905365}, {'label': 'moderate', 'score': 0.03193691000342369}, {'label': 'severe', 'score': 0.014272034168243408}]]"
161,"[[{'label': 'not depression', 'score': 0.9556096196174622}, {'label': 'moderate', 'score': 0.034823376685380936}, {'label': 'severe', 'score': 0.009567019529640675}]]"
162,"[[{'label': 'not depression', 'score': 0.9748674035072327}, {'label': 'moderate', 'score': 0.02072104439139366}, {'label': 'severe', 'score': 0.004411526024341583}]]"
163,"[[{'label': 'not depression', 'score': 0.9582821130752563}, {'label': 'moderate', 'score': 0.03388124331831932}, {'label': 'severe', 'score': 0.007836665958166122}]]"
164,"[[{'label': 'not depression', 'score': 0.9772771596908569}, {'label': 'moderate', 'score': 0.018770089372992516}, {'label': 'severe', 'score': 0.003952700644731522}]]"
165,"[[{'label': 'not depression', 'score': 0.9693238139152527}, {'label': 'moderate', 'score': 0.025391560047864914}, {'label': 'severe', 'score': 0.005284569226205349}]]"
166,"[[{'label': 'not depression', 'score': 0.9486356973648071}, {'label': 'moderate', 'score': 0.04381929710507393}, {'label': 'severe', 'score': 0.00754499202594161}]]"
167,"[[{'label': 'not depression', 'score': 0.9008094668388367}, {'label': 'moderate', 'score': 0.08441278338432312}, {'label': 'severe', 'score': 0.014777724631130695}]]"
168,"[[{'label': 'not depression', 'score': 0.9364882111549377}, {'label': 'moderate', 'score': 0.05073085054755211}, {'label': 'severe', 'score': 0.012780947610735893}]]"
169,"[[{'label': 'not depression', 'score': 0.9445340633392334}, {'label': 'moderate', 'score': 0.03915351256728172}, {'label': 'severe', 'score': 0.01631244271993637}]]"
170,"[[{'label': 'not depression', 'score': 0.9344519376754761}, {'label': 'moderate', 'score': 0.05280338600277901}, {'label': 'severe', 'score': 0.012744652107357979}]]"
171,"[[{'label': 'not depression', 'score': 0.9551536440849304}, {'label': 'moderate', 'score': 0.03394873067736626}, {'label': 'severe', 'score': 0.010897699743509293}]]"
172,"[[{'label': 'not depression', 'score': 0.9383100271224976}, {'label': 'moderate', 'score': 0.04902279004454613}, {'label': 'severe', 'score': 0.012667137198150158}]]"
173,"[[{'label': 'not depression', 'score': 0.9620881080627441}, {'label': 'moderate', 'score': 0.029915452003479004}, {'label': 'severe', 'score': 0.00799645110964775}]]"
174,"[[{'label': 'not depression', 'score': 0.9673509001731873}, {'label': 'moderate', 'score': 0.026825014501810074}, {'label': 'severe', 'score': 0.005823999643325806}]]"
175,"[[{'label': 'not depression', 'score': 0.9639337062835693}, {'label': 'moderate', 'score': 0.030566710978746414}, {'label': 'severe', 'score': 0.005499550607055426}]]"
176,"[[{'label': 'not depression', 'score': 0.9538871049880981}, {'label': 'moderate', 'score': 0.032946519553661346}, {'label': 'severe', 'score': 0.01316637173295021}]]"
177,"[[{'label': 'not depression', 'score': 0.9230855107307434}, {'label': 'moderate', 'score': 0.06652569770812988}, {'label': 'severe', 'score': 0.010388757102191448}]]"
178,"[[{'label': 'not depression', 'score': 0.9572818279266357}, {'label': 'moderate', 'score': 0.03636026382446289}, {'label': 'severe', 'score': 0.00635791290551424}]]"
179,"[[{'label': 'not depression', 'score': 0.9510575532913208}, {'label': 'moderate', 'score': 0.03860870376229286}, {'label': 'severe', 'score': 0.010333767160773277}]]"
180,"[[{'label': 'not depression', 'score': 0.92564857006073}, {'label': 'moderate', 'score': 0.06280188262462616}, {'label': 'severe', 'score': 0.011549516580998898}]]"
181,"[[{'label': 'not depression', 'score': 0.9740238785743713}, {'label': 'moderate', 'score': 0.02095072716474533}, {'label': 'severe', 'score': 0.005025451071560383}]]"
182,"[[{'label': 'not depression', 'score': 0.9562572240829468}, {'label': 'moderate', 'score': 0.03510143980383873}, {'label': 'severe', 'score': 0.008641308173537254}]]"
183,"[[{'label': 'not depression', 'score': 0.9723799228668213}, {'label': 'moderate', 'score': 0.022335290908813477}, {'label': 'severe', 'score': 0.005284802056849003}]]"
184,"[[{'label': 'not depression', 'score': 0.9667581915855408}, {'label': 'moderate', 'score': 0.02733149379491806}, {'label': 'severe', 'score': 0.005910288076847792}]]"
185,"[[{'label': 'not depression', 'score': 0.9756647944450378}, {'label': 'moderate', 'score': 0.018946448341012}, {'label': 'severe', 'score': 0.005388739053159952}]]"
186,"[[{'label': 'not depression', 'score': 0.9679420590400696}, {'label': 'moderate', 'score': 0.02485300600528717}, {'label': 'severe', 'score': 0.007204884197562933}]]"
187,"[[{'label': 'not depression', 'score': 0.9760530591011047}, {'label': 'moderate', 'score': 0.019112732261419296}, {'label': 'severe', 'score': 0.004834195598959923}]]"
188,"[[{'label': 'not depression', 'score': 0.9757762551307678}, {'label': 'moderate', 'score': 0.019869443029165268}, {'label': 'severe', 'score': 0.0043542589992284775}]]"
189,"[[{'label': 'not depression', 'score': 0.9699087738990784}, {'label': 'moderate', 'score': 0.024649102240800858}, {'label': 'severe', 'score': 0.005442111287266016}]]"
190,"[[{'label': 'not depression', 'score': 0.954106867313385}, {'label': 'moderate', 'score': 0.03694885969161987}, {'label': 'severe', 'score': 0.008944261819124222}]]"
191,"[[{'label': 'not depression', 'score': 0.9777076840400696}, {'label': 'moderate', 'score': 0.017624452710151672}, {'label': 'severe', 'score': 0.004667873028665781}]]"
192,"[[{'label': 'not depression', 'score': 0.9575340151786804}, {'label': 'moderate', 'score': 0.0334901437163353}, {'label': 'severe', 'score': 0.008975781500339508}]]"
193,"[[{'label': 'not depression', 'score': 0.9549741744995117}, {'label': 'moderate', 'score': 0.035900283604860306}, {'label': 'severe', 'score': 0.00912548042833805}]]"
194,"[[{'label': 'not depression', 'score': 0.9692606925964355}, {'label': 'moderate', 'score': 0.024640697985887527}, {'label': 'severe', 'score': 0.006098643410950899}]]"
195,"[[{'label': 'not depression', 'score': 0.9660233855247498}, {'label': 'moderate', 'score': 0.02759590931236744}, {'label': 'severe', 'score': 0.006380677688866854}]]"
196,"[[{'label': 'not depression', 'score': 0.9760997295379639}, {'label': 'moderate', 'score': 0.01786975935101509}, {'label': 'severe', 'score': 0.006030517630279064}]]"
197,"[[{'label': 'not depression', 'score': 0.9739686846733093}, {'label': 'moderate', 'score': 0.021790357306599617}, {'label': 'severe', 'score': 0.004240985959768295}]]"
198,"[[{'label': 'not depression', 'score': 0.9693564176559448}, {'label': 'moderate', 'score': 0.02465677075088024}, {'label': 'severe', 'score': 0.005986829288303852}]]"
199,"[[{'label': 'not depression', 'score': 0.9429540634155273}, {'label': 'moderate', 'score': 0.04218001291155815}, {'label': 'severe', 'score': 0.014865927398204803}]]"
200,"[[{'label': 'not depression', 'score': 0.9450074434280396}, {'label': 'moderate', 'score': 0.04502349719405174}, {'label': 'severe', 'score': 0.00996908638626337}]]"
201,"[[{'label': 'not depression', 'score': 0.9785799980163574}, {'label': 'moderate', 'score': 0.01702486164867878}, {'label': 'severe', 'score': 0.004395092837512493}]]"
202,"[[{'label': 'not depression', 'score': 0.9480147361755371}, {'label': 'moderate', 'score': 0.040196362882852554}, {'label': 'severe', 'score': 0.011788937263190746}]]"
203,"[[{'label': 'not depression', 'score': 0.974825918674469}, {'label': 'moderate', 'score': 0.02102617546916008}, {'label': 'severe', 'score': 0.0041479673236608505}]]"
204,"[[{'label': 'not depression', 'score': 0.9782538414001465}, {'label': 'moderate', 'score': 0.01603798381984234}, {'label': 'severe', 'score': 0.005708199460059404}]]"
205,"[[{'label': 'not depression', 'score': 0.9699872732162476}, {'label': 'moderate', 'score': 0.023353340104222298}, {'label': 'severe', 'score': 0.006659364327788353}]]"
206,"[[{'label': 'not depression', 'score': 0.9708573818206787}, {'label': 'moderate', 'score': 0.0223385039716959}, {'label': 'severe', 'score': 0.006804109551012516}]]"
207,"[[{'label': 'not depression', 'score': 0.9826623201370239}, {'label': 'moderate', 'score': 0.013333385810256004}, {'label': 'severe', 'score': 0.004004332702606916}]]"
208,"[[{'label': 'not depression', 'score': 0.9630564451217651}, {'label': 'moderate', 'score': 0.029112517833709717}, {'label': 'severe', 'score': 0.007830996997654438}]]"
209,"[[{'label': 'not depression', 'score': 0.9641238451004028}, {'label': 'moderate', 'score': 0.028251467272639275}, {'label': 'severe', 'score': 0.0076247332617640495}]]"
210,"[[{'label': 'not depression', 'score': 0.9415382742881775}, {'label': 'moderate', 'score': 0.04221734404563904}, {'label': 'severe', 'score': 0.016244422644376755}]]"
211,"[[{'label': 'not depression', 'score': 0.9594059586524963}, {'label': 'moderate', 'score': 0.03120710328221321}, {'label': 'severe', 'score': 0.009386956691741943}]]"
212,"[[{'label': 'not depression', 'score': 0.9699142575263977}, {'label': 'moderate', 'score': 0.024881547316908836}, {'label': 'severe', 'score': 0.005204187706112862}]]"
213,"[[{'label': 'not depression', 'score': 0.9649143218994141}, {'label': 'moderate', 'score': 0.028503654524683952}, {'label': 'severe', 'score': 0.006582044996321201}]]"
214,"[[{'label': 'not depression', 'score': 0.964341402053833}, {'label': 'moderate', 'score': 0.027644911780953407}, {'label': 'severe', 'score': 0.008013658225536346}]]"
215,"[[{'label': 'not depression', 'score': 0.9365683794021606}, {'label': 'moderate', 'score': 0.04921362176537514}, {'label': 'severe', 'score': 0.01421802956610918}]]"
216,"[[{'label': 'not depression', 'score': 0.9563319087028503}, {'label': 'moderate', 'score': 0.03559701517224312}, {'label': 'severe', 'score': 0.008071048185229301}]]"
217,"[[{'label': 'not depression', 'score': 0.9425057172775269}, {'label': 'moderate', 'score': 0.045826975256204605}, {'label': 'severe', 'score': 0.011667318642139435}]]"
218,"[[{'label': 'not depression', 'score': 0.9266751408576965}, {'label': 'moderate', 'score': 0.05443689599633217}, {'label': 'severe', 'score': 0.01888796128332615}]]"
219,"[[{'label': 'not depression', 'score': 0.9672530889511108}, {'label': 'moderate', 'score': 0.02600320242345333}, {'label': 'severe', 'score': 0.006743742153048515}]]"
220,"[[{'label': 'not depression', 'score': 0.9590694904327393}, {'label': 'moderate', 'score': 0.033282943069934845}, {'label': 'severe', 'score': 0.00764757813885808}]]"
221,"[[{'label': 'not depression', 'score': 0.9767240285873413}, {'label': 'moderate', 'score': 0.01794588565826416}, {'label': 'severe', 'score': 0.005330143962055445}]]"
222,"[[{'label': 'not depression', 'score': 0.9335952401161194}, {'label': 'moderate', 'score': 0.052479494363069534}, {'label': 'severe', 'score': 0.013925326056778431}]]"
223,"[[{'label': 'not depression', 'score': 0.9509297609329224}, {'label': 'moderate', 'score': 0.036416541785001755}, {'label': 'severe', 'score': 0.01265371311455965}]]"
224,"[[{'label': 'not depression', 'score': 0.972456157207489}, {'label': 'moderate', 'score': 0.02173452265560627}, {'label': 'severe', 'score': 0.005809381604194641}]]"
225,"[[{'label': 'not depression', 'score': 0.9706111550331116}, {'label': 'moderate', 'score': 0.02333306334912777}, {'label': 'severe', 'score': 0.006055799312889576}]]"
226,"[[{'label': 'not depression', 'score': 0.9749485850334167}, {'label': 'moderate', 'score': 0.01936042681336403}, {'label': 'severe', 'score': 0.0056909313425421715}]]"
227,"[[{'label': 'not depression', 'score': 0.9670314192771912}, {'label': 'moderate', 'score': 0.026015926152467728}, {'label': 'severe', 'score': 0.006952689029276371}]]"
228,"[[{'label': 'not depression', 'score': 0.9796211123466492}, {'label': 'moderate', 'score': 0.016026709228754044}, {'label': 'severe', 'score': 0.004352227319031954}]]"
229,"[[{'label': 'not depression', 'score': 0.9702619314193726}, {'label': 'moderate', 'score': 0.023813433945178986}, {'label': 'severe', 'score': 0.005924689583480358}]]"
230,"[[{'label': 'not depression', 'score': 0.9687236547470093}, {'label': 'moderate', 'score': 0.025501087307929993}, {'label': 'severe', 'score': 0.005775235593318939}]]"
231,"[[{'label': 'not depression', 'score': 0.9689308404922485}, {'label': 'moderate', 'score': 0.024631237611174583}, {'label': 'severe', 'score': 0.006437903270125389}]]"
232,"[[{'label': 'not depression', 'score': 0.9567764401435852}, {'label': 'moderate', 'score': 0.03416410833597183}, {'label': 'severe', 'score': 0.00905951764434576}]]"
233,"[[{'label': 'not depression', 'score': 0.9716766476631165}, {'label': 'moderate', 'score': 0.022395364940166473}, {'label': 'severe', 'score': 0.005927924066781998}]]"
234,"[[{'label': 'not depression', 'score': 0.9787198901176453}, {'label': 'moderate', 'score': 0.016253633424639702}, {'label': 'severe', 'score': 0.005026507191359997}]]"
235,"[[{'label': 'not depression', 'score': 0.9513789415359497}, {'label': 'moderate', 'score': 0.038121964782476425}, {'label': 'severe', 'score': 0.010499061085283756}]]"
236,"[[{'label': 'not depression', 'score': 0.9586572051048279}, {'label': 'moderate', 'score': 0.03132272884249687}, {'label': 'severe', 'score': 0.010020097717642784}]]"
237,"[[{'label': 'not depression', 'score': 0.9553403854370117}, {'label': 'moderate', 'score': 0.03408075124025345}, {'label': 'severe', 'score': 0.010578900575637817}]]"
238,"[[{'label': 'not depression', 'score': 0.971268355846405}, {'label': 'moderate', 'score': 0.0223193671554327}, {'label': 'severe', 'score': 0.006412312388420105}]]"
239,"[[{'label': 'not depression', 'score': 0.9587073922157288}, {'label': 'moderate', 'score': 0.033945247530937195}, {'label': 'severe', 'score': 0.007347384002059698}]]"
240,"[[{'label': 'not depression', 'score': 0.9675078988075256}, {'label': 'moderate', 'score': 0.025761250406503677}, {'label': 'severe', 'score': 0.006730897352099419}]]"
241,"[[{'label': 'not depression', 'score': 0.9597040414810181}, {'label': 'moderate', 'score': 0.033259134739637375}, {'label': 'severe', 'score': 0.007036843337118626}]]"
242,"[[{'label': 'not depression', 'score': 0.9649794697761536}, {'label': 'moderate', 'score': 0.028496650978922844}, {'label': 'severe', 'score': 0.0065238685347139835}]]"
243,"[[{'label': 'not depression', 'score': 0.9682859778404236}, {'label': 'moderate', 'score': 0.025847280398011208}, {'label': 'severe', 'score': 0.005866701249033213}]]"
244,"[[{'label': 'not depression', 'score': 0.9414231181144714}, {'label': 'moderate', 'score': 0.046707481145858765}, {'label': 'severe', 'score': 0.01186944730579853}]]"
245,"[[{'label': 'not depression', 'score': 0.9689713716506958}, {'label': 'moderate', 'score': 0.024885592982172966}, {'label': 'severe', 'score': 0.006143094971776009}]]"
246,"[[{'label': 'not depression', 'score': 0.9812654852867126}, {'label': 'moderate', 'score': 0.015262443572282791}, {'label': 'severe', 'score': 0.0034720185212790966}]]"
247,"[[{'label': 'not depression', 'score': 0.9824638962745667}, {'label': 'moderate', 'score': 0.013679834082722664}, {'label': 'severe', 'score': 0.003856276860460639}]]"
248,"[[{'label': 'not depression', 'score': 0.9745087027549744}, {'label': 'moderate', 'score': 0.01982918754220009}, {'label': 'severe', 'score': 0.00566212460398674}]]"
249,"[[{'label': 'not depression', 'score': 0.9567559957504272}, {'label': 'moderate', 'score': 0.033020392060279846}, {'label': 'severe', 'score': 0.010223647579550743}]]"
250,"[[{'label': 'not depression', 'score': 0.9765480160713196}, {'label': 'moderate', 'score': 0.019564585760235786}, {'label': 'severe', 'score': 0.003887344617396593}]]"
251,"[[{'label': 'not depression', 'score': 0.9671889543533325}, {'label': 'moderate', 'score': 0.026962032541632652}, {'label': 'severe', 'score': 0.005848990753293037}]]"
252,"[[{'label': 'not depression', 'score': 0.9814376831054688}, {'label': 'moderate', 'score': 0.014793666079640388}, {'label': 'severe', 'score': 0.003768672002479434}]]"
253,"[[{'label': 'not depression', 'score': 0.9747660756111145}, {'label': 'moderate', 'score': 0.01953662931919098}, {'label': 'severe', 'score': 0.005697296932339668}]]"
254,"[[{'label': 'not depression', 'score': 0.9814732670783997}, {'label': 'moderate', 'score': 0.014243071898818016}, {'label': 'severe', 'score': 0.004283676389604807}]]"
255,"[[{'label': 'not depression', 'score': 0.9450331926345825}, {'label': 'moderate', 'score': 0.042282234877347946}, {'label': 'severe', 'score': 0.012684616260230541}]]"
256,"[[{'label': 'not depression', 'score': 0.9246221780776978}, {'label': 'moderate', 'score': 0.060548216104507446}, {'label': 'severe', 'score': 0.014829613268375397}]]"
257,"[[{'label': 'not depression', 'score': 0.9790586829185486}, {'label': 'moderate', 'score': 0.01659683883190155}, {'label': 'severe', 'score': 0.004344533663243055}]]"
258,"[[{'label': 'not depression', 'score': 0.9559037685394287}, {'label': 'moderate', 'score': 0.034001342952251434}, {'label': 'severe', 'score': 0.010094882920384407}]]"
259,"[[{'label': 'not depression', 'score': 0.9287833571434021}, {'label': 'moderate', 'score': 0.05471773445606232}, {'label': 'severe', 'score': 0.016498921439051628}]]"
260,"[[{'label': 'not depression', 'score': 0.9345868825912476}, {'label': 'moderate', 'score': 0.05092950165271759}, {'label': 'severe', 'score': 0.014483608305454254}]]"
261,"[[{'label': 'not depression', 'score': 0.9796320796012878}, {'label': 'moderate', 'score': 0.016230272129178047}, {'label': 'severe', 'score': 0.0041376203298568726}]]"
262,"[[{'label': 'not depression', 'score': 0.9591509699821472}, {'label': 'moderate', 'score': 0.032954730093479156}, {'label': 'severe', 'score': 0.007894257083535194}]]"
263,"[[{'label': 'not depression', 'score': 0.9688770174980164}, {'label': 'moderate', 'score': 0.02500898949801922}, {'label': 'severe', 'score': 0.006113982293754816}]]"
264,"[[{'label': 'not depression', 'score': 0.9762266278266907}, {'label': 'moderate', 'score': 0.01852516271173954}, {'label': 'severe', 'score': 0.00524818804115057}]]"
265,"[[{'label': 'not depression', 'score': 0.982957124710083}, {'label': 'moderate', 'score': 0.014727815985679626}, {'label': 'severe', 'score': 0.002315119607374072}]]"
266,"[[{'label': 'not depression', 'score': 0.9684167504310608}, {'label': 'moderate', 'score': 0.024839822202920914}, {'label': 'severe', 'score': 0.006743432488292456}]]"
267,"[[{'label': 'not depression', 'score': 0.9516785740852356}, {'label': 'moderate', 'score': 0.0380450114607811}, {'label': 'severe', 'score': 0.010276397690176964}]]"
268,"[[{'label': 'not depression', 'score': 0.9720928072929382}, {'label': 'moderate', 'score': 0.02186867594718933}, {'label': 'severe', 'score': 0.006038506515324116}]]"
269,"[[{'label': 'not depression', 'score': 0.9701479077339172}, {'label': 'moderate', 'score': 0.025347569957375526}, {'label': 'severe', 'score': 0.004504538606852293}]]"
270,"[[{'label': 'not depression', 'score': 0.9701423048973083}, {'label': 'moderate', 'score': 0.0242068599909544}, {'label': 'severe', 'score': 0.005650786682963371}]]"
271,"[[{'label': 'not depression', 'score': 0.975990355014801}, {'label': 'moderate', 'score': 0.0188900139182806}, {'label': 'severe', 'score': 0.005119622685015202}]]"
272,"[[{'label': 'not depression', 'score': 0.9760722517967224}, {'label': 'moderate', 'score': 0.018393343314528465}, {'label': 'severe', 'score': 0.005534438882023096}]]"
273,"[[{'label': 'not depression', 'score': 0.9531562328338623}, {'label': 'moderate', 'score': 0.0385446734726429}, {'label': 'severe', 'score': 0.008299071341753006}]]"
274,"[[{'label': 'not depression', 'score': 0.9658277630805969}, {'label': 'moderate', 'score': 0.02689347416162491}, {'label': 'severe', 'score': 0.007278813514858484}]]"
275,"[[{'label': 'not depression', 'score': 0.9731290340423584}, {'label': 'moderate', 'score': 0.022055841982364655}, {'label': 'severe', 'score': 0.0048150778748095036}]]"
276,"[[{'label': 'not depression', 'score': 0.9640735387802124}, {'label': 'moderate', 'score': 0.028535224497318268}, {'label': 'severe', 'score': 0.007391271647065878}]]"
277,"[[{'label': 'not depression', 'score': 0.968703031539917}, {'label': 'moderate', 'score': 0.02467568777501583}, {'label': 'severe', 'score': 0.006621313281357288}]]"
278,"[[{'label': 'not depression', 'score': 0.9762484431266785}, {'label': 'moderate', 'score': 0.01909904181957245}, {'label': 'severe', 'score': 0.004652528092265129}]]"
279,"[[{'label': 'not depression', 'score': 0.9739633202552795}, {'label': 'moderate', 'score': 0.020870044827461243}, {'label': 'severe', 'score': 0.005166645161807537}]]"
280,"[[{'label': 'not depression', 'score': 0.9779071807861328}, {'label': 'moderate', 'score': 0.01695246808230877}, {'label': 'severe', 'score': 0.005140348337590694}]]"
281,"[[{'label': 'not depression', 'score': 0.9499651193618774}, {'label': 'moderate', 'score': 0.03941551223397255}, {'label': 'severe', 'score': 0.010619418695569038}]]"
282,"[[{'label': 'not depression', 'score': 0.9480283260345459}, {'label': 'moderate', 'score': 0.0410207062959671}, {'label': 'severe', 'score': 0.01095094159245491}]]"
283,"[[{'label': 'not depression', 'score': 0.9825794696807861}, {'label': 'moderate', 'score': 0.013483705930411816}, {'label': 'severe', 'score': 0.0039368243888020515}]]"
284,"[[{'label': 'not depression', 'score': 0.9746130704879761}, {'label': 'moderate', 'score': 0.020312147215008736}, {'label': 'severe', 'score': 0.005074700806289911}]]"
285,"[[{'label': 'not depression', 'score': 0.9729586243629456}, {'label': 'moderate', 'score': 0.020715918391942978}, {'label': 'severe', 'score': 0.006325431168079376}]]"
286,"[[{'label': 'not depression', 'score': 0.9483643770217896}, {'label': 'moderate', 'score': 0.03968875855207443}, {'label': 'severe', 'score': 0.01194689329713583}]]"
287,"[[{'label': 'not depression', 'score': 0.9477940797805786}, {'label': 'moderate', 'score': 0.04170842841267586}, {'label': 'severe', 'score': 0.01049746759235859}]]"
288,"[[{'label': 'not depression', 'score': 0.9758424162864685}, {'label': 'moderate', 'score': 0.01977793127298355}, {'label': 'severe', 'score': 0.00437961146235466}]]"
289,"[[{'label': 'not depression', 'score': 0.9762676358222961}, {'label': 'moderate', 'score': 0.018737604841589928}, {'label': 'severe', 'score': 0.004994701594114304}]]"
290,"[[{'label': 'not depression', 'score': 0.9626032710075378}, {'label': 'moderate', 'score': 0.03056035190820694}, {'label': 'severe', 'score': 0.0068364450708031654}]]"
291,"[[{'label': 'not depression', 'score': 0.9756574630737305}, {'label': 'moderate', 'score': 0.018847614526748657}, {'label': 'severe', 'score': 0.005494985263794661}]]"
292,"[[{'label': 'not depression', 'score': 0.9809744954109192}, {'label': 'moderate', 'score': 0.01568681187927723}, {'label': 'severe', 'score': 0.0033386622089892626}]]"
293,"[[{'label': 'not depression', 'score': 0.967979371547699}, {'label': 'moderate', 'score': 0.025071600452065468}, {'label': 'severe', 'score': 0.006949072703719139}]]"
294,"[[{'label': 'not depression', 'score': 0.9625241756439209}, {'label': 'moderate', 'score': 0.029431922361254692}, {'label': 'severe', 'score': 0.008043888956308365}]]"
295,"[[{'label': 'not depression', 'score': 0.966201663017273}, {'label': 'moderate', 'score': 0.027374718338251114}, {'label': 'severe', 'score': 0.006423669867217541}]]"
296,"[[{'label': 'not depression', 'score': 0.9677385091781616}, {'label': 'moderate', 'score': 0.02543843910098076}, {'label': 'severe', 'score': 0.006823041941970587}]]"
297,"[[{'label': 'not depression', 'score': 0.9735218286514282}, {'label': 'moderate', 'score': 0.019748089835047722}, {'label': 'severe', 'score': 0.0067301117815077305}]]"
298,"[[{'label': 'not depression', 'score': 0.9651989936828613}, {'label': 'moderate', 'score': 0.02835075557231903}, {'label': 'severe', 'score': 0.006450321059674025}]]"
299,"[[{'label': 'not depression', 'score': 0.9785043001174927}, {'label': 'moderate', 'score': 0.018055683001875877}, {'label': 'severe', 'score': 0.0034399821888655424}]]"
300,"[[{'label': 'not depression', 'score': 0.9807102680206299}, {'label': 'moderate', 'score': 0.014278817921876907}, {'label': 'severe', 'score': 0.005010965280234814}]]"
301,"[[{'label': 'not depression', 'score': 0.9549108147621155}, {'label': 'moderate', 'score': 0.034501101821660995}, {'label': 'severe', 'score': 0.010588062927126884}]]"
302,"[[{'label': 'not depression', 'score': 0.9729803800582886}, {'label': 'moderate', 'score': 0.02291974052786827}, {'label': 'severe', 'score': 0.004099896177649498}]]"
303,"[[{'label': 'not depression', 'score': 0.9720560908317566}, {'label': 'moderate', 'score': 0.02260744571685791}, {'label': 'severe', 'score': 0.005336403381079435}]]"
304,"[[{'label': 'not depression', 'score': 0.9752681255340576}, {'label': 'moderate', 'score': 0.01996517926454544}, {'label': 'severe', 'score': 0.004766699858009815}]]"
305,"[[{'label': 'not depression', 'score': 0.9374510049819946}, {'label': 'moderate', 'score': 0.049586474895477295}, {'label': 'severe', 'score': 0.012962497770786285}]]"
306,"[[{'label': 'not depression', 'score': 0.9733245968818665}, {'label': 'moderate', 'score': 0.022072801366448402}, {'label': 'severe', 'score': 0.004602630157023668}]]"
307,"[[{'label': 'not depression', 'score': 0.9459187388420105}, {'label': 'moderate', 'score': 0.044099435210227966}, {'label': 'severe', 'score': 0.009981844574213028}]]"
308,"[[{'label': 'not depression', 'score': 0.9514513611793518}, {'label': 'moderate', 'score': 0.03804177790880203}, {'label': 'severe', 'score': 0.010506827384233475}]]"
309,"[[{'label': 'not depression', 'score': 0.9718485474586487}, {'label': 'moderate', 'score': 0.023282503709197044}, {'label': 'severe', 'score': 0.0048689632676541805}]]"
310,"[[{'label': 'not depression', 'score': 0.9728480577468872}, {'label': 'moderate', 'score': 0.022324293851852417}, {'label': 'severe', 'score': 0.004827601835131645}]]"
311,"[[{'label': 'not depression', 'score': 0.9680272936820984}, {'label': 'moderate', 'score': 0.026918383315205574}, {'label': 'severe', 'score': 0.0050543686375021935}]]"
312,"[[{'label': 'not depression', 'score': 0.9731112122535706}, {'label': 'moderate', 'score': 0.02275877632200718}, {'label': 'severe', 'score': 0.00412999140098691}]]"
313,"[[{'label': 'not depression', 'score': 0.9811694025993347}, {'label': 'moderate', 'score': 0.01569323055446148}, {'label': 'severe', 'score': 0.0031373067758977413}]]"
314,"[[{'label': 'not depression', 'score': 0.9801357984542847}, {'label': 'moderate', 'score': 0.016219543293118477}, {'label': 'severe', 'score': 0.003644658485427499}]]"
315,"[[{'label': 'not depression', 'score': 0.9679967164993286}, {'label': 'moderate', 'score': 0.02738729678094387}, {'label': 'severe', 'score': 0.004616015125066042}]]"
316,"[[{'label': 'not depression', 'score': 0.9473187327384949}, {'label': 'moderate', 'score': 0.04188501834869385}, {'label': 'severe', 'score': 0.010796167887747288}]]"
317,"[[{'label': 'not depression', 'score': 0.9608461856842041}, {'label': 'moderate', 'score': 0.032676104456186295}, {'label': 'severe', 'score': 0.006477656774222851}]]"
318,"[[{'label': 'not depression', 'score': 0.9611963033676147}, {'label': 'moderate', 'score': 0.031213555485010147}, {'label': 'severe', 'score': 0.007590103428810835}]]"
319,"[[{'label': 'not depression', 'score': 0.9772084951400757}, {'label': 'moderate', 'score': 0.019133588299155235}, {'label': 'severe', 'score': 0.0036578455474227667}]]"
320,"[[{'label': 'not depression', 'score': 0.9388079643249512}, {'label': 'moderate', 'score': 0.048384394496679306}, {'label': 'severe', 'score': 0.012807567603886127}]]"
321,"[[{'label': 'not depression', 'score': 0.9384186863899231}, {'label': 'moderate', 'score': 0.04951995983719826}, {'label': 'severe', 'score': 0.012061387300491333}]]"
322,"[[{'label': 'not depression', 'score': 0.9362609386444092}, {'label': 'moderate', 'score': 0.050104737281799316}, {'label': 'severe', 'score': 0.013634356670081615}]]"
323,"[[{'label': 'not depression', 'score': 0.960703432559967}, {'label': 'moderate', 'score': 0.03051835484802723}, {'label': 'severe', 'score': 0.008778166025876999}]]"
324,"[[{'label': 'not depression', 'score': 0.9415874481201172}, {'label': 'moderate', 'score': 0.04732540622353554}, {'label': 'severe', 'score': 0.011087216436862946}]]"
325,"[[{'label': 'not depression', 'score': 0.9647262096405029}, {'label': 'moderate', 'score': 0.028742367401719093}, {'label': 'severe', 'score': 0.006531468592584133}]]"
326,"[[{'label': 'not depression', 'score': 0.9282407164573669}, {'label': 'moderate', 'score': 0.058634351938962936}, {'label': 'severe', 'score': 0.013124885968863964}]]"
327,"[[{'label': 'not depression', 'score': 0.9272164702415466}, {'label': 'moderate', 'score': 0.060874443501234055}, {'label': 'severe', 'score': 0.011909067630767822}]]"
328,"[[{'label': 'not depression', 'score': 0.9533964395523071}, {'label': 'moderate', 'score': 0.03790859878063202}, {'label': 'severe', 'score': 0.008694972842931747}]]"
329,"[[{'label': 'not depression', 'score': 0.9568153619766235}, {'label': 'moderate', 'score': 0.03592228889465332}, {'label': 'severe', 'score': 0.007262376602739096}]]"
330,"[[{'label': 'not depression', 'score': 0.9712345600128174}, {'label': 'moderate', 'score': 0.024152522906661034}, {'label': 'severe', 'score': 0.004612903576344252}]]"
331,"[[{'label': 'not depression', 'score': 0.983135461807251}, {'label': 'moderate', 'score': 0.0140968794003129}, {'label': 'severe', 'score': 0.0027676960453391075}]]"
332,"[[{'label': 'not depression', 'score': 0.9681246280670166}, {'label': 'moderate', 'score': 0.026575179770588875}, {'label': 'severe', 'score': 0.005300242453813553}]]"
333,"[[{'label': 'not depression', 'score': 0.9674069285392761}, {'label': 'moderate', 'score': 0.02597082406282425}, {'label': 'severe', 'score': 0.0066222515888512135}]]"
334,"[[{'label': 'not depression', 'score': 0.9478998184204102}, {'label': 'moderate', 'score': 0.04165755212306976}, {'label': 'severe', 'score': 0.010442704893648624}]]"
335,"[[{'label': 'not depression', 'score': 0.9707059860229492}, {'label': 'moderate', 'score': 0.02398575469851494}, {'label': 'severe', 'score': 0.005308276042342186}]]"
336,"[[{'label': 'not depression', 'score': 0.9564623236656189}, {'label': 'moderate', 'score': 0.03498908877372742}, {'label': 'severe', 'score': 0.008548599667847157}]]"
337,"[[{'label': 'not depression', 'score': 0.9650864601135254}, {'label': 'moderate', 'score': 0.029972922056913376}, {'label': 'severe', 'score': 0.004940591752529144}]]"
338,"[[{'label': 'not depression', 'score': 0.9642061591148376}, {'label': 'moderate', 'score': 0.028929585590958595}, {'label': 'severe', 'score': 0.00686424458399415}]]"
339,"[[{'label': 'not depression', 'score': 0.9732130765914917}, {'label': 'moderate', 'score': 0.02242957428097725}, {'label': 'severe', 'score': 0.004357416182756424}]]"
340,"[[{'label': 'not depression', 'score': 0.9370397925376892}, {'label': 'moderate', 'score': 0.05045858025550842}, {'label': 'severe', 'score': 0.012501610442996025}]]"
341,"[[{'label': 'not depression', 'score': 0.9564449191093445}, {'label': 'moderate', 'score': 0.03642953187227249}, {'label': 'severe', 'score': 0.007125628646463156}]]"
342,"[[{'label': 'not depression', 'score': 0.9516800045967102}, {'label': 'moderate', 'score': 0.03944104537367821}, {'label': 'severe', 'score': 0.00887898076325655}]]"
343,"[[{'label': 'not depression', 'score': 0.9730998277664185}, {'label': 'moderate', 'score': 0.022943541407585144}, {'label': 'severe', 'score': 0.0039565907791256905}]]"
344,"[[{'label': 'not depression', 'score': 0.974617600440979}, {'label': 'moderate', 'score': 0.02046320028603077}, {'label': 'severe', 'score': 0.004919170867651701}]]"
345,"[[{'label': 'not depression', 'score': 0.9705125689506531}, {'label': 'moderate', 'score': 0.023421304300427437}, {'label': 'severe', 'score': 0.0060660759918391705}]]"
346,"[[{'label': 'not depression', 'score': 0.9523528814315796}, {'label': 'moderate', 'score': 0.03803369775414467}, {'label': 'severe', 'score': 0.00961341056972742}]]"
347,"[[{'label': 'not depression', 'score': 0.9713481068611145}, {'label': 'moderate', 'score': 0.02519194409251213}, {'label': 'severe', 'score': 0.003459925763309002}]]"
348,"[[{'label': 'not depression', 'score': 0.9657931327819824}, {'label': 'moderate', 'score': 0.027191946282982826}, {'label': 'severe', 'score': 0.007014872506260872}]]"
349,"[[{'label': 'not depression', 'score': 0.9511778950691223}, {'label': 'moderate', 'score': 0.040435321629047394}, {'label': 'severe', 'score': 0.00838684942573309}]]"
350,"[[{'label': 'not depression', 'score': 0.9343246817588806}, {'label': 'moderate', 'score': 0.05558008328080177}, {'label': 'severe', 'score': 0.010095195844769478}]]"
351,"[[{'label': 'not depression', 'score': 0.9735959768295288}, {'label': 'moderate', 'score': 0.021150240674614906}, {'label': 'severe', 'score': 0.005253779236227274}]]"
352,"[[{'label': 'not depression', 'score': 0.9600849747657776}, {'label': 'moderate', 'score': 0.03350726142525673}, {'label': 'severe', 'score': 0.0064077540300786495}]]"
353,"[[{'label': 'not depression', 'score': 0.9752058982849121}, {'label': 'moderate', 'score': 0.020929133519530296}, {'label': 'severe', 'score': 0.003864964935928583}]]"
354,"[[{'label': 'not depression', 'score': 0.9453005194664001}, {'label': 'moderate', 'score': 0.04528927430510521}, {'label': 'severe', 'score': 0.009410248138010502}]]"
355,"[[{'label': 'not depression', 'score': 0.9670032262802124}, {'label': 'moderate', 'score': 0.02654828131198883}, {'label': 'severe', 'score': 0.006448495201766491}]]"
356,"[[{'label': 'not depression', 'score': 0.936458170413971}, {'label': 'moderate', 'score': 0.05272892490029335}, {'label': 'severe', 'score': 0.010812876746058464}]]"
357,"[[{'label': 'not depression', 'score': 0.9626057744026184}, {'label': 'moderate', 'score': 0.03146764263510704}, {'label': 'severe', 'score': 0.005926546640694141}]]"
358,"[[{'label': 'not depression', 'score': 0.9505767822265625}, {'label': 'moderate', 'score': 0.04044969379901886}, {'label': 'severe', 'score': 0.008973546326160431}]]"
359,"[[{'label': 'not depression', 'score': 0.9600585103034973}, {'label': 'moderate', 'score': 0.033672481775283813}, {'label': 'severe', 'score': 0.006269075442105532}]]"
360,"[[{'label': 'not depression', 'score': 0.9644226431846619}, {'label': 'moderate', 'score': 0.03003164939582348}, {'label': 'severe', 'score': 0.005545675754547119}]]"
