1,"[[{'label': 'not depression', 'score': 0.9796476364135742}, {'label': 'moderate', 'score': 0.01600690186023712}, {'label': 'severe', 'score': 0.0043454477563500404}]]"
2,"[[{'label': 'not depression', 'score': 0.9768011569976807}, {'label': 'moderate', 'score': 0.018512073904275894}, {'label': 'severe', 'score': 0.004686796572059393}]]"
3,"[[{'label': 'not depression', 'score': 0.9601613283157349}, {'label': 'moderate', 'score': 0.029711198061704636}, {'label': 'severe', 'score': 0.010127464309334755}]]"
4,"[[{'label': 'not depression', 'score': 0.9393883943557739}, {'label': 'moderate', 'score': 0.0478183887898922}, {'label': 'severe', 'score': 0.012793200090527534}]]"
5,"[[{'label': 'not depression', 'score': 0.9800277352333069}, {'label': 'moderate', 'score': 0.015688108280301094}, {'label': 'severe', 'score': 0.004284233786165714}]]"
6,"[[{'label': 'not depression', 'score': 0.9545647501945496}, {'label': 'moderate', 'score': 0.035157591104507446}, {'label': 'severe', 'score': 0.010277693159878254}]]"
7,"[[{'label': 'not depression', 'score': 0.9655223488807678}, {'label': 'moderate', 'score': 0.028367726132273674}, {'label': 'severe', 'score': 0.006109902635216713}]]"
8,"[[{'label': 'not depression', 'score': 0.9717319011688232}, {'label': 'moderate', 'score': 0.021921414881944656}, {'label': 'severe', 'score': 0.006346687208861113}]]"
9,"[[{'label': 'not depression', 'score': 0.9696897864341736}, {'label': 'moderate', 'score': 0.024398695677518845}, {'label': 'severe', 'score': 0.0059114741161465645}]]"
10,"[[{'label': 'not depression', 'score': 0.9671751260757446}, {'label': 'moderate', 'score': 0.028027327731251717}, {'label': 'severe', 'score': 0.004797474015504122}]]"
11,"[[{'label': 'not depression', 'score': 0.9624131917953491}, {'label': 'moderate', 'score': 0.029838398098945618}, {'label': 'severe', 'score': 0.0077484105713665485}]]"
12,"[[{'label': 'not depression', 'score': 0.965618371963501}, {'label': 'moderate', 'score': 0.026742607355117798}, {'label': 'severe', 'score': 0.007638990413397551}]]"
13,"[[{'label': 'not depression', 'score': 0.9568722248077393}, {'label': 'moderate', 'score': 0.034565504640340805}, {'label': 'severe', 'score': 0.008562254719436169}]]"
14,"[[{'label': 'not depression', 'score': 0.9336692094802856}, {'label': 'moderate', 'score': 0.05356427654623985}, {'label': 'severe', 'score': 0.012766467407345772}]]"
15,"[[{'label': 'not depression', 'score': 0.9683980941772461}, {'label': 'moderate', 'score': 0.025262363255023956}, {'label': 'severe', 'score': 0.006339515093713999}]]"
16,"[[{'label': 'not depression', 'score': 0.9802037477493286}, {'label': 'moderate', 'score': 0.016214385628700256}, {'label': 'severe', 'score': 0.0035818456672132015}]]"
17,"[[{'label': 'not depression', 'score': 0.9753888845443726}, {'label': 'moderate', 'score': 0.01960485614836216}, {'label': 'severe', 'score': 0.005006238352507353}]]"
18,"[[{'label': 'not depression', 'score': 0.9708949327468872}, {'label': 'moderate', 'score': 0.024023577570915222}, {'label': 'severe', 'score': 0.005081454757601023}]]"
19,"[[{'label': 'not depression', 'score': 0.9512374997138977}, {'label': 'moderate', 'score': 0.035334933549165726}, {'label': 'severe', 'score': 0.013427499681711197}]]"
20,"[[{'label': 'not depression', 'score': 0.9802060127258301}, {'label': 'moderate', 'score': 0.016322212293744087}, {'label': 'severe', 'score': 0.003471794305369258}]]"
21,"[[{'label': 'not depression', 'score': 0.9677942395210266}, {'label': 'moderate', 'score': 0.024075454100966454}, {'label': 'severe', 'score': 0.008130325935781002}]]"
22,"[[{'label': 'not depression', 'score': 0.9683189392089844}, {'label': 'moderate', 'score': 0.025694236159324646}, {'label': 'severe', 'score': 0.005986795295029879}]]"
23,"[[{'label': 'not depression', 'score': 0.9287704229354858}, {'label': 'moderate', 'score': 0.05837821587920189}, {'label': 'severe', 'score': 0.01285132672637701}]]"
24,"[[{'label': 'not depression', 'score': 0.9671303033828735}, {'label': 'moderate', 'score': 0.02613968588411808}, {'label': 'severe', 'score': 0.006729993503540754}]]"
25,"[[{'label': 'not depression', 'score': 0.9473925828933716}, {'label': 'moderate', 'score': 0.04304245486855507}, {'label': 'severe', 'score': 0.00956495851278305}]]"
26,"[[{'label': 'not depression', 'score': 0.9586602449417114}, {'label': 'moderate', 'score': 0.030886521562933922}, {'label': 'severe', 'score': 0.01045321486890316}]]"
27,"[[{'label': 'not depression', 'score': 0.9773054122924805}, {'label': 'moderate', 'score': 0.018842788413167}, {'label': 'severe', 'score': 0.003851865418255329}]]"
28,"[[{'label': 'not depression', 'score': 0.960726261138916}, {'label': 'moderate', 'score': 0.030828703194856644}, {'label': 'severe', 'score': 0.008445058949291706}]]"
29,"[[{'label': 'not depression', 'score': 0.9456474781036377}, {'label': 'moderate', 'score': 0.04516332224011421}, {'label': 'severe', 'score': 0.009189208969473839}]]"
30,"[[{'label': 'not depression', 'score': 0.969508707523346}, {'label': 'moderate', 'score': 0.024259772151708603}, {'label': 'severe', 'score': 0.006231584586203098}]]"
31,"[[{'label': 'not depression', 'score': 0.977057933807373}, {'label': 'moderate', 'score': 0.017889315262436867}, {'label': 'severe', 'score': 0.005052745807915926}]]"
32,"[[{'label': 'not depression', 'score': 0.9634591937065125}, {'label': 'moderate', 'score': 0.028998980298638344}, {'label': 'severe', 'score': 0.007541812490671873}]]"
33,"[[{'label': 'not depression', 'score': 0.9763051271438599}, {'label': 'moderate', 'score': 0.020038774237036705}, {'label': 'severe', 'score': 0.003656126791611314}]]"
34,"[[{'label': 'not depression', 'score': 0.9453510046005249}, {'label': 'moderate', 'score': 0.0436101108789444}, {'label': 'severe', 'score': 0.011038904078304768}]]"
35,"[[{'label': 'not depression', 'score': 0.956462025642395}, {'label': 'moderate', 'score': 0.034254539757966995}, {'label': 'severe', 'score': 0.009283422492444515}]]"
36,"[[{'label': 'not depression', 'score': 0.9657503366470337}, {'label': 'moderate', 'score': 0.027506306767463684}, {'label': 'severe', 'score': 0.006743399892002344}]]"
37,"[[{'label': 'not depression', 'score': 0.9642658829689026}, {'label': 'moderate', 'score': 0.02712317928671837}, {'label': 'severe', 'score': 0.008610878139734268}]]"
38,"[[{'label': 'not depression', 'score': 0.958965003490448}, {'label': 'moderate', 'score': 0.03187086805701256}, {'label': 'severe', 'score': 0.009164061397314072}]]"
39,"[[{'label': 'not depression', 'score': 0.9619496464729309}, {'label': 'moderate', 'score': 0.031202416867017746}, {'label': 'severe', 'score': 0.006847941316664219}]]"
40,"[[{'label': 'not depression', 'score': 0.966862678527832}, {'label': 'moderate', 'score': 0.024355722591280937}, {'label': 'severe', 'score': 0.00878156628459692}]]"
41,"[[{'label': 'not depression', 'score': 0.9683852195739746}, {'label': 'moderate', 'score': 0.023817116394639015}, {'label': 'severe', 'score': 0.007797681260854006}]]"
42,"[[{'label': 'not depression', 'score': 0.9716108441352844}, {'label': 'moderate', 'score': 0.020919766277074814}, {'label': 'severe', 'score': 0.007469442207366228}]]"
43,"[[{'label': 'not depression', 'score': 0.9581242799758911}, {'label': 'moderate', 'score': 0.03306426480412483}, {'label': 'severe', 'score': 0.008811501786112785}]]"
44,"[[{'label': 'not depression', 'score': 0.976698100566864}, {'label': 'moderate', 'score': 0.01866128295660019}, {'label': 'severe', 'score': 0.0046406760811805725}]]"
45,"[[{'label': 'not depression', 'score': 0.9685824513435364}, {'label': 'moderate', 'score': 0.024962304159998894}, {'label': 'severe', 'score': 0.006455251015722752}]]"
46,"[[{'label': 'not depression', 'score': 0.9659792184829712}, {'label': 'moderate', 'score': 0.0288089569658041}, {'label': 'severe', 'score': 0.005211839452385902}]]"
47,"[[{'label': 'not depression', 'score': 0.9826990365982056}, {'label': 'moderate', 'score': 0.013792531564831734}, {'label': 'severe', 'score': 0.0035084569826722145}]]"
48,"[[{'label': 'not depression', 'score': 0.9705317616462708}, {'label': 'moderate', 'score': 0.023793047294020653}, {'label': 'severe', 'score': 0.005675172433257103}]]"
49,"[[{'label': 'not depression', 'score': 0.9696983098983765}, {'label': 'moderate', 'score': 0.02448316104710102}, {'label': 'severe', 'score': 0.0058185807429254055}]]"
50,"[[{'label': 'not depression', 'score': 0.9565682411193848}, {'label': 'moderate', 'score': 0.03627651557326317}, {'label': 'severe', 'score': 0.007155211176723242}]]"
51,"[[{'label': 'not depression', 'score': 0.9802576899528503}, {'label': 'moderate', 'score': 0.015994584187865257}, {'label': 'severe', 'score': 0.0037477014120668173}]]"
52,"[[{'label': 'not depression', 'score': 0.981678307056427}, {'label': 'moderate', 'score': 0.013668959029018879}, {'label': 'severe', 'score': 0.004652766045182943}]]"
53,"[[{'label': 'not depression', 'score': 0.9573158025741577}, {'label': 'moderate', 'score': 0.03556063026189804}, {'label': 'severe', 'score': 0.0071236067451536655}]]"
54,"[[{'label': 'not depression', 'score': 0.9731537699699402}, {'label': 'moderate', 'score': 0.02123812399804592}, {'label': 'severe', 'score': 0.00560813769698143}]]"
55,"[[{'label': 'not depression', 'score': 0.9699230194091797}, {'label': 'moderate', 'score': 0.023955997079610825}, {'label': 'severe', 'score': 0.006121035199612379}]]"
56,"[[{'label': 'not depression', 'score': 0.943020761013031}, {'label': 'moderate', 'score': 0.04724765568971634}, {'label': 'severe', 'score': 0.00973157212138176}]]"
57,"[[{'label': 'not depression', 'score': 0.973650336265564}, {'label': 'moderate', 'score': 0.020127128809690475}, {'label': 'severe', 'score': 0.006222587078809738}]]"
58,"[[{'label': 'not depression', 'score': 0.9493193030357361}, {'label': 'moderate', 'score': 0.040958061814308167}, {'label': 'severe', 'score': 0.009722600691020489}]]"
59,"[[{'label': 'not depression', 'score': 0.9787915945053101}, {'label': 'moderate', 'score': 0.016704652458429337}, {'label': 'severe', 'score': 0.004503754898905754}]]"
60,"[[{'label': 'not depression', 'score': 0.9577933549880981}, {'label': 'moderate', 'score': 0.03402413800358772}, {'label': 'severe', 'score': 0.008182519115507603}]]"
61,"[[{'label': 'not depression', 'score': 0.9377756118774414}, {'label': 'moderate', 'score': 0.05333209037780762}, {'label': 'severe', 'score': 0.008892369456589222}]]"
62,"[[{'label': 'not depression', 'score': 0.9715951681137085}, {'label': 'moderate', 'score': 0.024130279198288918}, {'label': 'severe', 'score': 0.004274510778486729}]]"
63,"[[{'label': 'not depression', 'score': 0.9615474343299866}, {'label': 'moderate', 'score': 0.0328071266412735}, {'label': 'severe', 'score': 0.005645501893013716}]]"
64,"[[{'label': 'not depression', 'score': 0.9672918915748596}, {'label': 'moderate', 'score': 0.02756641060113907}, {'label': 'severe', 'score': 0.005141639616340399}]]"
65,"[[{'label': 'not depression', 'score': 0.9539698362350464}, {'label': 'moderate', 'score': 0.04040520638227463}, {'label': 'severe', 'score': 0.005624907091259956}]]"
66,"[[{'label': 'not depression', 'score': 0.9705916047096252}, {'label': 'moderate', 'score': 0.024272209033370018}, {'label': 'severe', 'score': 0.005136204417794943}]]"
67,"[[{'label': 'not depression', 'score': 0.946371853351593}, {'label': 'moderate', 'score': 0.04626919701695442}, {'label': 'severe', 'score': 0.007358944974839687}]]"
68,"[[{'label': 'not depression', 'score': 0.9551050066947937}, {'label': 'moderate', 'score': 0.03830762952566147}, {'label': 'severe', 'score': 0.00658735167235136}]]"
69,"[[{'label': 'not depression', 'score': 0.95982825756073}, {'label': 'moderate', 'score': 0.033653274178504944}, {'label': 'severe', 'score': 0.006518479902297258}]]"
70,"[[{'label': 'not depression', 'score': 0.9579542279243469}, {'label': 'moderate', 'score': 0.03541087359189987}, {'label': 'severe', 'score': 0.0066348654218018055}]]"
71,"[[{'label': 'not depression', 'score': 0.9710333943367004}, {'label': 'moderate', 'score': 0.023621583357453346}, {'label': 'severe', 'score': 0.005345052573829889}]]"
72,"[[{'label': 'not depression', 'score': 0.9815670251846313}, {'label': 'moderate', 'score': 0.01586492359638214}, {'label': 'severe', 'score': 0.0025680805556476116}]]"
73,"[[{'label': 'not depression', 'score': 0.9117206931114197}, {'label': 'moderate', 'score': 0.07527682185173035}, {'label': 'severe', 'score': 0.01300251018255949}]]"
74,"[[{'label': 'not depression', 'score': 0.9626384973526001}, {'label': 'moderate', 'score': 0.03201467916369438}, {'label': 'severe', 'score': 0.0053468383848667145}]]"
75,"[[{'label': 'not depression', 'score': 0.9554492235183716}, {'label': 'moderate', 'score': 0.038310665637254715}, {'label': 'severe', 'score': 0.006240112707018852}]]"
76,"[[{'label': 'not depression', 'score': 0.9470545649528503}, {'label': 'moderate', 'score': 0.043332211673259735}, {'label': 'severe', 'score': 0.009613201953470707}]]"
77,"[[{'label': 'not depression', 'score': 0.9582298994064331}, {'label': 'moderate', 'score': 0.035795703530311584}, {'label': 'severe', 'score': 0.0059743584133684635}]]"
78,"[[{'label': 'not depression', 'score': 0.9642608761787415}, {'label': 'moderate', 'score': 0.030244097113609314}, {'label': 'severe', 'score': 0.00549502344802022}]]"
79,"[[{'label': 'not depression', 'score': 0.9512776732444763}, {'label': 'moderate', 'score': 0.0423271507024765}, {'label': 'severe', 'score': 0.006395182106643915}]]"
80,"[[{'label': 'not depression', 'score': 0.9546430706977844}, {'label': 'moderate', 'score': 0.03519531339406967}, {'label': 'severe', 'score': 0.01016160286962986}]]"
81,"[[{'label': 'not depression', 'score': 0.9692432880401611}, {'label': 'moderate', 'score': 0.02569441869854927}, {'label': 'severe', 'score': 0.005062303971499205}]]"
82,"[[{'label': 'not depression', 'score': 0.9701377153396606}, {'label': 'moderate', 'score': 0.024586621671915054}, {'label': 'severe', 'score': 0.005275681149214506}]]"
83,"[[{'label': 'not depression', 'score': 0.9700568318367004}, {'label': 'moderate', 'score': 0.025400251150131226}, {'label': 'severe', 'score': 0.004542927723377943}]]"
84,"[[{'label': 'not depression', 'score': 0.9663344025611877}, {'label': 'moderate', 'score': 0.02910211868584156}, {'label': 'severe', 'score': 0.00456348666921258}]]"
85,"[[{'label': 'not depression', 'score': 0.9592872262001038}, {'label': 'moderate', 'score': 0.03562013432383537}, {'label': 'severe', 'score': 0.00509265623986721}]]"
86,"[[{'label': 'not depression', 'score': 0.9735196828842163}, {'label': 'moderate', 'score': 0.021734246984124184}, {'label': 'severe', 'score': 0.004745999351143837}]]"
87,"[[{'label': 'not depression', 'score': 0.9659752249717712}, {'label': 'moderate', 'score': 0.02746473252773285}, {'label': 'severe', 'score': 0.00656001316383481}]]"
88,"[[{'label': 'not depression', 'score': 0.9641804695129395}, {'label': 'moderate', 'score': 0.03098473511636257}, {'label': 'severe', 'score': 0.004834831692278385}]]"
89,"[[{'label': 'not depression', 'score': 0.968586266040802}, {'label': 'moderate', 'score': 0.026319410651922226}, {'label': 'severe', 'score': 0.0050942604430019855}]]"
90,"[[{'label': 'not depression', 'score': 0.9583722352981567}, {'label': 'moderate', 'score': 0.03580280393362045}, {'label': 'severe', 'score': 0.005825001746416092}]]"
91,"[[{'label': 'not depression', 'score': 0.9581583142280579}, {'label': 'moderate', 'score': 0.03814304992556572}, {'label': 'severe', 'score': 0.0036986679770052433}]]"
92,"[[{'label': 'not depression', 'score': 0.9613471031188965}, {'label': 'moderate', 'score': 0.03460684418678284}, {'label': 'severe', 'score': 0.004046048503369093}]]"
93,"[[{'label': 'not depression', 'score': 0.9719758033752441}, {'label': 'moderate', 'score': 0.0236054677516222}, {'label': 'severe', 'score': 0.0044186851009726524}]]"
94,"[[{'label': 'not depression', 'score': 0.9391207695007324}, {'label': 'moderate', 'score': 0.05045575648546219}, {'label': 'severe', 'score': 0.010423419997096062}]]"
95,"[[{'label': 'not depression', 'score': 0.9500625729560852}, {'label': 'moderate', 'score': 0.04368843510746956}, {'label': 'severe', 'score': 0.006248936988413334}]]"
96,"[[{'label': 'not depression', 'score': 0.9714425802230835}, {'label': 'moderate', 'score': 0.02436019852757454}, {'label': 'severe', 'score': 0.0041971877217292786}]]"
97,"[[{'label': 'not depression', 'score': 0.9778692126274109}, {'label': 'moderate', 'score': 0.019578823819756508}, {'label': 'severe', 'score': 0.0025520212948322296}]]"
98,"[[{'label': 'not depression', 'score': 0.9671346545219421}, {'label': 'moderate', 'score': 0.026445651426911354}, {'label': 'severe', 'score': 0.0064197019673883915}]]"
99,"[[{'label': 'not depression', 'score': 0.9405989050865173}, {'label': 'moderate', 'score': 0.04882129654288292}, {'label': 'severe', 'score': 0.010579804889857769}]]"
100,"[[{'label': 'not depression', 'score': 0.9653896689414978}, {'label': 'moderate', 'score': 0.028919676318764687}, {'label': 'severe', 'score': 0.005690663121640682}]]"
101,"[[{'label': 'not depression', 'score': 0.9599020481109619}, {'label': 'moderate', 'score': 0.03482615575194359}, {'label': 'severe', 'score': 0.005271846428513527}]]"
102,"[[{'label': 'not depression', 'score': 0.9511203169822693}, {'label': 'moderate', 'score': 0.043604519218206406}, {'label': 'severe', 'score': 0.005275242496281862}]]"
103,"[[{'label': 'not depression', 'score': 0.9663215279579163}, {'label': 'moderate', 'score': 0.027789773419499397}, {'label': 'severe', 'score': 0.005888763349503279}]]"
104,"[[{'label': 'not depression', 'score': 0.9794247150421143}, {'label': 'moderate', 'score': 0.017122946679592133}, {'label': 'severe', 'score': 0.003452407894656062}]]"
105,"[[{'label': 'not depression', 'score': 0.9637071490287781}, {'label': 'moderate', 'score': 0.0312781035900116}, {'label': 'severe', 'score': 0.0050147478468716145}]]"
106,"[[{'label': 'not depression', 'score': 0.9757674932479858}, {'label': 'moderate', 'score': 0.02061934396624565}, {'label': 'severe', 'score': 0.0036131676752120256}]]"
107,"[[{'label': 'not depression', 'score': 0.9747539758682251}, {'label': 'moderate', 'score': 0.020829850807785988}, {'label': 'severe', 'score': 0.004416181705892086}]]"
108,"[[{'label': 'not depression', 'score': 0.9547985792160034}, {'label': 'moderate', 'score': 0.039744723588228226}, {'label': 'severe', 'score': 0.0054567232728004456}]]"
109,"[[{'label': 'not depression', 'score': 0.9750785827636719}, {'label': 'moderate', 'score': 0.021209465339779854}, {'label': 'severe', 'score': 0.003711970057338476}]]"
110,"[[{'label': 'not depression', 'score': 0.9685616493225098}, {'label': 'moderate', 'score': 0.025712784379720688}, {'label': 'severe', 'score': 0.005725544411689043}]]"
111,"[[{'label': 'not depression', 'score': 0.9556344747543335}, {'label': 'moderate', 'score': 0.038936059921979904}, {'label': 'severe', 'score': 0.005429500248283148}]]"
112,"[[{'label': 'not depression', 'score': 0.9773683547973633}, {'label': 'moderate', 'score': 0.019133131951093674}, {'label': 'severe', 'score': 0.0034985067322850227}]]"
113,"[[{'label': 'not depression', 'score': 0.9584568738937378}, {'label': 'moderate', 'score': 0.03568970784544945}, {'label': 'severe', 'score': 0.005853383336216211}]]"
114,"[[{'label': 'not depression', 'score': 0.9500814080238342}, {'label': 'moderate', 'score': 0.04158041626214981}, {'label': 'severe', 'score': 0.008338158950209618}]]"
115,"[[{'label': 'not depression', 'score': 0.9616726636886597}, {'label': 'moderate', 'score': 0.03187359496951103}, {'label': 'severe', 'score': 0.006453773006796837}]]"
116,"[[{'label': 'not depression', 'score': 0.9742873311042786}, {'label': 'moderate', 'score': 0.021983515471220016}, {'label': 'severe', 'score': 0.0037291229236871004}]]"
117,"[[{'label': 'not depression', 'score': 0.9484458565711975}, {'label': 'moderate', 'score': 0.044809214770793915}, {'label': 'severe', 'score': 0.006744888611137867}]]"
118,"[[{'label': 'not depression', 'score': 0.9548693895339966}, {'label': 'moderate', 'score': 0.03943949192762375}, {'label': 'severe', 'score': 0.005691148340702057}]]"
119,"[[{'label': 'not depression', 'score': 0.9633793234825134}, {'label': 'moderate', 'score': 0.03176185488700867}, {'label': 'severe', 'score': 0.004858792759478092}]]"
120,"[[{'label': 'not depression', 'score': 0.963104248046875}, {'label': 'moderate', 'score': 0.032250940799713135}, {'label': 'severe', 'score': 0.004644774831831455}]]"
121,"[[{'label': 'not depression', 'score': 0.9724938273429871}, {'label': 'moderate', 'score': 0.02374475635588169}, {'label': 'severe', 'score': 0.003761399071663618}]]"
122,"[[{'label': 'not depression', 'score': 0.981293261051178}, {'label': 'moderate', 'score': 0.015337993390858173}, {'label': 'severe', 'score': 0.0033687204122543335}]]"
123,"[[{'label': 'not depression', 'score': 0.9797805547714233}, {'label': 'moderate', 'score': 0.016802921891212463}, {'label': 'severe', 'score': 0.0034164695534855127}]]"
124,"[[{'label': 'not depression', 'score': 0.9744901657104492}, {'label': 'moderate', 'score': 0.02014130912721157}, {'label': 'severe', 'score': 0.005368492100387812}]]"
125,"[[{'label': 'not depression', 'score': 0.9778017401695251}, {'label': 'moderate', 'score': 0.018510477617383003}, {'label': 'severe', 'score': 0.00368774333037436}]]"
126,"[[{'label': 'not depression', 'score': 0.9866929650306702}, {'label': 'moderate', 'score': 0.011164632625877857}, {'label': 'severe', 'score': 0.0021423944272100925}]]"
127,"[[{'label': 'not depression', 'score': 0.9864783883094788}, {'label': 'moderate', 'score': 0.011280364356935024}, {'label': 'severe', 'score': 0.002241188194602728}]]"
128,"[[{'label': 'not depression', 'score': 0.9729761481285095}, {'label': 'moderate', 'score': 0.023290852084755898}, {'label': 'severe', 'score': 0.0037329811602830887}]]"
129,"[[{'label': 'not depression', 'score': 0.9676867127418518}, {'label': 'moderate', 'score': 0.026989031583070755}, {'label': 'severe', 'score': 0.005324253812432289}]]"
130,"[[{'label': 'not depression', 'score': 0.9766110181808472}, {'label': 'moderate', 'score': 0.01927710697054863}, {'label': 'severe', 'score': 0.0041119009256362915}]]"
131,"[[{'label': 'not depression', 'score': 0.951798677444458}, {'label': 'moderate', 'score': 0.040792759507894516}, {'label': 'severe', 'score': 0.007408557925373316}]]"
132,"[[{'label': 'not depression', 'score': 0.9712983965873718}, {'label': 'moderate', 'score': 0.02492942102253437}, {'label': 'severe', 'score': 0.0037721768021583557}]]"
133,"[[{'label': 'not depression', 'score': 0.9550460577011108}, {'label': 'moderate', 'score': 0.03843749314546585}, {'label': 'severe', 'score': 0.006516414228826761}]]"
134,"[[{'label': 'not depression', 'score': 0.9675988554954529}, {'label': 'moderate', 'score': 0.027541672810912132}, {'label': 'severe', 'score': 0.004859410226345062}]]"
135,"[[{'label': 'not depression', 'score': 0.986657440662384}, {'label': 'moderate', 'score': 0.010883248411118984}, {'label': 'severe', 'score': 0.002459305804222822}]]"
136,"[[{'label': 'not depression', 'score': 0.97216796875}, {'label': 'moderate', 'score': 0.024192186072468758}, {'label': 'severe', 'score': 0.003639866365119815}]]"
137,"[[{'label': 'not depression', 'score': 0.9691057205200195}, {'label': 'moderate', 'score': 0.026626672595739365}, {'label': 'severe', 'score': 0.004267630632966757}]]"
138,"[[{'label': 'not depression', 'score': 0.9785960912704468}, {'label': 'moderate', 'score': 0.01810949109494686}, {'label': 'severe', 'score': 0.0032943496480584145}]]"
139,"[[{'label': 'not depression', 'score': 0.9752365946769714}, {'label': 'moderate', 'score': 0.0206815954297781}, {'label': 'severe', 'score': 0.004081761464476585}]]"
140,"[[{'label': 'not depression', 'score': 0.9649128913879395}, {'label': 'moderate', 'score': 0.029668059200048447}, {'label': 'severe', 'score': 0.005419110879302025}]]"
141,"[[{'label': 'not depression', 'score': 0.9681470394134521}, {'label': 'moderate', 'score': 0.026521576568484306}, {'label': 'severe', 'score': 0.005331350956112146}]]"
142,"[[{'label': 'not depression', 'score': 0.9673145413398743}, {'label': 'moderate', 'score': 0.027831025421619415}, {'label': 'severe', 'score': 0.004854354541748762}]]"
143,"[[{'label': 'not depression', 'score': 0.9715273380279541}, {'label': 'moderate', 'score': 0.02402387000620365}, {'label': 'severe', 'score': 0.004448838997632265}]]"
144,"[[{'label': 'not depression', 'score': 0.9766346216201782}, {'label': 'moderate', 'score': 0.019121039658784866}, {'label': 'severe', 'score': 0.0042443545535206795}]]"
145,"[[{'label': 'not depression', 'score': 0.9791271090507507}, {'label': 'moderate', 'score': 0.01754574291408062}, {'label': 'severe', 'score': 0.003327092155814171}]]"
146,"[[{'label': 'not depression', 'score': 0.9786341190338135}, {'label': 'moderate', 'score': 0.0186409093439579}, {'label': 'severe', 'score': 0.0027249541599303484}]]"
147,"[[{'label': 'not depression', 'score': 0.9797985553741455}, {'label': 'moderate', 'score': 0.01752336509525776}, {'label': 'severe', 'score': 0.002678042510524392}]]"
148,"[[{'label': 'not depression', 'score': 0.9749806523323059}, {'label': 'moderate', 'score': 0.020676832646131516}, {'label': 'severe', 'score': 0.004342496860772371}]]"
149,"[[{'label': 'not depression', 'score': 0.9809864163398743}, {'label': 'moderate', 'score': 0.016313008964061737}, {'label': 'severe', 'score': 0.0027005684096366167}]]"
150,"[[{'label': 'not depression', 'score': 0.9776753783226013}, {'label': 'moderate', 'score': 0.018903935328125954}, {'label': 'severe', 'score': 0.0034206602722406387}]]"
151,"[[{'label': 'not depression', 'score': 0.9772082567214966}, {'label': 'moderate', 'score': 0.019236065447330475}, {'label': 'severe', 'score': 0.0035556131042540073}]]"
152,"[[{'label': 'not depression', 'score': 0.9642528295516968}, {'label': 'moderate', 'score': 0.03002684749662876}, {'label': 'severe', 'score': 0.005720292218029499}]]"
153,"[[{'label': 'not depression', 'score': 0.9769498109817505}, {'label': 'moderate', 'score': 0.01906132698059082}, {'label': 'severe', 'score': 0.003988875541836023}]]"
154,"[[{'label': 'not depression', 'score': 0.9757810235023499}, {'label': 'moderate', 'score': 0.019944777712225914}, {'label': 'severe', 'score': 0.004274202045053244}]]"
155,"[[{'label': 'not depression', 'score': 0.9816138744354248}, {'label': 'moderate', 'score': 0.015604573301970959}, {'label': 'severe', 'score': 0.002781579503789544}]]"
156,"[[{'label': 'not depression', 'score': 0.9648812413215637}, {'label': 'moderate', 'score': 0.02981305681169033}, {'label': 'severe', 'score': 0.005305756349116564}]]"
157,"[[{'label': 'not depression', 'score': 0.9738161563873291}, {'label': 'moderate', 'score': 0.021798651665449142}, {'label': 'severe', 'score': 0.004385230131447315}]]"
158,"[[{'label': 'not depression', 'score': 0.9782537221908569}, {'label': 'moderate', 'score': 0.018475443124771118}, {'label': 'severe', 'score': 0.003270812099799514}]]"
159,"[[{'label': 'not depression', 'score': 0.9632317423820496}, {'label': 'moderate', 'score': 0.030700096860527992}, {'label': 'severe', 'score': 0.0060682049952447414}]]"
160,"[[{'label': 'not depression', 'score': 0.976195752620697}, {'label': 'moderate', 'score': 0.020332302898168564}, {'label': 'severe', 'score': 0.003471981966868043}]]"
161,"[[{'label': 'not depression', 'score': 0.9790061116218567}, {'label': 'moderate', 'score': 0.017230678349733353}, {'label': 'severe', 'score': 0.0037632337771356106}]]"
162,"[[{'label': 'not depression', 'score': 0.9723564982414246}, {'label': 'moderate', 'score': 0.023224765434861183}, {'label': 'severe', 'score': 0.0044187456369400024}]]"
163,"[[{'label': 'not depression', 'score': 0.9724306464195251}, {'label': 'moderate', 'score': 0.023143399506807327}, {'label': 'severe', 'score': 0.004425949417054653}]]"
164,"[[{'label': 'not depression', 'score': 0.9832098484039307}, {'label': 'moderate', 'score': 0.01404544897377491}, {'label': 'severe', 'score': 0.0027446283493191004}]]"
165,"[[{'label': 'not depression', 'score': 0.9773725867271423}, {'label': 'moderate', 'score': 0.018878575414419174}, {'label': 'severe', 'score': 0.0037488765083253384}]]"
166,"[[{'label': 'not depression', 'score': 0.9545252919197083}, {'label': 'moderate', 'score': 0.03813749551773071}, {'label': 'severe', 'score': 0.007337167859077454}]]"
167,"[[{'label': 'not depression', 'score': 0.9821733236312866}, {'label': 'moderate', 'score': 0.014806702733039856}, {'label': 'severe', 'score': 0.0030199321918189526}]]"
168,"[[{'label': 'not depression', 'score': 0.9729939699172974}, {'label': 'moderate', 'score': 0.021866196766495705}, {'label': 'severe', 'score': 0.0051398430950939655}]]"
169,"[[{'label': 'not depression', 'score': 0.9688047170639038}, {'label': 'moderate', 'score': 0.02567151002585888}, {'label': 'severe', 'score': 0.00552373705431819}]]"
170,"[[{'label': 'not depression', 'score': 0.9819059371948242}, {'label': 'moderate', 'score': 0.01512275543063879}, {'label': 'severe', 'score': 0.0029713534750044346}]]"
171,"[[{'label': 'not depression', 'score': 0.986068606376648}, {'label': 'moderate', 'score': 0.010864023119211197}, {'label': 'severe', 'score': 0.003067407989874482}]]"
172,"[[{'label': 'not depression', 'score': 0.984525740146637}, {'label': 'moderate', 'score': 0.01277914922684431}, {'label': 'severe', 'score': 0.002695095492526889}]]"
173,"[[{'label': 'not depression', 'score': 0.9761338233947754}, {'label': 'moderate', 'score': 0.020371798425912857}, {'label': 'severe', 'score': 0.0034943378996104}]]"
174,"[[{'label': 'not depression', 'score': 0.9736577868461609}, {'label': 'moderate', 'score': 0.02205061912536621}, {'label': 'severe', 'score': 0.004291636403650045}]]"
175,"[[{'label': 'not depression', 'score': 0.9796762466430664}, {'label': 'moderate', 'score': 0.017090240493416786}, {'label': 'severe', 'score': 0.0032335203140974045}]]"
176,"[[{'label': 'not depression', 'score': 0.9851786494255066}, {'label': 'moderate', 'score': 0.012024907395243645}, {'label': 'severe', 'score': 0.002796428045257926}]]"
177,"[[{'label': 'not depression', 'score': 0.9826135039329529}, {'label': 'moderate', 'score': 0.014710765331983566}, {'label': 'severe', 'score': 0.002675761003047228}]]"
178,"[[{'label': 'not depression', 'score': 0.9794122576713562}, {'label': 'moderate', 'score': 0.017275843769311905}, {'label': 'severe', 'score': 0.003311960957944393}]]"
179,"[[{'label': 'not depression', 'score': 0.9787043333053589}, {'label': 'moderate', 'score': 0.018137454986572266}, {'label': 'severe', 'score': 0.003158212872222066}]]"
180,"[[{'label': 'not depression', 'score': 0.9817704558372498}, {'label': 'moderate', 'score': 0.01576079986989498}, {'label': 'severe', 'score': 0.0024687014520168304}]]"
181,"[[{'label': 'not depression', 'score': 0.9726029634475708}, {'label': 'moderate', 'score': 0.022501962259411812}, {'label': 'severe', 'score': 0.00489514134824276}]]"
182,"[[{'label': 'not depression', 'score': 0.9540734887123108}, {'label': 'moderate', 'score': 0.03838866949081421}, {'label': 'severe', 'score': 0.007537842728197575}]]"
183,"[[{'label': 'not depression', 'score': 0.9537825584411621}, {'label': 'moderate', 'score': 0.03727372735738754}, {'label': 'severe', 'score': 0.00894373282790184}]]"
184,"[[{'label': 'not depression', 'score': 0.9416385889053345}, {'label': 'moderate', 'score': 0.04945911839604378}, {'label': 'severe', 'score': 0.008902289904654026}]]"
185,"[[{'label': 'not depression', 'score': 0.9694245457649231}, {'label': 'moderate', 'score': 0.025235988199710846}, {'label': 'severe', 'score': 0.005339508410543203}]]"
186,"[[{'label': 'not depression', 'score': 0.9467383027076721}, {'label': 'moderate', 'score': 0.04428006336092949}, {'label': 'severe', 'score': 0.008981665596365929}]]"
187,"[[{'label': 'not depression', 'score': 0.9735933542251587}, {'label': 'moderate', 'score': 0.02129601500928402}, {'label': 'severe', 'score': 0.005110600963234901}]]"
188,"[[{'label': 'not depression', 'score': 0.974423348903656}, {'label': 'moderate', 'score': 0.021796954795718193}, {'label': 'severe', 'score': 0.003779712365940213}]]"
189,"[[{'label': 'not depression', 'score': 0.9697885513305664}, {'label': 'moderate', 'score': 0.024251943454146385}, {'label': 'severe', 'score': 0.005959528032690287}]]"
190,"[[{'label': 'not depression', 'score': 0.9531297087669373}, {'label': 'moderate', 'score': 0.0395544208586216}, {'label': 'severe', 'score': 0.007315896917134523}]]"
191,"[[{'label': 'not depression', 'score': 0.9721710085868835}, {'label': 'moderate', 'score': 0.022837016731500626}, {'label': 'severe', 'score': 0.0049919141456484795}]]"
192,"[[{'label': 'not depression', 'score': 0.9723194241523743}, {'label': 'moderate', 'score': 0.02252916805446148}, {'label': 'severe', 'score': 0.005151382181793451}]]"
193,"[[{'label': 'not depression', 'score': 0.962637186050415}, {'label': 'moderate', 'score': 0.02967669814825058}, {'label': 'severe', 'score': 0.007686110679060221}]]"
194,"[[{'label': 'not depression', 'score': 0.9592840671539307}, {'label': 'moderate', 'score': 0.03403281792998314}, {'label': 'severe', 'score': 0.006683173589408398}]]"
195,"[[{'label': 'not depression', 'score': 0.9721081256866455}, {'label': 'moderate', 'score': 0.023306051269173622}, {'label': 'severe', 'score': 0.0045857601799070835}]]"
196,"[[{'label': 'not depression', 'score': 0.974319338798523}, {'label': 'moderate', 'score': 0.021485894918441772}, {'label': 'severe', 'score': 0.004194721579551697}]]"
197,"[[{'label': 'not depression', 'score': 0.9809261560440063}, {'label': 'moderate', 'score': 0.01568390242755413}, {'label': 'severe', 'score': 0.0033898588735610247}]]"
198,"[[{'label': 'not depression', 'score': 0.9604878425598145}, {'label': 'moderate', 'score': 0.03415434807538986}, {'label': 'severe', 'score': 0.005357768386602402}]]"
199,"[[{'label': 'not depression', 'score': 0.9667012095451355}, {'label': 'moderate', 'score': 0.028157880529761314}, {'label': 'severe', 'score': 0.005140923894941807}]]"
200,"[[{'label': 'not depression', 'score': 0.9717025756835938}, {'label': 'moderate', 'score': 0.0241949912160635}, {'label': 'severe', 'score': 0.004102426581084728}]]"
201,"[[{'label': 'not depression', 'score': 0.9574331641197205}, {'label': 'moderate', 'score': 0.03345905989408493}, {'label': 'severe', 'score': 0.009107791818678379}]]"
202,"[[{'label': 'not depression', 'score': 0.9789461493492126}, {'label': 'moderate', 'score': 0.017476065084338188}, {'label': 'severe', 'score': 0.0035778386518359184}]]"
203,"[[{'label': 'not depression', 'score': 0.9766221642494202}, {'label': 'moderate', 'score': 0.019622059538960457}, {'label': 'severe', 'score': 0.003755774348974228}]]"
204,"[[{'label': 'not depression', 'score': 0.9734224081039429}, {'label': 'moderate', 'score': 0.021939193829894066}, {'label': 'severe', 'score': 0.004638385958969593}]]"
205,"[[{'label': 'not depression', 'score': 0.9770723581314087}, {'label': 'moderate', 'score': 0.018809065222740173}, {'label': 'severe', 'score': 0.00411857757717371}]]"
206,"[[{'label': 'not depression', 'score': 0.9787498116493225}, {'label': 'moderate', 'score': 0.017869392409920692}, {'label': 'severe', 'score': 0.0033807787112891674}]]"
207,"[[{'label': 'not depression', 'score': 0.9464241862297058}, {'label': 'moderate', 'score': 0.04415583610534668}, {'label': 'severe', 'score': 0.009419945999979973}]]"
208,"[[{'label': 'not depression', 'score': 0.9698194861412048}, {'label': 'moderate', 'score': 0.024829525500535965}, {'label': 'severe', 'score': 0.005351019091904163}]]"
209,"[[{'label': 'not depression', 'score': 0.9719977378845215}, {'label': 'moderate', 'score': 0.023745395243167877}, {'label': 'severe', 'score': 0.004256873391568661}]]"
210,"[[{'label': 'not depression', 'score': 0.9778368473052979}, {'label': 'moderate', 'score': 0.018737126141786575}, {'label': 'severe', 'score': 0.0034260903485119343}]]"
211,"[[{'label': 'not depression', 'score': 0.971912145614624}, {'label': 'moderate', 'score': 0.022844642400741577}, {'label': 'severe', 'score': 0.0052431728690862656}]]"
212,"[[{'label': 'not depression', 'score': 0.9770177602767944}, {'label': 'moderate', 'score': 0.01918778195977211}, {'label': 'severe', 'score': 0.003794478951022029}]]"
213,"[[{'label': 'not depression', 'score': 0.9591163396835327}, {'label': 'moderate', 'score': 0.03510619327425957}, {'label': 'severe', 'score': 0.0057774493470788}]]"
214,"[[{'label': 'not depression', 'score': 0.9736551642417908}, {'label': 'moderate', 'score': 0.021458731964230537}, {'label': 'severe', 'score': 0.004886115435510874}]]"
215,"[[{'label': 'not depression', 'score': 0.9795474410057068}, {'label': 'moderate', 'score': 0.01724064163863659}, {'label': 'severe', 'score': 0.0032119082752615213}]]"
216,"[[{'label': 'not depression', 'score': 0.9522172212600708}, {'label': 'moderate', 'score': 0.03787519410252571}, {'label': 'severe', 'score': 0.00990762747824192}]]"
217,"[[{'label': 'not depression', 'score': 0.974801778793335}, {'label': 'moderate', 'score': 0.021133719012141228}, {'label': 'severe', 'score': 0.004064528271555901}]]"
218,"[[{'label': 'not depression', 'score': 0.9783713817596436}, {'label': 'moderate', 'score': 0.018428118899464607}, {'label': 'severe', 'score': 0.003200554521754384}]]"
219,"[[{'label': 'not depression', 'score': 0.9749131202697754}, {'label': 'moderate', 'score': 0.02016446366906166}, {'label': 'severe', 'score': 0.00492237601429224}]]"
220,"[[{'label': 'not depression', 'score': 0.9765071868896484}, {'label': 'moderate', 'score': 0.01916475221514702}, {'label': 'severe', 'score': 0.0043280222453176975}]]"
221,"[[{'label': 'not depression', 'score': 0.9747451543807983}, {'label': 'moderate', 'score': 0.020902644842863083}, {'label': 'severe', 'score': 0.004352151416242123}]]"
222,"[[{'label': 'not depression', 'score': 0.9792020916938782}, {'label': 'moderate', 'score': 0.017381012439727783}, {'label': 'severe', 'score': 0.0034169082064181566}]]"
223,"[[{'label': 'not depression', 'score': 0.9726901054382324}, {'label': 'moderate', 'score': 0.021713534370064735}, {'label': 'severe', 'score': 0.005596376955509186}]]"
224,"[[{'label': 'not depression', 'score': 0.9747509360313416}, {'label': 'moderate', 'score': 0.02084183134138584}, {'label': 'severe', 'score': 0.004407290369272232}]]"
225,"[[{'label': 'not depression', 'score': 0.9804899096488953}, {'label': 'moderate', 'score': 0.01604655385017395}, {'label': 'severe', 'score': 0.0034634696785360575}]]"
226,"[[{'label': 'not depression', 'score': 0.94919353723526}, {'label': 'moderate', 'score': 0.04182174801826477}, {'label': 'severe', 'score': 0.008984748274087906}]]"
227,"[[{'label': 'not depression', 'score': 0.971914529800415}, {'label': 'moderate', 'score': 0.022978173568844795}, {'label': 'severe', 'score': 0.005107333417981863}]]"
228,"[[{'label': 'not depression', 'score': 0.9807721376419067}, {'label': 'moderate', 'score': 0.015391440130770206}, {'label': 'severe', 'score': 0.0038363910280168056}]]"
229,"[[{'label': 'not depression', 'score': 0.9491475820541382}, {'label': 'moderate', 'score': 0.04248989373445511}, {'label': 'severe', 'score': 0.00836249254643917}]]"
230,"[[{'label': 'not depression', 'score': 0.976630449295044}, {'label': 'moderate', 'score': 0.018906788900494576}, {'label': 'severe', 'score': 0.004462819546461105}]]"
231,"[[{'label': 'not depression', 'score': 0.9704253673553467}, {'label': 'moderate', 'score': 0.02445955015718937}, {'label': 'severe', 'score': 0.005115113686770201}]]"
232,"[[{'label': 'not depression', 'score': 0.9733813405036926}, {'label': 'moderate', 'score': 0.022469412535429}, {'label': 'severe', 'score': 0.00414928887039423}]]"
233,"[[{'label': 'not depression', 'score': 0.9838233590126038}, {'label': 'moderate', 'score': 0.01381679903715849}, {'label': 'severe', 'score': 0.00235988711938262}]]"
234,"[[{'label': 'not depression', 'score': 0.971618115901947}, {'label': 'moderate', 'score': 0.024107789620757103}, {'label': 'severe', 'score': 0.004274040926247835}]]"
235,"[[{'label': 'not depression', 'score': 0.9658258557319641}, {'label': 'moderate', 'score': 0.02992859296500683}, {'label': 'severe', 'score': 0.004245576914399862}]]"
236,"[[{'label': 'not depression', 'score': 0.9772742986679077}, {'label': 'moderate', 'score': 0.01893177255988121}, {'label': 'severe', 'score': 0.003793933894485235}]]"
237,"[[{'label': 'not depression', 'score': 0.9771464467048645}, {'label': 'moderate', 'score': 0.01990688592195511}, {'label': 'severe', 'score': 0.002946641994640231}]]"
238,"[[{'label': 'not depression', 'score': 0.9731711745262146}, {'label': 'moderate', 'score': 0.02240767329931259}, {'label': 'severe', 'score': 0.004421109799295664}]]"
239,"[[{'label': 'not depression', 'score': 0.9513389468193054}, {'label': 'moderate', 'score': 0.03968929126858711}, {'label': 'severe', 'score': 0.008971801027655602}]]"
240,"[[{'label': 'not depression', 'score': 0.9461104869842529}, {'label': 'moderate', 'score': 0.043915826827287674}, {'label': 'severe', 'score': 0.00997375138103962}]]"
241,"[[{'label': 'not depression', 'score': 0.980836033821106}, {'label': 'moderate', 'score': 0.0152506148442626}, {'label': 'severe', 'score': 0.003913397900760174}]]"
242,"[[{'label': 'not depression', 'score': 0.9862666130065918}, {'label': 'moderate', 'score': 0.011129479855298996}, {'label': 'severe', 'score': 0.002603840548545122}]]"
243,"[[{'label': 'not depression', 'score': 0.9838116765022278}, {'label': 'moderate', 'score': 0.013838071376085281}, {'label': 'severe', 'score': 0.0023502677213400602}]]"
244,"[[{'label': 'not depression', 'score': 0.9829496145248413}, {'label': 'moderate', 'score': 0.013698060996830463}, {'label': 'severe', 'score': 0.0033522765152156353}]]"
245,"[[{'label': 'not depression', 'score': 0.9877322912216187}, {'label': 'moderate', 'score': 0.009469956159591675}, {'label': 'severe', 'score': 0.002797747030854225}]]"
246,"[[{'label': 'not depression', 'score': 0.9841744303703308}, {'label': 'moderate', 'score': 0.012683642096817493}, {'label': 'severe', 'score': 0.0031419135630130768}]]"
247,"[[{'label': 'not depression', 'score': 0.9814134836196899}, {'label': 'moderate', 'score': 0.015008832328021526}, {'label': 'severe', 'score': 0.003577753435820341}]]"
248,"[[{'label': 'not depression', 'score': 0.9868137836456299}, {'label': 'moderate', 'score': 0.010303277522325516}, {'label': 'severe', 'score': 0.002882878528907895}]]"
249,"[[{'label': 'not depression', 'score': 0.9812625050544739}, {'label': 'moderate', 'score': 0.015310198999941349}, {'label': 'severe', 'score': 0.003427316201850772}]]"
250,"[[{'label': 'not depression', 'score': 0.9869784116744995}, {'label': 'moderate', 'score': 0.010121184401214123}, {'label': 'severe', 'score': 0.0029003776144236326}]]"
251,"[[{'label': 'not depression', 'score': 0.9677922129631042}, {'label': 'moderate', 'score': 0.02592071145772934}, {'label': 'severe', 'score': 0.00628708116710186}]]"
252,"[[{'label': 'not depression', 'score': 0.9812604188919067}, {'label': 'moderate', 'score': 0.015014822594821453}, {'label': 'severe', 'score': 0.0037247086875140667}]]"
253,"[[{'label': 'not depression', 'score': 0.9750533103942871}, {'label': 'moderate', 'score': 0.0214827973395586}, {'label': 'severe', 'score': 0.0034639379009604454}]]"
254,"[[{'label': 'not depression', 'score': 0.9827438592910767}, {'label': 'moderate', 'score': 0.01309079211205244}, {'label': 'severe', 'score': 0.004165413323789835}]]"
255,"[[{'label': 'not depression', 'score': 0.9831367135047913}, {'label': 'moderate', 'score': 0.01344112679362297}, {'label': 'severe', 'score': 0.003422148758545518}]]"
256,"[[{'label': 'not depression', 'score': 0.9645590782165527}, {'label': 'moderate', 'score': 0.029054125770926476}, {'label': 'severe', 'score': 0.006386877503246069}]]"
257,"[[{'label': 'not depression', 'score': 0.9816061854362488}, {'label': 'moderate', 'score': 0.015084106475114822}, {'label': 'severe', 'score': 0.003309783060103655}]]"
258,"[[{'label': 'not depression', 'score': 0.9778180122375488}, {'label': 'moderate', 'score': 0.017661070451140404}, {'label': 'severe', 'score': 0.004520847462117672}]]"
259,"[[{'label': 'not depression', 'score': 0.9831362366676331}, {'label': 'moderate', 'score': 0.013426272198557854}, {'label': 'severe', 'score': 0.003437453182414174}]]"
260,"[[{'label': 'not depression', 'score': 0.9855955839157104}, {'label': 'moderate', 'score': 0.011670965701341629}, {'label': 'severe', 'score': 0.002733422676101327}]]"
261,"[[{'label': 'not depression', 'score': 0.9819689393043518}, {'label': 'moderate', 'score': 0.0145941823720932}, {'label': 'severe', 'score': 0.0034369376953691244}]]"
262,"[[{'label': 'not depression', 'score': 0.9880049824714661}, {'label': 'moderate', 'score': 0.009612524881958961}, {'label': 'severe', 'score': 0.002382461680099368}]]"
263,"[[{'label': 'not depression', 'score': 0.9855360388755798}, {'label': 'moderate', 'score': 0.011294840835034847}, {'label': 'severe', 'score': 0.003169086528941989}]]"
264,"[[{'label': 'not depression', 'score': 0.9861007332801819}, {'label': 'moderate', 'score': 0.010991991497576237}, {'label': 'severe', 'score': 0.0029072680044919252}]]"
265,"[[{'label': 'not depression', 'score': 0.9841063618659973}, {'label': 'moderate', 'score': 0.01318687479943037}, {'label': 'severe', 'score': 0.002706755418330431}]]"
266,"[[{'label': 'not depression', 'score': 0.9841386675834656}, {'label': 'moderate', 'score': 0.012893974781036377}, {'label': 'severe', 'score': 0.0029673450626432896}]]"
267,"[[{'label': 'not depression', 'score': 0.987280547618866}, {'label': 'moderate', 'score': 0.009998327121138573}, {'label': 'severe', 'score': 0.0027210740372538567}]]"
268,"[[{'label': 'not depression', 'score': 0.983504056930542}, {'label': 'moderate', 'score': 0.013341115787625313}, {'label': 'severe', 'score': 0.00315482122823596}]]"
269,"[[{'label': 'not depression', 'score': 0.9836358428001404}, {'label': 'moderate', 'score': 0.013631344772875309}, {'label': 'severe', 'score': 0.0027327670250087976}]]"
270,"[[{'label': 'not depression', 'score': 0.9825578331947327}, {'label': 'moderate', 'score': 0.013539236038923264}, {'label': 'severe', 'score': 0.0039029514882713556}]]"
271,"[[{'label': 'not depression', 'score': 0.9839153289794922}, {'label': 'moderate', 'score': 0.012850400991737843}, {'label': 'severe', 'score': 0.0032343296334147453}]]"
272,"[[{'label': 'not depression', 'score': 0.982528030872345}, {'label': 'moderate', 'score': 0.014622056856751442}, {'label': 'severe', 'score': 0.002849891548976302}]]"
273,"[[{'label': 'not depression', 'score': 0.9716594219207764}, {'label': 'moderate', 'score': 0.02347949706017971}, {'label': 'severe', 'score': 0.004861119203269482}]]"
274,"[[{'label': 'not depression', 'score': 0.9790002703666687}, {'label': 'moderate', 'score': 0.01712275668978691}, {'label': 'severe', 'score': 0.0038769482634961605}]]"
275,"[[{'label': 'not depression', 'score': 0.985466480255127}, {'label': 'moderate', 'score': 0.011883831582963467}, {'label': 'severe', 'score': 0.00264964927919209}]]"
276,"[[{'label': 'not depression', 'score': 0.9816433787345886}, {'label': 'moderate', 'score': 0.013595794327557087}, {'label': 'severe', 'score': 0.004760769195854664}]]"
277,"[[{'label': 'not depression', 'score': 0.9837613701820374}, {'label': 'moderate', 'score': 0.01318251620978117}, {'label': 'severe', 'score': 0.0030560691375285387}]]"
278,"[[{'label': 'not depression', 'score': 0.9872307181358337}, {'label': 'moderate', 'score': 0.010498627088963985}, {'label': 'severe', 'score': 0.002270627301186323}]]"
279,"[[{'label': 'not depression', 'score': 0.9800856709480286}, {'label': 'moderate', 'score': 0.016685806214809418}, {'label': 'severe', 'score': 0.0032285519409924746}]]"
280,"[[{'label': 'not depression', 'score': 0.9837660789489746}, {'label': 'moderate', 'score': 0.013669190928339958}, {'label': 'severe', 'score': 0.0025647166185081005}]]"
281,"[[{'label': 'not depression', 'score': 0.9864388704299927}, {'label': 'moderate', 'score': 0.0107346810400486}, {'label': 'severe', 'score': 0.0028265072032809258}]]"
282,"[[{'label': 'not depression', 'score': 0.9705105423927307}, {'label': 'moderate', 'score': 0.023223457857966423}, {'label': 'severe', 'score': 0.006266023498028517}]]"
283,"[[{'label': 'not depression', 'score': 0.9815950393676758}, {'label': 'moderate', 'score': 0.015012144111096859}, {'label': 'severe', 'score': 0.0033927897457033396}]]"
284,"[[{'label': 'not depression', 'score': 0.9844350218772888}, {'label': 'moderate', 'score': 0.012390275485813618}, {'label': 'severe', 'score': 0.003174700541421771}]]"
285,"[[{'label': 'not depression', 'score': 0.9878783822059631}, {'label': 'moderate', 'score': 0.010002139955759048}, {'label': 'severe', 'score': 0.0021194934379309416}]]"
286,"[[{'label': 'not depression', 'score': 0.9854418039321899}, {'label': 'moderate', 'score': 0.011472749523818493}, {'label': 'severe', 'score': 0.0030853846110403538}]]"
287,"[[{'label': 'not depression', 'score': 0.9835007190704346}, {'label': 'moderate', 'score': 0.013121422380208969}, {'label': 'severe', 'score': 0.003377902554348111}]]"
288,"[[{'label': 'not depression', 'score': 0.9796964526176453}, {'label': 'moderate', 'score': 0.016336902976036072}, {'label': 'severe', 'score': 0.003966654650866985}]]"
289,"[[{'label': 'not depression', 'score': 0.9838703870773315}, {'label': 'moderate', 'score': 0.01307477056980133}, {'label': 'severe', 'score': 0.0030547964852303267}]]"
290,"[[{'label': 'not depression', 'score': 0.9792473912239075}, {'label': 'moderate', 'score': 0.017107440158724785}, {'label': 'severe', 'score': 0.0036451644264161587}]]"
291,"[[{'label': 'not depression', 'score': 0.985575795173645}, {'label': 'moderate', 'score': 0.011484961025416851}, {'label': 'severe', 'score': 0.002939202357083559}]]"
292,"[[{'label': 'not depression', 'score': 0.9846612811088562}, {'label': 'moderate', 'score': 0.012353475205600262}, {'label': 'severe', 'score': 0.002985263243317604}]]"
293,"[[{'label': 'not depression', 'score': 0.9710940718650818}, {'label': 'moderate', 'score': 0.022726045921444893}, {'label': 'severe', 'score': 0.0061799027025699615}]]"
294,"[[{'label': 'not depression', 'score': 0.9840083122253418}, {'label': 'moderate', 'score': 0.01354630384594202}, {'label': 'severe', 'score': 0.0024453417863696814}]]"
295,"[[{'label': 'not depression', 'score': 0.9847905039787292}, {'label': 'moderate', 'score': 0.0124710313975811}, {'label': 'severe', 'score': 0.0027384639251977205}]]"
296,"[[{'label': 'not depression', 'score': 0.9837794899940491}, {'label': 'moderate', 'score': 0.01235402375459671}, {'label': 'severe', 'score': 0.003866452258080244}]]"
297,"[[{'label': 'not depression', 'score': 0.9848518967628479}, {'label': 'moderate', 'score': 0.01191181130707264}, {'label': 'severe', 'score': 0.0032362707424908876}]]"
298,"[[{'label': 'not depression', 'score': 0.9845230579376221}, {'label': 'moderate', 'score': 0.012210243381559849}, {'label': 'severe', 'score': 0.0032667440827935934}]]"
299,"[[{'label': 'not depression', 'score': 0.9821776151657104}, {'label': 'moderate', 'score': 0.014791932888329029}, {'label': 'severe', 'score': 0.0030304654501378536}]]"
300,"[[{'label': 'not depression', 'score': 0.9634590744972229}, {'label': 'moderate', 'score': 0.030064253136515617}, {'label': 'severe', 'score': 0.006476690527051687}]]"
301,"[[{'label': 'not depression', 'score': 0.9820526242256165}, {'label': 'moderate', 'score': 0.014802193269133568}, {'label': 'severe', 'score': 0.003145156893879175}]]"
302,"[[{'label': 'not depression', 'score': 0.9469588994979858}, {'label': 'moderate', 'score': 0.04509415850043297}, {'label': 'severe', 'score': 0.007946954108774662}]]"
303,"[[{'label': 'not depression', 'score': 0.9788075685501099}, {'label': 'moderate', 'score': 0.01804160699248314}, {'label': 'severe', 'score': 0.0031508621759712696}]]"
304,"[[{'label': 'not depression', 'score': 0.9870461225509644}, {'label': 'moderate', 'score': 0.010382961481809616}, {'label': 'severe', 'score': 0.002570926444604993}]]"
305,"[[{'label': 'not depression', 'score': 0.9826583862304688}, {'label': 'moderate', 'score': 0.014123726636171341}, {'label': 'severe', 'score': 0.00321791460737586}]]"
306,"[[{'label': 'not depression', 'score': 0.9815805554389954}, {'label': 'moderate', 'score': 0.015865212306380272}, {'label': 'severe', 'score': 0.002554181730374694}]]"
307,"[[{'label': 'not depression', 'score': 0.9864525198936462}, {'label': 'moderate', 'score': 0.011234022676944733}, {'label': 'severe', 'score': 0.0023134194780141115}]]"
308,"[[{'label': 'not depression', 'score': 0.9766225814819336}, {'label': 'moderate', 'score': 0.019029734656214714}, {'label': 'severe', 'score': 0.004347620997577906}]]"
309,"[[{'label': 'not depression', 'score': 0.9826480746269226}, {'label': 'moderate', 'score': 0.014427551068365574}, {'label': 'severe', 'score': 0.002924341941252351}]]"
310,"[[{'label': 'not depression', 'score': 0.9803348779678345}, {'label': 'moderate', 'score': 0.016573913395404816}, {'label': 'severe', 'score': 0.0030912391375750303}]]"
311,"[[{'label': 'not depression', 'score': 0.9835113286972046}, {'label': 'moderate', 'score': 0.01389267947524786}, {'label': 'severe', 'score': 0.002596026286482811}]]"
312,"[[{'label': 'not depression', 'score': 0.9555135369300842}, {'label': 'moderate', 'score': 0.036635324358940125}, {'label': 'severe', 'score': 0.007851194590330124}]]"
313,"[[{'label': 'not depression', 'score': 0.9577577114105225}, {'label': 'moderate', 'score': 0.03468204289674759}, {'label': 'severe', 'score': 0.007560232654213905}]]"
314,"[[{'label': 'not depression', 'score': 0.9644602537155151}, {'label': 'moderate', 'score': 0.029271839186549187}, {'label': 'severe', 'score': 0.006267942488193512}]]"
315,"[[{'label': 'not depression', 'score': 0.9818363785743713}, {'label': 'moderate', 'score': 0.015010860748589039}, {'label': 'severe', 'score': 0.0031527280807495117}]]"
316,"[[{'label': 'not depression', 'score': 0.9852629899978638}, {'label': 'moderate', 'score': 0.011907546781003475}, {'label': 'severe', 'score': 0.0028294879011809826}]]"
317,"[[{'label': 'not depression', 'score': 0.9743826985359192}, {'label': 'moderate', 'score': 0.021141860634088516}, {'label': 'severe', 'score': 0.004475398454815149}]]"
318,"[[{'label': 'not depression', 'score': 0.9703167676925659}, {'label': 'moderate', 'score': 0.023690957576036453}, {'label': 'severe', 'score': 0.005992274731397629}]]"
319,"[[{'label': 'not depression', 'score': 0.9823779463768005}, {'label': 'moderate', 'score': 0.014225689694285393}, {'label': 'severe', 'score': 0.0033963313326239586}]]"
320,"[[{'label': 'not depression', 'score': 0.9851641654968262}, {'label': 'moderate', 'score': 0.01207337249070406}, {'label': 'severe', 'score': 0.0027624338399618864}]]"
321,"[[{'label': 'not depression', 'score': 0.9839249849319458}, {'label': 'moderate', 'score': 0.013668106868863106}, {'label': 'severe', 'score': 0.0024068697821348906}]]"
322,"[[{'label': 'not depression', 'score': 0.9746291637420654}, {'label': 'moderate', 'score': 0.02166583016514778}, {'label': 'severe', 'score': 0.0037050473038107157}]]"
323,"[[{'label': 'not depression', 'score': 0.9783487915992737}, {'label': 'moderate', 'score': 0.018037790432572365}, {'label': 'severe', 'score': 0.00361338397487998}]]"
324,"[[{'label': 'not depression', 'score': 0.9763354659080505}, {'label': 'moderate', 'score': 0.02005779556930065}, {'label': 'severe', 'score': 0.0036066786851733923}]]"
325,"[[{'label': 'not depression', 'score': 0.981770932674408}, {'label': 'moderate', 'score': 0.014509494416415691}, {'label': 'severe', 'score': 0.003719641361385584}]]"
326,"[[{'label': 'not depression', 'score': 0.9838287830352783}, {'label': 'moderate', 'score': 0.012890959158539772}, {'label': 'severe', 'score': 0.0032802969217300415}]]"
327,"[[{'label': 'not depression', 'score': 0.9840617775917053}, {'label': 'moderate', 'score': 0.013149082660675049}, {'label': 'severe', 'score': 0.002789195626974106}]]"
328,"[[{'label': 'not depression', 'score': 0.9792709350585938}, {'label': 'moderate', 'score': 0.01747179590165615}, {'label': 'severe', 'score': 0.003257306292653084}]]"
329,"[[{'label': 'not depression', 'score': 0.9823544025421143}, {'label': 'moderate', 'score': 0.014033596962690353}, {'label': 'severe', 'score': 0.0036120708100497723}]]"
330,"[[{'label': 'not depression', 'score': 0.9767320156097412}, {'label': 'moderate', 'score': 0.01919405534863472}, {'label': 'severe', 'score': 0.00407397048547864}]]"
331,"[[{'label': 'not depression', 'score': 0.9799474477767944}, {'label': 'moderate', 'score': 0.01671953871846199}, {'label': 'severe', 'score': 0.0033329587895423174}]]"
332,"[[{'label': 'not depression', 'score': 0.9738213419914246}, {'label': 'moderate', 'score': 0.02203991822898388}, {'label': 'severe', 'score': 0.00413877796381712}]]"
333,"[[{'label': 'not depression', 'score': 0.9800803661346436}, {'label': 'moderate', 'score': 0.016235779970884323}, {'label': 'severe', 'score': 0.0036838511005043983}]]"
334,"[[{'label': 'not depression', 'score': 0.9726815223693848}, {'label': 'moderate', 'score': 0.022068334743380547}, {'label': 'severe', 'score': 0.005250141024589539}]]"
335,"[[{'label': 'not depression', 'score': 0.9736886620521545}, {'label': 'moderate', 'score': 0.02195258066058159}, {'label': 'severe', 'score': 0.004358734469860792}]]"
336,"[[{'label': 'not depression', 'score': 0.9827091693878174}, {'label': 'moderate', 'score': 0.014543402008712292}, {'label': 'severe', 'score': 0.0027474509552121162}]]"
337,"[[{'label': 'not depression', 'score': 0.9531478881835938}, {'label': 'moderate', 'score': 0.03824129328131676}, {'label': 'severe', 'score': 0.008610825054347515}]]"
338,"[[{'label': 'not depression', 'score': 0.9646651744842529}, {'label': 'moderate', 'score': 0.029094910249114037}, {'label': 'severe', 'score': 0.006239861715584993}]]"
339,"[[{'label': 'not depression', 'score': 0.9861251711845398}, {'label': 'moderate', 'score': 0.011058785021305084}, {'label': 'severe', 'score': 0.0028160393703728914}]]"
340,"[[{'label': 'not depression', 'score': 0.9749969840049744}, {'label': 'moderate', 'score': 0.021271122619509697}, {'label': 'severe', 'score': 0.003731834003701806}]]"
341,"[[{'label': 'not depression', 'score': 0.9599969387054443}, {'label': 'moderate', 'score': 0.034972477704286575}, {'label': 'severe', 'score': 0.005030554253607988}]]"
342,"[[{'label': 'not depression', 'score': 0.9779505133628845}, {'label': 'moderate', 'score': 0.018030280247330666}, {'label': 'severe', 'score': 0.004019188228994608}]]"
343,"[[{'label': 'not depression', 'score': 0.9760184288024902}, {'label': 'moderate', 'score': 0.01953279785811901}, {'label': 'severe', 'score': 0.004448780324310064}]]"
344,"[[{'label': 'not depression', 'score': 0.9678394198417664}, {'label': 'moderate', 'score': 0.027357477694749832}, {'label': 'severe', 'score': 0.004803040064871311}]]"
345,"[[{'label': 'not depression', 'score': 0.9827389121055603}, {'label': 'moderate', 'score': 0.01468432042747736}, {'label': 'severe', 'score': 0.002576809609308839}]]"
346,"[[{'label': 'not depression', 'score': 0.9860559701919556}, {'label': 'moderate', 'score': 0.011218118481338024}, {'label': 'severe', 'score': 0.002725888043642044}]]"
347,"[[{'label': 'not depression', 'score': 0.9815295338630676}, {'label': 'moderate', 'score': 0.015154747292399406}, {'label': 'severe', 'score': 0.0033156631980091333}]]"
348,"[[{'label': 'not depression', 'score': 0.974789559841156}, {'label': 'moderate', 'score': 0.021145237609744072}, {'label': 'severe', 'score': 0.004065162967890501}]]"
349,"[[{'label': 'not depression', 'score': 0.9737725853919983}, {'label': 'moderate', 'score': 0.021487006917595863}, {'label': 'severe', 'score': 0.004740425851196051}]]"
350,"[[{'label': 'not depression', 'score': 0.9811959266662598}, {'label': 'moderate', 'score': 0.015463015995919704}, {'label': 'severe', 'score': 0.00334109622053802}]]"
351,"[[{'label': 'not depression', 'score': 0.9860760569572449}, {'label': 'moderate', 'score': 0.011137713678181171}, {'label': 'severe', 'score': 0.002786287572234869}]]"
352,"[[{'label': 'not depression', 'score': 0.981295645236969}, {'label': 'moderate', 'score': 0.015775270760059357}, {'label': 'severe', 'score': 0.002929005539044738}]]"
353,"[[{'label': 'not depression', 'score': 0.9825383424758911}, {'label': 'moderate', 'score': 0.014477232471108437}, {'label': 'severe', 'score': 0.002984363352879882}]]"
354,"[[{'label': 'not depression', 'score': 0.9778780937194824}, {'label': 'moderate', 'score': 0.0182722769677639}, {'label': 'severe', 'score': 0.0038496190682053566}]]"
355,"[[{'label': 'not depression', 'score': 0.9813724756240845}, {'label': 'moderate', 'score': 0.01571742631494999}, {'label': 'severe', 'score': 0.002910119714215398}]]"
356,"[[{'label': 'not depression', 'score': 0.9799790382385254}, {'label': 'moderate', 'score': 0.01644715666770935}, {'label': 'severe', 'score': 0.0035737359430640936}]]"
357,"[[{'label': 'not depression', 'score': 0.9790297746658325}, {'label': 'moderate', 'score': 0.01758151687681675}, {'label': 'severe', 'score': 0.0033887322060763836}]]"
358,"[[{'label': 'not depression', 'score': 0.9736411571502686}, {'label': 'moderate', 'score': 0.02187243290245533}, {'label': 'severe', 'score': 0.004486456513404846}]]"
359,"[[{'label': 'not depression', 'score': 0.9842442870140076}, {'label': 'moderate', 'score': 0.013433439657092094}, {'label': 'severe', 'score': 0.002322221640497446}]]"
360,"[[{'label': 'not depression', 'score': 0.981561005115509}, {'label': 'moderate', 'score': 0.015303696505725384}, {'label': 'severe', 'score': 0.003135301172733307}]]"
