ID,anger,anticipation,disgust,fear,joy,negative,positive,sadness,surprise,trust,total_emotions,total_sentiments
1,0.0,0.3333,0.0,0.0,0.3333,0.0625,0.9375,0.0417,0.0,0.2917,24,16
2,0.0,0.2368,0.0263,0.0526,0.3421,0.0909,0.9091,0.0263,0.1053,0.2105,38,22
3,0.0196,0.2353,0.0196,0.0588,0.2549,0.1071,0.8929,0.0392,0.098,0.2745,51,28
4,0.0,0.2444,0.0,0.0889,0.3111,0.1481,0.8519,0.0667,0.0444,0.2444,45,27
5,0.0,0.3043,0.0217,0.0217,0.2826,0.0833,0.9167,0.0,0.087,0.2826,46,24
6,0.0,0.2368,0.0263,0.0263,0.3158,0.0,1.0,0.0,0.0789,0.3158,38,21
7,0.025,0.275,0.0,0.05,0.275,0.1364,0.8636,0.05,0.075,0.25,40,22
8,0.0526,0.2632,0.0263,0.0789,0.2368,0.1304,0.8696,0.0789,0.0526,0.2105,38,23
9,0.0,0.3265,0.0,0.0816,0.3061,0.037,0.963,0.0,0.0612,0.2245,49,27
10,0.0159,0.2381,0.0159,0.0317,0.3333,0.1622,0.8378,0.0159,0.1111,0.2381,63,37
11,0.0,0.2449,0.0204,0.0408,0.3061,0.1,0.9,0.0204,0.102,0.2653,49,30
12,0.0444,0.2444,0.0222,0.0444,0.3111,0.1364,0.8636,0.0222,0.0889,0.2222,45,22
13,0.0238,0.3095,0.0,0.0476,0.2381,0.0952,0.9048,0.0238,0.0714,0.2857,42,21
14,0.0,0.2703,0.0,0.1081,0.2703,0.0,1.0,0.027,0.1081,0.2162,37,19
15,0.027,0.2432,0.0,0.0,0.2703,0.1154,0.8846,0.027,0.1622,0.2703,37,26
16,0.0,0.2766,0.0,0.0426,0.3404,0.1304,0.8696,0.0,0.0638,0.2766,47,23
17,0.0,0.4,0.0,0.0571,0.2857,0.087,0.913,0.0286,0.0286,0.2,35,23
18,0.0,0.2817,0.0,0.0704,0.2958,0.1579,0.8421,0.0423,0.0704,0.2394,71,38
19,0.0417,0.2292,0.0,0.1042,0.25,0.2,0.8,0.0417,0.0417,0.2917,48,25
20,0.0,0.2791,0.0,0.093,0.2791,0.2,0.8,0.0,0.0698,0.2791,43,20
21,0.0167,0.3167,0.0,0.0667,0.3,0.08,0.92,0.0167,0.1,0.1833,60,25
22,0.0444,0.2667,0.0222,0.0222,0.2444,0.12,0.88,0.0222,0.1333,0.2444,45,25
23,0.0,0.2653,0.0,0.0408,0.3061,0.16,0.84,0.0204,0.1429,0.2245,49,25
24,0.0,0.325,0.0,0.025,0.325,0.1304,0.8696,0.0,0.1,0.225,40,23
25,0.0,0.25,0.0,0.0833,0.2917,0.08,0.92,0.0417,0.1042,0.2292,48,25
26,0.0465,0.2791,0.0,0.1163,0.2791,0.16,0.84,0.0465,0.0233,0.2093,43,25
27,0.0392,0.2549,0.0,0.0392,0.2745,0.1053,0.8947,0.0588,0.0784,0.2549,51,38
28,0.0,0.2821,0.0,0.0256,0.3333,0.125,0.875,0.0256,0.0513,0.2821,39,24
29,0.0,0.2857,0.0,0.0238,0.3333,0.0909,0.9091,0.0,0.0952,0.2619,42,22
30,0.0286,0.2286,0.0,0.0571,0.3143,0.1429,0.8571,0.0,0.0857,0.2857,35,21
31,0.0714,0.2857,0.0357,0.0714,0.2857,0.2308,0.7692,0.0,0.0714,0.1786,28,13
32,0.0,0.2581,0.0,0.0323,0.3226,0.1429,0.8571,0.0323,0.129,0.2258,31,14
33,0.0,0.2647,0.0294,0.0294,0.2647,0.1304,0.8696,0.0,0.0882,0.3235,34,23
34,0.0,0.3158,0.0263,0.0263,0.2632,0.15,0.85,0.0,0.1053,0.2632,38,20
35,0.0196,0.3333,0.0196,0.0196,0.2353,0.1034,0.8966,0.0,0.0784,0.2941,51,29
36,0.0227,0.2727,0.0,0.0455,0.2955,0.24,0.76,0.0227,0.0682,0.2727,44,25
37,0.0,0.3548,0.0,0.0645,0.3871,0.1538,0.8462,0.0,0.0,0.1935,31,26
38,0.0227,0.2273,0.0,0.0455,0.2955,0.087,0.913,0.0455,0.1591,0.2045,44,23
39,0.0,0.2667,0.0222,0.0444,0.3333,0.125,0.875,0.0444,0.0444,0.2444,45,24
40,0.0339,0.2373,0.0,0.1017,0.2881,0.1739,0.8261,0.0847,0.0847,0.1695,59,23
41,0.0175,0.2982,0.0,0.0702,0.2456,0.0909,0.9091,0.0526,0.0702,0.2456,57,22
42,0.0175,0.2807,0.0175,0.0702,0.2632,0.1212,0.8788,0.0,0.0702,0.2807,57,33
43,0.0145,0.2754,0.0,0.058,0.3333,0.0312,0.9688,0.0145,0.058,0.2464,69,32
44,0.0,0.2826,0.0217,0.0,0.3043,0.0357,0.9643,0.0,0.0652,0.3261,46,28
45,0.0,0.2286,0.0,0.0,0.2857,0.0909,0.9091,0.0571,0.1714,0.2571,35,22
46,0.0,0.2222,0.0222,0.0667,0.3333,0.0833,0.9167,0.0444,0.1111,0.2,45,24
47,0.0189,0.3019,0.0189,0.0377,0.3019,0.0741,0.9259,0.0377,0.0755,0.2075,53,27
48,0.0,0.1613,0.0,0.0645,0.2903,0.1364,0.8636,0.0968,0.0323,0.3548,31,22
49,0.0,0.3333,0.0,0.0238,0.2619,0.0,1.0,0.0238,0.0714,0.2857,42,26
50,0.0,0.2553,0.0426,0.0426,0.234,0.25,0.75,0.0213,0.1064,0.2979,47,24
51,0.0,0.275,0.025,0.075,0.325,0.04,0.96,0.0,0.025,0.275,40,25
52,0.0,0.2308,0.0192,0.0577,0.3077,0.037,0.963,0.0,0.0769,0.3077,52,27
53,0.0,0.3333,0.0,0.037,0.3333,0.0417,0.9583,0.0,0.1111,0.1852,54,24
54,0.0,0.2432,0.027,0.027,0.2973,0.25,0.75,0.027,0.1351,0.2432,37,20
55,0.04,0.28,0.0,0.12,0.28,0.15,0.85,0.04,0.04,0.2,25,20
56,0.0,0.303,0.0,0.0303,0.303,0.1364,0.8636,0.0303,0.1212,0.2121,33,22
57,0.0,0.2985,0.0149,0.0149,0.2687,0.0244,0.9756,0.0,0.0448,0.3582,67,41
58,0.0,0.2812,0.0312,0.0312,0.3438,0.15,0.85,0.0312,0.125,0.1562,32,20
59,0.0,0.3415,0.0,0.0244,0.3415,0.0385,0.9615,0.0244,0.0976,0.1707,41,26
60,0.0204,0.2449,0.0204,0.0612,0.2857,0.087,0.913,0.0612,0.0408,0.2653,49,23
61,0.0556,0.2407,0.037,0.0926,0.2222,0.2609,0.7391,0.0741,0.1111,0.1667,54,23
62,0.0682,0.2045,0.0227,0.0682,0.25,0.3158,0.6842,0.0909,0.1136,0.1818,44,19
63,0.1,0.18,0.04,0.1,0.24,0.28,0.72,0.06,0.14,0.14,50,25
64,0.0635,0.2381,0.0317,0.0794,0.2222,0.1923,0.8077,0.0794,0.127,0.1587,63,26
65,0.0392,0.2745,0.0392,0.0588,0.2549,0.2273,0.7727,0.0392,0.1569,0.1373,51,22
66,0.0208,0.2292,0.0208,0.1042,0.2917,0.1905,0.8095,0.0417,0.0833,0.2083,48,21
67,0.0714,0.1607,0.0179,0.0893,0.3214,0.25,0.75,0.0893,0.0893,0.1607,56,28
68,0.0435,0.2174,0.0217,0.1087,0.2609,0.2632,0.7368,0.0435,0.1087,0.1957,46,19
69,0.087,0.1739,0.0217,0.0652,0.3261,0.1923,0.8077,0.0435,0.1304,0.1522,46,26
70,0.1042,0.2292,0.0208,0.125,0.3125,0.3571,0.6429,0.0417,0.0417,0.125,48,28
71,0.0638,0.1915,0.0426,0.1064,0.2553,0.2381,0.7619,0.0638,0.1277,0.1489,47,21
72,0.0364,0.2,0.0364,0.0909,0.3091,0.16,0.84,0.0545,0.1091,0.1636,55,25
73,0.0444,0.2222,0.0222,0.0889,0.2222,0.2381,0.7619,0.0889,0.1333,0.1778,45,21
74,0.0227,0.2273,0.0227,0.0909,0.2955,0.1818,0.8182,0.0227,0.1591,0.1591,44,22
75,0.1,0.1714,0.0571,0.1,0.2429,0.3,0.7,0.0429,0.1429,0.1429,70,30
76,0.0227,0.2273,0.0455,0.0455,0.25,0.1579,0.8421,0.0455,0.1364,0.2273,44,19
77,0.0769,0.1538,0.0513,0.1026,0.2821,0.1905,0.8095,0.0769,0.0769,0.1795,39,21
78,0.0714,0.2321,0.0357,0.0714,0.2143,0.1818,0.8182,0.0536,0.1429,0.1786,56,22
79,0.1091,0.1636,0.0364,0.1091,0.2545,0.2258,0.7742,0.0727,0.0909,0.1636,55,31
80,0.0323,0.2581,0.0645,0.0484,0.2581,0.15,0.85,0.0484,0.129,0.1613,62,20
81,0.0238,0.2381,0.0238,0.0952,0.2619,0.1579,0.8421,0.0238,0.1429,0.1905,42,19
82,0.0238,0.2619,0.0476,0.0952,0.2619,0.2857,0.7143,0.0476,0.119,0.1429,42,21
83,0.0426,0.234,0.0213,0.0426,0.3191,0.1724,0.8276,0.0426,0.0638,0.234,47,29
84,0.0,0.1818,0.0227,0.0682,0.3182,0.125,0.875,0.0682,0.1364,0.2045,44,24
85,0.0192,0.2308,0.0192,0.0962,0.2885,0.1923,0.8077,0.0577,0.1154,0.1731,52,26
86,0.05,0.225,0.025,0.075,0.225,0.2353,0.7647,0.075,0.125,0.2,40,17
87,0.0417,0.1875,0.0417,0.0833,0.2917,0.1304,0.8696,0.0625,0.1042,0.1875,48,23
88,0.0417,0.2292,0.0417,0.0625,0.2708,0.2273,0.7727,0.0417,0.1458,0.1667,48,22
89,0.0909,0.2338,0.0649,0.1299,0.1688,0.3929,0.6071,0.0649,0.1039,0.1429,77,28
90,0.0789,0.2105,0.0263,0.1053,0.2895,0.2105,0.7895,0.0789,0.0789,0.1316,38,19
91,0.0357,0.2143,0.0357,0.0536,0.3036,0.1923,0.8077,0.0536,0.1071,0.1964,56,26
92,0.0678,0.1695,0.0339,0.0678,0.2712,0.2,0.8,0.0678,0.1525,0.1695,59,25
93,0.0377,0.2453,0.0377,0.0755,0.2453,0.16,0.84,0.0377,0.1132,0.2075,53,25
94,0.0625,0.2083,0.0625,0.0625,0.25,0.3,0.7,0.0625,0.1667,0.125,48,20
95,0.0506,0.2152,0.0127,0.0886,0.2658,0.2683,0.7317,0.0759,0.1013,0.1899,79,41
96,0.0469,0.2344,0.0469,0.0938,0.25,0.2083,0.7917,0.0625,0.1094,0.1562,64,24
97,0.0408,0.1837,0.0408,0.0816,0.2449,0.3,0.7,0.0816,0.1224,0.2041,49,20
98,0.04,0.24,0.06,0.08,0.24,0.1111,0.8889,0.04,0.14,0.16,50,27
99,0.0545,0.2545,0.0182,0.0909,0.2545,0.25,0.75,0.0364,0.1455,0.1455,55,24
100,0.0476,0.2143,0.0238,0.0714,0.2857,0.1667,0.8333,0.0476,0.0952,0.2143,42,18
101,0.0222,0.2444,0.0222,0.0444,0.3111,0.0909,0.9091,0.0444,0.1333,0.1778,45,22
102,0.0286,0.2,0.0286,0.0857,0.4,0.1176,0.8824,0.0286,0.0571,0.1714,35,17
103,0.0364,0.2182,0.0364,0.1091,0.3091,0.2308,0.7692,0.0545,0.0909,0.1455,55,26
104,0.0698,0.1395,0.0698,0.093,0.3023,0.2609,0.7391,0.0465,0.093,0.186,43,23
105,0.0208,0.2083,0.0208,0.0625,0.2917,0.1429,0.8571,0.0208,0.1458,0.2292,48,21
106,0.0426,0.234,0.0213,0.0638,0.2766,0.2222,0.7778,0.0213,0.1702,0.1702,47,27
107,0.0517,0.2241,0.0345,0.069,0.2586,0.2,0.8,0.0517,0.1552,0.1552,58,25
108,0.0625,0.1875,0.0208,0.0833,0.2708,0.3333,0.6667,0.0625,0.1042,0.2083,48,24
109,0.0256,0.2308,0.0256,0.1282,0.2821,0.1765,0.8235,0.0256,0.0769,0.2051,39,17
110,0.0571,0.1714,0.0286,0.1143,0.2857,0.2632,0.7368,0.0857,0.1429,0.1143,35,19
111,0.0385,0.1923,0.0385,0.0962,0.2885,0.2083,0.7917,0.0577,0.1154,0.1731,52,24
112,0.0278,0.2222,0.0278,0.0833,0.2778,0.2632,0.7368,0.0278,0.1389,0.1944,36,19
113,0.05,0.175,0.075,0.125,0.25,0.3158,0.6842,0.075,0.1,0.15,40,19
114,0.0694,0.2083,0.0278,0.0972,0.25,0.2903,0.7097,0.0694,0.0972,0.1806,72,31
115,0.0597,0.194,0.0299,0.1045,0.2388,0.2222,0.7778,0.0597,0.1194,0.194,67,27
116,0.0517,0.1897,0.0345,0.069,0.2931,0.2188,0.7812,0.069,0.1034,0.1897,58,32
117,0.1,0.18,0.04,0.12,0.22,0.32,0.68,0.1,0.12,0.12,50,25
118,0.0571,0.2,0.0286,0.1143,0.2857,0.2941,0.7059,0.0571,0.0857,0.1714,35,17
119,0.0377,0.1698,0.0377,0.0755,0.3208,0.28,0.72,0.0755,0.1132,0.1698,53,25
120,0.0278,0.2222,0.0278,0.0556,0.2778,0.1875,0.8125,0.0556,0.1667,0.1667,36,16
121,0.0,0.2821,0.0256,0.0,0.3846,0.1429,0.8571,0.0,0.1282,0.1795,39,21
122,0.0312,0.1875,0.0,0.0938,0.3125,0.125,0.875,0.0625,0.125,0.1875,32,16
123,0.0571,0.1429,0.0571,0.0286,0.3143,0.2222,0.7778,0.0286,0.1429,0.2286,35,18
124,0.0,0.3824,0.0,0.0294,0.2647,0.2,0.8,0.0294,0.0882,0.2059,34,15
125,0.0,0.2188,0.0,0.0312,0.4062,0.0476,0.9524,0.0,0.0938,0.25,32,21
126,0.0312,0.25,0.0312,0.0,0.3125,0.1905,0.8095,0.0312,0.1562,0.1875,32,21
127,0.0,0.1786,0.0,0.1071,0.2857,0.0714,0.9286,0.0714,0.1429,0.2143,28,14
128,0.0882,0.2647,0.0294,0.0588,0.2941,0.1053,0.8947,0.0294,0.0294,0.2059,34,19
129,0.0,0.3514,0.0,0.0,0.3243,0.25,0.75,0.027,0.1081,0.1892,37,20
130,0.0385,0.2692,0.0,0.1154,0.3462,0.1111,0.8889,0.0385,0.0385,0.1538,26,18
131,0.0612,0.2653,0.0408,0.0612,0.2653,0.1053,0.8947,0.0408,0.102,0.1633,49,19
132,0.0,0.2727,0.0,0.0909,0.3333,0.0667,0.9333,0.0,0.1212,0.1818,33,15
133,0.0488,0.2195,0.0488,0.0488,0.2683,0.25,0.75,0.0488,0.0976,0.2195,41,24
134,0.0345,0.2759,0.0,0.1034,0.2759,0.2143,0.7857,0.0345,0.1034,0.1724,29,14
135,0.0,0.2424,0.0,0.0303,0.4242,0.0909,0.9091,0.0,0.1212,0.1818,33,22
136,0.0417,0.1667,0.0,0.0833,0.375,0.1538,0.8462,0.0,0.0833,0.25,24,13
137,0.0,0.2222,0.0,0.0741,0.3704,0.0769,0.9231,0.037,0.1111,0.1852,27,13
138,0.0,0.2609,0.0435,0.087,0.2609,0.2727,0.7273,0.0,0.1739,0.1739,23,11
139,0.037,0.2222,0.037,0.1111,0.4074,0.1111,0.8889,0.0,0.0,0.1852,27,18
140,0.0,0.1935,0.0,0.0323,0.2903,0.1053,0.8947,0.0323,0.129,0.3226,31,19
141,0.0,0.28,0.0,0.08,0.24,0.2143,0.7857,0.0,0.08,0.32,25,14
142,0.0244,0.2195,0.0244,0.0488,0.3659,0.0952,0.9048,0.0732,0.0488,0.1951,41,21
143,0.0417,0.2083,0.0208,0.0417,0.2917,0.1667,0.8333,0.0208,0.125,0.25,48,24
144,0.0294,0.3235,0.0,0.0,0.3824,0.1176,0.8824,0.0,0.0588,0.2059,34,17
145,0.0444,0.3778,0.0,0.0667,0.2667,0.15,0.85,0.0444,0.1111,0.0889,45,20
146,0.0312,0.2812,0.0,0.0312,0.2812,0.2143,0.7857,0.0312,0.1562,0.1875,32,14
147,0.0816,0.2041,0.0,0.0612,0.3061,0.2,0.8,0.0204,0.0816,0.2449,49,30
148,0.0741,0.2222,0.0,0.1111,0.2593,0.2143,0.7857,0.0741,0.1111,0.1481,27,14
149,0.0385,0.2692,0.0,0.0,0.3846,0.1176,0.8824,0.0,0.0385,0.2692,26,17
150,0.0,0.2174,0.0,0.0435,0.3478,0.0667,0.9333,0.0,0.0435,0.3478,23,15
151,0.0,0.28,0.0,0.0,0.36,0.2,0.8,0.0,0.12,0.24,25,15
152,0.0909,0.3636,0.0455,0.0909,0.1364,0.2143,0.7857,0.0,0.0455,0.2273,22,14
153,0.0286,0.2286,0.0286,0.0857,0.2286,0.2381,0.7619,0.0571,0.0857,0.2571,35,21
154,0.025,0.225,0.025,0.075,0.325,0.2083,0.7917,0.025,0.075,0.225,40,24
155,0.0263,0.1842,0.0263,0.0526,0.2895,0.2222,0.7778,0.0263,0.1316,0.2632,38,18
156,0.04,0.28,0.0,0.2,0.28,0.3529,0.6471,0.04,0.0,0.16,25,17
157,0.0345,0.3103,0.0,0.1034,0.2759,0.1875,0.8125,0.0345,0.1379,0.1034,29,16
158,0.0323,0.2258,0.0,0.0323,0.3226,0.1333,0.8667,0.0323,0.0968,0.2581,31,15
159,0.037,0.1852,0.037,0.0741,0.3333,0.25,0.75,0.1111,0.0,0.2222,27,16
160,0.0465,0.2791,0.0233,0.0465,0.2558,0.2222,0.7778,0.0233,0.0698,0.2558,43,18
161,0.0,0.3043,0.0435,0.0,0.3043,0.3077,0.6923,0.087,0.1304,0.1304,23,13
162,0.0,0.3,0.0,0.0333,0.3333,0.1053,0.8947,0.0333,0.0667,0.2333,30,19
163,0.0,0.1724,0.0,0.0345,0.4138,0.05,0.95,0.0,0.069,0.3103,29,20
164,0.0,0.3182,0.0,0.0,0.4091,0.0,1.0,0.0,0.0455,0.2273,22,11
165,0.0,0.3235,0.0,0.0588,0.3235,0.0625,0.9375,0.0294,0.0882,0.1765,34,16
166,0.0,0.2889,0.0,0.0444,0.3333,0.087,0.913,0.0444,0.1111,0.1778,45,23
167,0.0476,0.1429,0.0,0.0952,0.2381,0.2381,0.7619,0.0476,0.0476,0.381,21,21
168,0.0,0.25,0.0,0.1,0.325,0.1053,0.8947,0.025,0.1,0.2,40,19
169,0.04,0.2,0.0,0.12,0.32,0.2143,0.7857,0.12,0.04,0.16,25,14
170,0.0,0.3333,0.0,0.0,0.3333,0.2308,0.7692,0.0,0.0417,0.2917,24,13
171,0.0448,0.209,0.0299,0.0746,0.2687,0.1724,0.8276,0.0448,0.1343,0.194,67,29
172,0.0,0.1935,0.0,0.0323,0.4194,0.1818,0.8182,0.0323,0.129,0.1935,31,22
173,0.0256,0.2308,0.0,0.0256,0.359,0.05,0.95,0.0256,0.1282,0.2051,39,20
174,0.0238,0.2857,0.0476,0.0476,0.2381,0.1429,0.8571,0.0476,0.0952,0.2143,42,21
175,0.0,0.2414,0.0345,0.0345,0.3793,0.0625,0.9375,0.0,0.069,0.2414,29,16
176,0.0,0.2308,0.0,0.0,0.3846,0.0,1.0,0.0385,0.1154,0.2308,26,15
177,0.0,0.2692,0.0,0.0,0.3846,0.1765,0.8235,0.0769,0.1154,0.1538,26,17
178,0.0,0.2632,0.0,0.1053,0.3158,0.1905,0.8095,0.0263,0.0263,0.2632,38,21
179,0.0,0.2581,0.0,0.129,0.4516,0.0556,0.9444,0.0,0.0323,0.129,31,18
180,0.0,0.1429,0.0,0.0952,0.4286,0.1765,0.8235,0.0,0.1429,0.1905,21,17
181,0.0,0.2667,0.0,0.0333,0.3333,0.125,0.875,0.1,0.1333,0.1333,30,16
182,0.0,0.3333,0.0,0.0,0.2963,0.0909,0.9091,0.0,0.1852,0.1852,27,11
183,0.027,0.2973,0.027,0.0,0.3243,0.1724,0.8276,0.027,0.0541,0.2432,37,29
184,0.0,0.2368,0.0,0.0,0.3158,0.1429,0.8571,0.0263,0.1579,0.2632,38,21
185,0.0213,0.2979,0.0213,0.0213,0.2766,0.0526,0.9474,0.0213,0.1489,0.1915,47,19
186,0.0588,0.2941,0.0294,0.0294,0.2353,0.2105,0.7895,0.0588,0.0588,0.2353,34,19
187,0.0,0.2727,0.0303,0.0303,0.3333,0.1667,0.8333,0.0303,0.0606,0.2424,33,18
188,0.0,0.3077,0.0,0.0385,0.2692,0.1667,0.8333,0.0769,0.1154,0.1923,26,18
189,0.0,0.3235,0.0,0.0294,0.3235,0.0909,0.9091,0.0,0.0588,0.2647,34,22
190,0.0,0.3514,0.0,0.0,0.3243,0.1739,0.8261,0.027,0.1081,0.1892,37,23
191,0.0312,0.2812,0.0312,0.0312,0.3125,0.2727,0.7273,0.0625,0.0312,0.2188,32,22
192,0.027,0.2703,0.027,0.0,0.2703,0.0556,0.9444,0.027,0.1351,0.2432,37,18
193,0.0357,0.2857,0.0,0.0,0.2857,0.1579,0.8421,0.0357,0.1429,0.2143,28,19
194,0.0345,0.2241,0.0345,0.0345,0.2931,0.2222,0.7778,0.0345,0.1552,0.1897,58,27
195,0.0455,0.1818,0.0455,0.0455,0.2727,0.1818,0.8182,0.0455,0.1364,0.2273,44,22
196,0.0,0.3158,0.0263,0.0,0.3158,0.1111,0.8889,0.0526,0.1053,0.1842,38,18
197,0.0244,0.2439,0.0244,0.0244,0.2683,0.1905,0.8095,0.0488,0.122,0.2439,41,21
198,0.0263,0.2368,0.0263,0.0263,0.2632,0.1667,0.8333,0.0526,0.1579,0.2105,38,18
199,0.0385,0.3462,0.0,0.0385,0.2692,0.2222,0.7778,0.0,0.0385,0.2692,26,18
200,0.05,0.325,0.025,0.025,0.25,0.2632,0.7368,0.05,0.075,0.2,40,19
201,0.0,0.2619,0.0238,0.0,0.3095,0.0435,0.9565,0.0238,0.0952,0.2857,42,23
202,0.0,0.3023,0.0,0.0,0.3256,0.1304,0.8696,0.0233,0.093,0.2558,43,23
203,0.0,0.2727,0.0,0.0,0.3409,0.1538,0.8462,0.0909,0.1136,0.1818,44,26
204,0.0667,0.2333,0.0,0.0667,0.3,0.3043,0.6957,0.0333,0.0667,0.2333,30,23
205,0.0,0.2889,0.0,0.0,0.3556,0.1071,0.8929,0.0444,0.0667,0.2444,45,28
206,0.0,0.28,0.04,0.04,0.36,0.2222,0.7778,0.04,0.04,0.2,25,18
207,0.0667,0.2667,0.0333,0.0333,0.3,0.2105,0.7895,0.0333,0.1333,0.1333,30,19
208,0.0,0.2708,0.0,0.0208,0.3125,0.1667,0.8333,0.0833,0.1042,0.2083,48,30
209,0.0278,0.3333,0.0278,0.0,0.2778,0.25,0.75,0.0278,0.0833,0.2222,36,20
210,0.0465,0.2558,0.0465,0.0233,0.2558,0.2727,0.7273,0.0465,0.093,0.2326,43,22
211,0.0192,0.2692,0.0,0.0385,0.3462,0.1538,0.8462,0.0192,0.1154,0.1923,52,26
212,0.0312,0.25,0.0,0.0,0.3125,0.1765,0.8235,0.0625,0.1562,0.1875,32,17
213,0.0286,0.3143,0.0286,0.0,0.3429,0.16,0.84,0.0286,0.0571,0.2,35,25
214,0.04,0.28,0.02,0.04,0.28,0.1481,0.8519,0.02,0.08,0.24,50,27
215,0.0,0.3333,0.0,0.0,0.3333,0.1111,0.8889,0.0,0.0741,0.2593,27,18
216,0.0435,0.3478,0.0435,0.0435,0.2609,0.3636,0.6364,0.0435,0.087,0.1304,23,11
217,0.0213,0.2766,0.0213,0.0638,0.2766,0.1818,0.8182,0.0638,0.0851,0.1915,47,22
218,0.0,0.2581,0.0,0.0,0.3226,0.2632,0.7368,0.0968,0.0645,0.2581,31,19
219,0.0286,0.2286,0.0,0.0,0.3429,0.0909,0.9091,0.0571,0.0857,0.2571,35,22
220,0.0526,0.3158,0.0,0.0,0.4211,0.2857,0.7143,0.0,0.0,0.2105,19,14
221,0.0,0.3611,0.0,0.0,0.3333,0.05,0.95,0.0278,0.1111,0.1667,36,20
222,0.0476,0.3333,0.0,0.0,0.2857,0.2143,0.7857,0.0,0.1429,0.1905,21,14
223,0.0455,0.2273,0.0455,0.0455,0.2955,0.1429,0.8571,0.0455,0.1136,0.1818,44,21
224,0.0233,0.2558,0.0233,0.0465,0.3256,0.1364,0.8636,0.0233,0.093,0.2093,43,22
225,0.0357,0.25,0.0357,0.0,0.2857,0.1333,0.8667,0.0357,0.1071,0.25,28,15
226,0.0278,0.25,0.0278,0.0,0.3333,0.2273,0.7727,0.0278,0.1111,0.2222,36,22
227,0.0333,0.2,0.0333,0.0,0.3,0.05,0.95,0.0,0.1667,0.2667,30,20
228,0.0,0.375,0.0,0.0625,0.25,0.2308,0.7692,0.0,0.0625,0.25,16,13
229,0.0286,0.3143,0.0286,0.0286,0.3143,0.0455,0.9545,0.0,0.0857,0.2,35,22
230,0.0208,0.25,0.0208,0.0417,0.3333,0.0769,0.9231,0.0208,0.1042,0.2083,48,26
231,0.0,0.2424,0.0,0.0303,0.303,0.1667,0.8333,0.0303,0.1515,0.2424,33,18
232,0.037,0.3333,0.0,0.0,0.2963,0.1875,0.8125,0.0741,0.0741,0.1852,27,16
233,0.0588,0.2353,0.0588,0.0588,0.2941,0.1667,0.8333,0.0588,0.0588,0.1765,17,18
234,0.0,0.2727,0.0455,0.0,0.2727,0.25,0.75,0.0,0.1818,0.2273,22,16
235,0.0233,0.3023,0.0,0.0,0.3256,0.1818,0.8182,0.0465,0.093,0.2093,43,22
236,0.0,0.2581,0.0323,0.0,0.3548,0.1765,0.8235,0.0323,0.0968,0.2258,31,17
237,0.0,0.3077,0.0,0.0,0.3077,0.1875,0.8125,0.0769,0.1154,0.1923,26,16
238,0.0,0.4054,0.0,0.0,0.2973,0.1667,0.8333,0.0,0.0541,0.2432,37,24
239,0.069,0.2069,0.0345,0.069,0.2414,0.3125,0.6875,0.1034,0.1034,0.1724,29,16
240,0.0,0.2581,0.0323,0.0,0.3226,0.1111,0.8889,0.0,0.0968,0.2903,31,18
241,0.0,0.2632,0.0,0.0526,0.4211,0.0,1.0,0.0,0.0526,0.2105,19,14
242,0.0,0.1667,0.0,0.0556,0.3333,0.2,0.8,0.0556,0.1667,0.2222,18,10
243,0.0,0.2105,0.0,0.0526,0.4211,0.1,0.9,0.0526,0.0526,0.2105,19,10
244,0.0,0.2105,0.0,0.0,0.3684,0.0,1.0,0.0,0.0526,0.3684,19,12
245,0.0,0.3182,0.0,0.0,0.3636,0.0769,0.9231,0.0,0.0909,0.2273,22,13
246,0.0,0.36,0.0,0.0,0.36,0.125,0.875,0.04,0.08,0.16,25,16
247,0.0,0.2692,0.0,0.0,0.4231,0.0,1.0,0.0769,0.0769,0.1538,26,15
248,0.0,0.2917,0.0,0.0417,0.375,0.1667,0.8333,0.0417,0.125,0.125,24,12
249,0.0,0.3846,0.0,0.0,0.3077,0.0909,0.9091,0.0,0.0769,0.2308,13,11
250,0.0,0.2857,0.0,0.0,0.4286,0.0909,0.9091,0.0,0.0714,0.2143,14,11
251,0.0,0.1111,0.0,0.0,0.5556,0.0909,0.9091,0.0,0.1111,0.2222,9,11
252,0.0,0.25,0.0,0.0625,0.3125,0.0,1.0,0.0,0.1875,0.1875,16,8
253,0.0,0.3,0.0,0.1,0.4,0.2222,0.7778,0.0,0.0,0.2,10,9
254,0.0,0.2941,0.0,0.0,0.4118,0.0,1.0,0.0,0.1176,0.1765,17,16
255,0.0,0.2308,0.0,0.0,0.3077,0.0,1.0,0.0769,0.1538,0.2308,13,9
256,0.0,0.2692,0.0,0.0,0.3462,0.0,1.0,0.0385,0.1154,0.2308,26,16
257,0.037,0.2593,0.0,0.0,0.3704,0.1111,0.8889,0.037,0.0741,0.2222,27,18
258,0.0,0.2727,0.0,0.0909,0.3636,0.1538,0.8462,0.0,0.0909,0.1818,22,13
259,0.0,0.3158,0.0,0.0526,0.3158,0.0769,0.9231,0.0526,0.1053,0.1579,19,13
260,0.0,0.3077,0.0,0.0,0.4615,0.125,0.875,0.0,0.0,0.2308,13,16
261,0.0,0.2632,0.0,0.0526,0.2632,0.2,0.8,0.0526,0.1579,0.2105,19,10
262,0.0,0.2353,0.0,0.0588,0.2941,0.1,0.9,0.0,0.1176,0.2941,17,10
263,0.0,0.25,0.0,0.0,0.375,0.0,1.0,0.0,0.0,0.375,16,9
264,0.0,0.2273,0.0,0.1364,0.3182,0.0769,0.9231,0.0,0.1364,0.1818,22,13
265,0.0588,0.2353,0.0,0.1176,0.2941,0.2,0.8,0.0588,0.0588,0.1765,17,10
266,0.0,0.2727,0.0,0.0,0.4545,0.1,0.9,0.0,0.0909,0.1818,11,10
267,0.0,0.2353,0.0,0.0,0.4118,0.0,1.0,0.0,0.1176,0.2353,17,10
268,0.0,0.2692,0.0,0.0385,0.3846,0.0667,0.9333,0.0,0.0769,0.2308,26,15
269,0.0,0.2143,0.0,0.0,0.5,0.1111,0.8889,0.0,0.0714,0.2143,14,9
270,0.0,0.2381,0.0476,0.0476,0.3333,0.0667,0.9333,0.0476,0.0476,0.2381,21,15
271,0.0,0.2941,0.0,0.0,0.2941,0.125,0.875,0.0588,0.1765,0.1765,17,8
272,0.0,0.2308,0.0,0.0385,0.3077,0.1667,0.8333,0.0385,0.1538,0.2308,26,12
273,0.0,0.2667,0.0,0.0667,0.4,0.125,0.875,0.0667,0.0667,0.1333,15,8
274,0.0,0.2353,0.0,0.0,0.4118,0.0,1.0,0.0,0.1176,0.2353,17,11
275,0.0,0.2593,0.0,0.037,0.3333,0.0714,0.9286,0.037,0.1481,0.1852,27,14
276,0.0,0.25,0.0,0.0,0.3333,0.0,1.0,0.0833,0.1667,0.1667,12,9
277,0.0,0.25,0.0,0.0417,0.3333,0.1667,0.8333,0.0417,0.1667,0.1667,24,12
278,0.0,0.2667,0.0,0.0,0.4,0.2222,0.7778,0.0667,0.1333,0.1333,15,9
279,0.0,0.2,0.0,0.0333,0.3,0.0769,0.9231,0.1,0.1333,0.2333,30,13
280,0.0,0.3125,0.0,0.0,0.375,0.0,1.0,0.0,0.0625,0.25,16,15
281,0.0,0.3158,0.0,0.0,0.4211,0.0,1.0,0.0526,0.0526,0.1579,19,12
282,0.0,0.2727,0.0,0.0,0.4545,0.0,1.0,0.0,0.1364,0.1364,22,14
283,0.0,0.32,0.0,0.0,0.36,0.0667,0.9333,0.0,0.08,0.24,25,15
284,0.0,0.2,0.0,0.0,0.4667,0.1538,0.8462,0.0,0.0667,0.2667,15,13
285,0.0,0.2857,0.0,0.0,0.4286,0.2222,0.7778,0.0,0.0,0.2857,14,9
286,0.0,0.25,0.0,0.0,0.5,0.0,1.0,0.0,0.0,0.25,12,9
287,0.0,0.3,0.0,0.1,0.4,0.1111,0.8889,0.0,0.0,0.2,10,9
288,0.0,0.3125,0.0,0.0,0.4375,0.0,1.0,0.0,0.0625,0.1875,16,10
289,0.0,0.2609,0.0,0.0,0.3043,0.0,1.0,0.087,0.1739,0.1739,23,10
290,0.0,0.2727,0.0,0.0455,0.3636,0.1429,0.8571,0.0455,0.0909,0.1818,22,14
291,0.0,0.2381,0.0,0.0476,0.3333,0.0,1.0,0.0476,0.1429,0.1905,21,13
292,0.0,0.2857,0.0,0.0714,0.3571,0.1667,0.8333,0.0,0.0714,0.2143,14,12
293,0.0,0.25,0.0,0.0,0.4375,0.0833,0.9167,0.0,0.0625,0.25,16,12
294,0.0556,0.2778,0.0,0.0,0.2778,0.2308,0.7692,0.0,0.1111,0.2778,18,13
295,0.0,0.2222,0.0,0.0556,0.3889,0.0833,0.9167,0.0,0.0556,0.2778,18,12
296,0.0,0.2143,0.0,0.0,0.2857,0.0,1.0,0.0,0.1429,0.3571,14,10
297,0.0476,0.1905,0.0,0.0,0.4286,0.0625,0.9375,0.0,0.1429,0.1905,21,16
298,0.0,0.3333,0.0,0.0,0.4667,0.0,1.0,0.0,0.0,0.2,15,8
299,0.0,0.2667,0.0,0.0,0.4,0.0,1.0,0.0,0.1333,0.2,15,10
300,0.0,0.2917,0.0,0.0,0.5,0.0,1.0,0.0,0.0417,0.1667,24,16
301,0.0345,0.2414,0.069,0.1379,0.1724,0.1667,0.8333,0.0345,0.1379,0.1724,29,12
302,0.0,0.2632,0.0,0.0526,0.3421,0.2105,0.7895,0.0263,0.1579,0.1579,38,19
303,0.05,0.25,0.0,0.1,0.3,0.1538,0.8462,0.05,0.1,0.15,20,13
304,0.0,0.2353,0.0,0.0588,0.3529,0.0714,0.9286,0.0,0.1176,0.2353,17,14
305,0.0,0.1818,0.0,0.0455,0.4091,0.0,1.0,0.0,0.0455,0.3182,22,11
306,0.0,0.2,0.0,0.0667,0.3333,0.3,0.7,0.0,0.2667,0.1333,15,10
307,0.0417,0.2917,0.0,0.125,0.25,0.1,0.9,0.0,0.2083,0.0833,24,10
308,0.0385,0.1923,0.0385,0.0769,0.3077,0.1429,0.8571,0.0,0.0769,0.2692,26,14
309,0.08,0.24,0.0,0.12,0.24,0.3333,0.6667,0.08,0.16,0.08,25,12
310,0.0,0.3158,0.0,0.0,0.2632,0.1,0.9,0.0526,0.1053,0.2632,19,10
311,0.0,0.2,0.0,0.1,0.3,0.3333,0.6667,0.1,0.1,0.2,10,12
312,0.0,0.2941,0.0,0.0588,0.3529,0.0909,0.9091,0.0588,0.1176,0.1176,17,11
313,0.0,0.1379,0.0,0.0345,0.3448,0.1111,0.8889,0.1034,0.1379,0.2414,29,18
314,0.037,0.2593,0.037,0.1481,0.2963,0.125,0.875,0.037,0.037,0.1481,27,16
315,0.0278,0.25,0.0556,0.0556,0.2222,0.0625,0.9375,0.0,0.1111,0.2778,36,16
316,0.0,0.2703,0.0,0.0541,0.2703,0.0,1.0,0.0,0.1351,0.2703,37,14
317,0.0541,0.1622,0.0541,0.0811,0.2432,0.2667,0.7333,0.0541,0.1622,0.1892,37,15
318,0.0,0.2308,0.0,0.0769,0.1538,0.375,0.625,0.0769,0.2308,0.2308,13,8
319,0.0333,0.2333,0.0,0.0667,0.3,0.125,0.875,0.0,0.1667,0.2,30,16
320,0.0,0.2222,0.0,0.0556,0.3889,0.0,1.0,0.0,0.1111,0.2222,18,8
321,0.0,0.3125,0.0312,0.125,0.1875,0.0769,0.9231,0.0,0.125,0.2188,32,13
322,0.0,0.32,0.0,0.08,0.28,0.1429,0.8571,0.0,0.04,0.28,25,14
323,0.0,0.2647,0.0,0.0294,0.2941,0.1111,0.8889,0.0588,0.0882,0.2647,34,18
324,0.0,0.25,0.0,0.0714,0.2857,0.2143,0.7857,0.0,0.2143,0.1786,28,14
325,0.0,0.1667,0.0,0.0,0.3333,0.0,1.0,0.0,0.25,0.25,12,8
326,0.0625,0.25,0.0,0.125,0.1875,0.25,0.75,0.0,0.1875,0.1875,16,8
327,0.0,0.2727,0.0,0.0455,0.3182,0.0714,0.9286,0.0455,0.1364,0.1818,22,14
328,0.027,0.2162,0.027,0.0541,0.2973,0.1875,0.8125,0.027,0.1622,0.1892,37,16
329,0.04,0.24,0.04,0.08,0.24,0.2,0.8,0.04,0.08,0.24,25,15
330,0.0435,0.2609,0.0435,0.0435,0.2174,0.3,0.7,0.0,0.1739,0.2174,23,10
331,0.037,0.1852,0.0,0.0741,0.2593,0.1667,0.8333,0.0741,0.1481,0.2222,27,12
332,0.0,0.25,0.0,0.0,0.3,0.0909,0.9091,0.05,0.15,0.25,20,11
333,0.0,0.2353,0.0,0.0588,0.2941,0.0667,0.9333,0.0588,0.1765,0.1765,17,15
334,0.0,0.3125,0.0,0.0625,0.2812,0.1333,0.8667,0.0,0.125,0.2188,32,15
335,0.0,0.2821,0.0,0.0769,0.2564,0.1176,0.8824,0.0,0.1026,0.2821,39,17
336,0.0,0.2778,0.0,0.1111,0.2778,0.0909,0.9091,0.0,0.1111,0.2222,18,11
337,0.0,0.1905,0.0,0.0476,0.381,0.0,1.0,0.0952,0.1429,0.1429,21,9
338,0.0345,0.2069,0.0345,0.069,0.2414,0.1429,0.8571,0.069,0.1724,0.1724,29,14
339,0.0,0.2,0.0,0.0667,0.3333,0.2,0.8,0.0,0.1333,0.2667,15,10
340,0.0357,0.25,0.0,0.0357,0.25,0.0667,0.9333,0.0714,0.0714,0.2857,28,15
341,0.1111,0.1667,0.0,0.1667,0.2778,0.2,0.8,0.0556,0.1667,0.0556,18,10
342,0.0,0.2857,0.0,0.0476,0.3333,0.1538,0.8462,0.0,0.0476,0.2857,21,13
343,0.0,0.2778,0.0278,0.0,0.3056,0.0417,0.9583,0.0,0.1944,0.1944,36,24
344,0.0,0.2857,0.0,0.0476,0.2857,0.1667,0.8333,0.0,0.0952,0.2857,21,12
345,0.0,0.2581,0.0,0.0323,0.3226,0.0714,0.9286,0.0,0.129,0.2581,31,14
346,0.0,0.2,0.0,0.15,0.25,0.125,0.875,0.0,0.15,0.25,20,8
347,0.0,0.3158,0.0,0.0,0.2632,0.1538,0.8462,0.0,0.0526,0.3684,19,13
348,0.0645,0.1613,0.0645,0.0968,0.2581,0.1333,0.8667,0.0968,0.0968,0.1613,31,15
349,0.0,0.2759,0.0,0.0345,0.3103,0.0588,0.9412,0.0,0.1034,0.2759,29,17
350,0.0,0.25,0.0,0.0625,0.25,0.1429,0.8571,0.0625,0.125,0.25,16,14
351,0.0,0.2174,0.0,0.0435,0.3478,0.0,1.0,0.0,0.1304,0.2609,23,13
352,0.0,0.1538,0.0,0.0,0.3846,0.0,1.0,0.0,0.1538,0.3077,13,8
353,0.0,0.2414,0.0345,0.1034,0.2414,0.1111,0.8889,0.0,0.1724,0.2069,29,18
354,0.0,0.2727,0.0,0.1364,0.3182,0.1765,0.8235,0.0,0.0455,0.2273,22,17
355,0.0,0.2174,0.0,0.0435,0.3478,0.0714,0.9286,0.0,0.1304,0.2609,23,14
356,0.0417,0.125,0.0417,0.25,0.2083,0.25,0.75,0.0417,0.0833,0.2083,24,16
357,0.0667,0.2667,0.0,0.0667,0.2667,0.0769,0.9231,0.0,0.1333,0.2,30,13
358,0.0,0.2857,0.0,0.2143,0.1429,0.5,0.5,0.1429,0.1429,0.0714,14,10
359,0.1,0.1,0.1,0.1,0.4,0.3333,0.6667,0.1,0.0,0.1,10,9
360,0.0,0.2069,0.0345,0.069,0.2759,0.125,0.875,0.069,0.1724,0.1724,29,16
