1,"[[{'label': 'not depression', 'score': 0.9181445240974426}, {'label': 'moderate', 'score': 0.06006333976984024}, {'label': 'severe', 'score': 0.021792177110910416}]]"
2,"[[{'label': 'not depression', 'score': 0.9142121076583862}, {'label': 'moderate', 'score': 0.06423705071210861}, {'label': 'severe', 'score': 0.021550819277763367}]]"
3,"[[{'label': 'not depression', 'score': 0.9353970289230347}, {'label': 'moderate', 'score': 0.048410069197416306}, {'label': 'severe', 'score': 0.016192927956581116}]]"
4,"[[{'label': 'not depression', 'score': 0.9359967708587646}, {'label': 'moderate', 'score': 0.047772228717803955}, {'label': 'severe', 'score': 0.016231022775173187}]]"
5,"[[{'label': 'not depression', 'score': 0.9482414722442627}, {'label': 'moderate', 'score': 0.03936542943120003}, {'label': 'severe', 'score': 0.012393102049827576}]]"
6,"[[{'label': 'not depression', 'score': 0.9310178756713867}, {'label': 'moderate', 'score': 0.0502835251390934}, {'label': 'severe', 'score': 0.018698571249842644}]]"
7,"[[{'label': 'not depression', 'score': 0.9364702105522156}, {'label': 'moderate', 'score': 0.04939191788434982}, {'label': 'severe', 'score': 0.014137891121208668}]]"
8,"[[{'label': 'not depression', 'score': 0.9532199501991272}, {'label': 'moderate', 'score': 0.03840506449341774}, {'label': 'severe', 'score': 0.008375017903745174}]]"
9,"[[{'label': 'not depression', 'score': 0.9821022748947144}, {'label': 'moderate', 'score': 0.013992681168019772}, {'label': 'severe', 'score': 0.0039050837513059378}]]"
10,"[[{'label': 'not depression', 'score': 0.9093529582023621}, {'label': 'moderate', 'score': 0.06513083726167679}, {'label': 'severe', 'score': 0.025516225025057793}]]"
11,"[[{'label': 'not depression', 'score': 0.9716295003890991}, {'label': 'moderate', 'score': 0.02168252132833004}, {'label': 'severe', 'score': 0.0066879489459097385}]]"
12,"[[{'label': 'not depression', 'score': 0.8975429534912109}, {'label': 'moderate', 'score': 0.08177696168422699}, {'label': 'severe', 'score': 0.020680032670497894}]]"
13,"[[{'label': 'not depression', 'score': 0.9217246770858765}, {'label': 'moderate', 'score': 0.06444379687309265}, {'label': 'severe', 'score': 0.01383148692548275}]]"
14,"[[{'label': 'not depression', 'score': 0.9552341103553772}, {'label': 'moderate', 'score': 0.03280872106552124}, {'label': 'severe', 'score': 0.011957114562392235}]]"
15,"[[{'label': 'not depression', 'score': 0.9592501521110535}, {'label': 'moderate', 'score': 0.030343882739543915}, {'label': 'severe', 'score': 0.010405920445919037}]]"
16,"[[{'label': 'not depression', 'score': 0.9452786445617676}, {'label': 'moderate', 'score': 0.04606734216213226}, {'label': 'severe', 'score': 0.00865396298468113}]]"
17,"[[{'label': 'not depression', 'score': 0.913640022277832}, {'label': 'moderate', 'score': 0.056299082934856415}, {'label': 'severe', 'score': 0.030060838907957077}]]"
18,"[[{'label': 'not depression', 'score': 0.8932960033416748}, {'label': 'moderate', 'score': 0.08213119953870773}, {'label': 'severe', 'score': 0.024572763592004776}]]"
19,"[[{'label': 'not depression', 'score': 0.9567325711250305}, {'label': 'moderate', 'score': 0.03207240626215935}, {'label': 'severe', 'score': 0.011195019818842411}]]"
20,"[[{'label': 'not depression', 'score': 0.9599316120147705}, {'label': 'moderate', 'score': 0.028442014008760452}, {'label': 'severe', 'score': 0.011626431718468666}]]"
21,"[[{'label': 'not depression', 'score': 0.9656524062156677}, {'label': 'moderate', 'score': 0.02640826627612114}, {'label': 'severe', 'score': 0.007939323782920837}]]"
22,"[[{'label': 'not depression', 'score': 0.9352627992630005}, {'label': 'moderate', 'score': 0.05074271932244301}, {'label': 'severe', 'score': 0.013994487002491951}]]"
23,"[[{'label': 'not depression', 'score': 0.932271420955658}, {'label': 'moderate', 'score': 0.05565750226378441}, {'label': 'severe', 'score': 0.012071122415363789}]]"
24,"[[{'label': 'not depression', 'score': 0.9771952033042908}, {'label': 'moderate', 'score': 0.018447868525981903}, {'label': 'severe', 'score': 0.004356893710792065}]]"
25,"[[{'label': 'not depression', 'score': 0.9682793617248535}, {'label': 'moderate', 'score': 0.023895373567938805}, {'label': 'severe', 'score': 0.00782528892159462}]]"
26,"[[{'label': 'not depression', 'score': 0.9500018954277039}, {'label': 'moderate', 'score': 0.03698258101940155}, {'label': 'severe', 'score': 0.013015559874475002}]]"
27,"[[{'label': 'not depression', 'score': 0.9397619366645813}, {'label': 'moderate', 'score': 0.04623587056994438}, {'label': 'severe', 'score': 0.014002184383571148}]]"
28,"[[{'label': 'not depression', 'score': 0.9493018984794617}, {'label': 'moderate', 'score': 0.04023809731006622}, {'label': 'severe', 'score': 0.01045997254550457}]]"
29,"[[{'label': 'not depression', 'score': 0.9645407199859619}, {'label': 'moderate', 'score': 0.028967667371034622}, {'label': 'severe', 'score': 0.006491553969681263}]]"
30,"[[{'label': 'not depression', 'score': 0.9631716012954712}, {'label': 'moderate', 'score': 0.0285993292927742}, {'label': 'severe', 'score': 0.008229144848883152}]]"
31,"[[{'label': 'not depression', 'score': 0.9654053449630737}, {'label': 'moderate', 'score': 0.024681217968463898}, {'label': 'severe', 'score': 0.00991341657936573}]]"
32,"[[{'label': 'not depression', 'score': 0.970678448677063}, {'label': 'moderate', 'score': 0.020380623638629913}, {'label': 'severe', 'score': 0.008940944448113441}]]"
33,"[[{'label': 'not depression', 'score': 0.9465431571006775}, {'label': 'moderate', 'score': 0.04008489474654198}, {'label': 'severe', 'score': 0.01337192952632904}]]"
34,"[[{'label': 'not depression', 'score': 0.9684385657310486}, {'label': 'moderate', 'score': 0.02376685105264187}, {'label': 'severe', 'score': 0.007794642820954323}]]"
35,"[[{'label': 'not depression', 'score': 0.9440377354621887}, {'label': 'moderate', 'score': 0.0408138632774353}, {'label': 'severe', 'score': 0.015148422680795193}]]"
36,"[[{'label': 'not depression', 'score': 0.9235000610351562}, {'label': 'moderate', 'score': 0.050245124846696854}, {'label': 'severe', 'score': 0.026254847645759583}]]"
37,"[[{'label': 'not depression', 'score': 0.9713481068611145}, {'label': 'moderate', 'score': 0.022224383428692818}, {'label': 'severe', 'score': 0.006427499931305647}]]"
38,"[[{'label': 'not depression', 'score': 0.9696481823921204}, {'label': 'moderate', 'score': 0.021730493754148483}, {'label': 'severe', 'score': 0.00862126424908638}]]"
39,"[[{'label': 'not depression', 'score': 0.954734742641449}, {'label': 'moderate', 'score': 0.031831029802560806}, {'label': 'severe', 'score': 0.013434160500764847}]]"
40,"[[{'label': 'not depression', 'score': 0.9086247086524963}, {'label': 'moderate', 'score': 0.062171902507543564}, {'label': 'severe', 'score': 0.029203370213508606}]]"
41,"[[{'label': 'not depression', 'score': 0.9776028990745544}, {'label': 'moderate', 'score': 0.016763832420110703}, {'label': 'severe', 'score': 0.005633336026221514}]]"
42,"[[{'label': 'not depression', 'score': 0.9508245587348938}, {'label': 'moderate', 'score': 0.033575356006622314}, {'label': 'severe', 'score': 0.015600019134581089}]]"
43,"[[{'label': 'not depression', 'score': 0.969975471496582}, {'label': 'moderate', 'score': 0.020567135885357857}, {'label': 'severe', 'score': 0.009457333944737911}]]"
44,"[[{'label': 'not depression', 'score': 0.9460614919662476}, {'label': 'moderate', 'score': 0.03730764985084534}, {'label': 'severe', 'score': 0.016630852594971657}]]"
45,"[[{'label': 'not depression', 'score': 0.9668706059455872}, {'label': 'moderate', 'score': 0.0235813669860363}, {'label': 'severe', 'score': 0.009548008441925049}]]"
46,"[[{'label': 'not depression', 'score': 0.9697766900062561}, {'label': 'moderate', 'score': 0.024067992344498634}, {'label': 'severe', 'score': 0.006155290175229311}]]"
47,"[[{'label': 'not depression', 'score': 0.9513700008392334}, {'label': 'moderate', 'score': 0.03611087054014206}, {'label': 'severe', 'score': 0.012519065290689468}]]"
48,"[[{'label': 'not depression', 'score': 0.9791529774665833}, {'label': 'moderate', 'score': 0.014153293333947659}, {'label': 'severe', 'score': 0.006693736650049686}]]"
49,"[[{'label': 'not depression', 'score': 0.9670870900154114}, {'label': 'moderate', 'score': 0.023926958441734314}, {'label': 'severe', 'score': 0.008985934779047966}]]"
50,"[[{'label': 'not depression', 'score': 0.9776548147201538}, {'label': 'moderate', 'score': 0.017129583284258842}, {'label': 'severe', 'score': 0.0052156210877001286}]]"
51,"[[{'label': 'not depression', 'score': 0.9305812120437622}, {'label': 'moderate', 'score': 0.05397355929017067}, {'label': 'severe', 'score': 0.015445219352841377}]]"
52,"[[{'label': 'not depression', 'score': 0.9682733416557312}, {'label': 'moderate', 'score': 0.023709114640951157}, {'label': 'severe', 'score': 0.008017508313059807}]]"
53,"[[{'label': 'not depression', 'score': 0.9631399512290955}, {'label': 'moderate', 'score': 0.02795216627418995}, {'label': 'severe', 'score': 0.008907876908779144}]]"
54,"[[{'label': 'not depression', 'score': 0.93344646692276}, {'label': 'moderate', 'score': 0.05198654159903526}, {'label': 'severe', 'score': 0.014567001722753048}]]"
55,"[[{'label': 'not depression', 'score': 0.9132760167121887}, {'label': 'moderate', 'score': 0.06397852301597595}, {'label': 'severe', 'score': 0.022745443508028984}]]"
56,"[[{'label': 'not depression', 'score': 0.9666509032249451}, {'label': 'moderate', 'score': 0.02583150751888752}, {'label': 'severe', 'score': 0.007517572492361069}]]"
57,"[[{'label': 'not depression', 'score': 0.9571769833564758}, {'label': 'moderate', 'score': 0.03230515122413635}, {'label': 'severe', 'score': 0.010517876595258713}]]"
58,"[[{'label': 'not depression', 'score': 0.9566629528999329}, {'label': 'moderate', 'score': 0.03399861603975296}, {'label': 'severe', 'score': 0.009338407777249813}]]"
59,"[[{'label': 'not depression', 'score': 0.9775846600532532}, {'label': 'moderate', 'score': 0.018134135752916336}, {'label': 'severe', 'score': 0.004281163681298494}]]"
60,"[[{'label': 'not depression', 'score': 0.9768097996711731}, {'label': 'moderate', 'score': 0.018152618780732155}, {'label': 'severe', 'score': 0.005037636496126652}]]"
61,"[[{'label': 'not depression', 'score': 0.9562323093414307}, {'label': 'moderate', 'score': 0.026056524366140366}, {'label': 'severe', 'score': 0.01771114580333233}]]"
62,"[[{'label': 'not depression', 'score': 0.9551589488983154}, {'label': 'moderate', 'score': 0.028125131502747536}, {'label': 'severe', 'score': 0.016715874895453453}]]"
63,"[[{'label': 'not depression', 'score': 0.9473903179168701}, {'label': 'moderate', 'score': 0.033990535885095596}, {'label': 'severe', 'score': 0.018619168549776077}]]"
64,"[[{'label': 'not depression', 'score': 0.9101512432098389}, {'label': 'moderate', 'score': 0.05332197621464729}, {'label': 'severe', 'score': 0.036526843905448914}]]"
65,"[[{'label': 'not depression', 'score': 0.957892656326294}, {'label': 'moderate', 'score': 0.02596045844256878}, {'label': 'severe', 'score': 0.016146913170814514}]]"
66,"[[{'label': 'not depression', 'score': 0.9489279985427856}, {'label': 'moderate', 'score': 0.030246609821915627}, {'label': 'severe', 'score': 0.020825402811169624}]]"
67,"[[{'label': 'not depression', 'score': 0.9317091703414917}, {'label': 'moderate', 'score': 0.04014018177986145}, {'label': 'severe', 'score': 0.028150657191872597}]]"
68,"[[{'label': 'not depression', 'score': 0.9586607813835144}, {'label': 'moderate', 'score': 0.027915211394429207}, {'label': 'severe', 'score': 0.013423992320895195}]]"
69,"[[{'label': 'not depression', 'score': 0.9409814476966858}, {'label': 'moderate', 'score': 0.040930960327386856}, {'label': 'severe', 'score': 0.018087519332766533}]]"
70,"[[{'label': 'not depression', 'score': 0.9525889754295349}, {'label': 'moderate', 'score': 0.03320933133363724}, {'label': 'severe', 'score': 0.014201752841472626}]]"
71,"[[{'label': 'not depression', 'score': 0.9585467576980591}, {'label': 'moderate', 'score': 0.02804911509156227}, {'label': 'severe', 'score': 0.013404162600636482}]]"
72,"[[{'label': 'not depression', 'score': 0.9767052531242371}, {'label': 'moderate', 'score': 0.01777392439544201}, {'label': 'severe', 'score': 0.00552076892927289}]]"
73,"[[{'label': 'not depression', 'score': 0.9482344388961792}, {'label': 'moderate', 'score': 0.03530067205429077}, {'label': 'severe', 'score': 0.016464900225400925}]]"
74,"[[{'label': 'not depression', 'score': 0.9706411361694336}, {'label': 'moderate', 'score': 0.01837875321507454}, {'label': 'severe', 'score': 0.01098013948649168}]]"
75,"[[{'label': 'not depression', 'score': 0.9578865170478821}, {'label': 'moderate', 'score': 0.030342107638716698}, {'label': 'severe', 'score': 0.011771326884627342}]]"
76,"[[{'label': 'not depression', 'score': 0.9538949131965637}, {'label': 'moderate', 'score': 0.03230904042720795}, {'label': 'severe', 'score': 0.01379604171961546}]]"
77,"[[{'label': 'not depression', 'score': 0.9670792818069458}, {'label': 'moderate', 'score': 0.023250242695212364}, {'label': 'severe', 'score': 0.00967052485793829}]]"
78,"[[{'label': 'not depression', 'score': 0.9724245667457581}, {'label': 'moderate', 'score': 0.019753163680434227}, {'label': 'severe', 'score': 0.007822273299098015}]]"
79,"[[{'label': 'not depression', 'score': 0.967430830001831}, {'label': 'moderate', 'score': 0.021947985514998436}, {'label': 'severe', 'score': 0.01062126737087965}]]"
80,"[[{'label': 'not depression', 'score': 0.9698458313941956}, {'label': 'moderate', 'score': 0.021409334614872932}, {'label': 'severe', 'score': 0.008744867518544197}]]"
81,"[[{'label': 'not depression', 'score': 0.9825496673583984}, {'label': 'moderate', 'score': 0.013313395902514458}, {'label': 'severe', 'score': 0.004137003794312477}]]"
82,"[[{'label': 'not depression', 'score': 0.9653899073600769}, {'label': 'moderate', 'score': 0.024212142452597618}, {'label': 'severe', 'score': 0.010397925041615963}]]"
83,"[[{'label': 'not depression', 'score': 0.9714831113815308}, {'label': 'moderate', 'score': 0.023730484768748283}, {'label': 'severe', 'score': 0.00478645833209157}]]"
84,"[[{'label': 'not depression', 'score': 0.9818277955055237}, {'label': 'moderate', 'score': 0.01282732654362917}, {'label': 'severe', 'score': 0.005344854202121496}]]"
85,"[[{'label': 'not depression', 'score': 0.9660642147064209}, {'label': 'moderate', 'score': 0.025970034301280975}, {'label': 'severe', 'score': 0.007965698838233948}]]"
86,"[[{'label': 'not depression', 'score': 0.9594069123268127}, {'label': 'moderate', 'score': 0.02705623023211956}, {'label': 'severe', 'score': 0.013536800630390644}]]"
87,"[[{'label': 'not depression', 'score': 0.9628263115882874}, {'label': 'moderate', 'score': 0.02436283975839615}, {'label': 'severe', 'score': 0.012810886837542057}]]"
88,"[[{'label': 'not depression', 'score': 0.962114691734314}, {'label': 'moderate', 'score': 0.023858819156885147}, {'label': 'severe', 'score': 0.014026420190930367}]]"
89,"[[{'label': 'not depression', 'score': 0.9788283705711365}, {'label': 'moderate', 'score': 0.01571066863834858}, {'label': 'severe', 'score': 0.0054609570652246475}]]"
90,"[[{'label': 'not depression', 'score': 0.9683747291564941}, {'label': 'moderate', 'score': 0.020662926137447357}, {'label': 'severe', 'score': 0.01096233818680048}]]"
91,"[[{'label': 'not depression', 'score': 0.9719388484954834}, {'label': 'moderate', 'score': 0.018582332879304886}, {'label': 'severe', 'score': 0.009478768333792686}]]"
92,"[[{'label': 'not depression', 'score': 0.9828522801399231}, {'label': 'moderate', 'score': 0.012323345057666302}, {'label': 'severe', 'score': 0.004824299365282059}]]"
93,"[[{'label': 'not depression', 'score': 0.9589895606040955}, {'label': 'moderate', 'score': 0.022437982261180878}, {'label': 'severe', 'score': 0.01857241801917553}]]"
94,"[[{'label': 'not depression', 'score': 0.9427487850189209}, {'label': 'moderate', 'score': 0.031698428094387054}, {'label': 'severe', 'score': 0.025552818551659584}]]"
95,"[[{'label': 'not depression', 'score': 0.9741284847259521}, {'label': 'moderate', 'score': 0.018547648563981056}, {'label': 'severe', 'score': 0.007323908619582653}]]"
96,"[[{'label': 'not depression', 'score': 0.9358265399932861}, {'label': 'moderate', 'score': 0.046137962490320206}, {'label': 'severe', 'score': 0.01803545281291008}]]"
97,"[[{'label': 'not depression', 'score': 0.9783746600151062}, {'label': 'moderate', 'score': 0.015714211389422417}, {'label': 'severe', 'score': 0.0059111276641488075}]]"
98,"[[{'label': 'not depression', 'score': 0.9808680415153503}, {'label': 'moderate', 'score': 0.013797049410641193}, {'label': 'severe', 'score': 0.005334877874702215}]]"
99,"[[{'label': 'not depression', 'score': 0.9460578560829163}, {'label': 'moderate', 'score': 0.03671836107969284}, {'label': 'severe', 'score': 0.017223769798874855}]]"
100,"[[{'label': 'not depression', 'score': 0.9225434064865112}, {'label': 'moderate', 'score': 0.05683538690209389}, {'label': 'severe', 'score': 0.02062113583087921}]]"
101,"[[{'label': 'not depression', 'score': 0.9508640170097351}, {'label': 'moderate', 'score': 0.03313824161887169}, {'label': 'severe', 'score': 0.015997737646102905}]]"
102,"[[{'label': 'not depression', 'score': 0.9579148888587952}, {'label': 'moderate', 'score': 0.025039251893758774}, {'label': 'severe', 'score': 0.017045827582478523}]]"
103,"[[{'label': 'not depression', 'score': 0.9682369232177734}, {'label': 'moderate', 'score': 0.019561460241675377}, {'label': 'severe', 'score': 0.012201648205518723}]]"
104,"[[{'label': 'not depression', 'score': 0.9542379975318909}, {'label': 'severe', 'score': 0.0232890285551548}, {'label': 'moderate', 'score': 0.022472988814115524}]]"
105,"[[{'label': 'not depression', 'score': 0.9711177349090576}, {'label': 'moderate', 'score': 0.016773831099271774}, {'label': 'severe', 'score': 0.01210848055779934}]]"
106,"[[{'label': 'not depression', 'score': 0.9659321904182434}, {'label': 'moderate', 'score': 0.019244298338890076}, {'label': 'severe', 'score': 0.014823507517576218}]]"
107,"[[{'label': 'not depression', 'score': 0.9750253558158875}, {'label': 'moderate', 'score': 0.014289320446550846}, {'label': 'severe', 'score': 0.01068531908094883}]]"
108,"[[{'label': 'not depression', 'score': 0.9721830487251282}, {'label': 'moderate', 'score': 0.014831529930233955}, {'label': 'severe', 'score': 0.012985453009605408}]]"
109,"[[{'label': 'not depression', 'score': 0.9833905100822449}, {'label': 'moderate', 'score': 0.011782797984778881}, {'label': 'severe', 'score': 0.0048266686499118805}]]"
110,"[[{'label': 'not depression', 'score': 0.976182758808136}, {'label': 'moderate', 'score': 0.015966512262821198}, {'label': 'severe', 'score': 0.007850748486816883}]]"
111,"[[{'label': 'not depression', 'score': 0.9648199677467346}, {'label': 'moderate', 'score': 0.023893006145954132}, {'label': 'severe', 'score': 0.011286962777376175}]]"
112,"[[{'label': 'not depression', 'score': 0.9501333832740784}, {'label': 'moderate', 'score': 0.037942443042993546}, {'label': 'severe', 'score': 0.01192417461425066}]]"
113,"[[{'label': 'not depression', 'score': 0.9748742580413818}, {'label': 'moderate', 'score': 0.017564713954925537}, {'label': 'severe', 'score': 0.007561019621789455}]]"
114,"[[{'label': 'not depression', 'score': 0.9578216671943665}, {'label': 'moderate', 'score': 0.03085835464298725}, {'label': 'severe', 'score': 0.011319965124130249}]]"
115,"[[{'label': 'not depression', 'score': 0.9771998524665833}, {'label': 'moderate', 'score': 0.014088233932852745}, {'label': 'severe', 'score': 0.008711924776434898}]]"
116,"[[{'label': 'not depression', 'score': 0.9764809608459473}, {'label': 'moderate', 'score': 0.017918940633535385}, {'label': 'severe', 'score': 0.005600058473646641}]]"
117,"[[{'label': 'not depression', 'score': 0.9801908135414124}, {'label': 'moderate', 'score': 0.01414649561047554}, {'label': 'severe', 'score': 0.0056626764126122}]]"
118,"[[{'label': 'not depression', 'score': 0.9754451513290405}, {'label': 'moderate', 'score': 0.01644747145473957}, {'label': 'severe', 'score': 0.008107384666800499}]]"
119,"[[{'label': 'not depression', 'score': 0.969298779964447}, {'label': 'moderate', 'score': 0.01961396634578705}, {'label': 'severe', 'score': 0.01108725555241108}]]"
120,"[[{'label': 'not depression', 'score': 0.9773074388504028}, {'label': 'moderate', 'score': 0.015049511566758156}, {'label': 'severe', 'score': 0.0076430137269198895}]]"
121,"[[{'label': 'not depression', 'score': 0.9695783853530884}, {'label': 'moderate', 'score': 0.024370744824409485}, {'label': 'severe', 'score': 0.006050859112292528}]]"
122,"[[{'label': 'not depression', 'score': 0.9662227630615234}, {'label': 'moderate', 'score': 0.025187883526086807}, {'label': 'severe', 'score': 0.00858935434371233}]]"
123,"[[{'label': 'not depression', 'score': 0.9482896327972412}, {'label': 'moderate', 'score': 0.041259072721004486}, {'label': 'severe', 'score': 0.010451355017721653}]]"
124,"[[{'label': 'not depression', 'score': 0.9182384014129639}, {'label': 'moderate', 'score': 0.06009691581130028}, {'label': 'severe', 'score': 0.021664679050445557}]]"
125,"[[{'label': 'not depression', 'score': 0.9612258076667786}, {'label': 'moderate', 'score': 0.03210023418068886}, {'label': 'severe', 'score': 0.0066739595495164394}]]"
126,"[[{'label': 'not depression', 'score': 0.9340251684188843}, {'label': 'moderate', 'score': 0.05127088725566864}, {'label': 'severe', 'score': 0.014703965745866299}]]"
127,"[[{'label': 'not depression', 'score': 0.9381993412971497}, {'label': 'moderate', 'score': 0.04960021749138832}, {'label': 'severe', 'score': 0.01220041885972023}]]"
128,"[[{'label': 'not depression', 'score': 0.9745202660560608}, {'label': 'moderate', 'score': 0.01993756927549839}, {'label': 'severe', 'score': 0.005542123690247536}]]"
129,"[[{'label': 'not depression', 'score': 0.9684833884239197}, {'label': 'moderate', 'score': 0.025279978290200233}, {'label': 'severe', 'score': 0.006236643996089697}]]"
130,"[[{'label': 'not depression', 'score': 0.9474523067474365}, {'label': 'moderate', 'score': 0.04098974168300629}, {'label': 'severe', 'score': 0.011557966470718384}]]"
131,"[[{'label': 'not depression', 'score': 0.9569584727287292}, {'label': 'moderate', 'score': 0.033988263458013535}, {'label': 'severe', 'score': 0.009053287096321583}]]"
132,"[[{'label': 'not depression', 'score': 0.9294975996017456}, {'label': 'moderate', 'score': 0.053988825529813766}, {'label': 'severe', 'score': 0.016513559967279434}]]"
133,"[[{'label': 'not depression', 'score': 0.9115554094314575}, {'label': 'moderate', 'score': 0.07225891202688217}, {'label': 'severe', 'score': 0.016185682266950607}]]"
134,"[[{'label': 'not depression', 'score': 0.9533458352088928}, {'label': 'moderate', 'score': 0.03885267302393913}, {'label': 'severe', 'score': 0.007801514584571123}]]"
135,"[[{'label': 'not depression', 'score': 0.9610283374786377}, {'label': 'moderate', 'score': 0.03155616298317909}, {'label': 'severe', 'score': 0.007415440399199724}]]"
136,"[[{'label': 'not depression', 'score': 0.9588400721549988}, {'label': 'moderate', 'score': 0.0345679335296154}, {'label': 'severe', 'score': 0.006592028308659792}]]"
137,"[[{'label': 'not depression', 'score': 0.9819753766059875}, {'label': 'moderate', 'score': 0.01496406365185976}, {'label': 'severe', 'score': 0.0030605727806687355}]]"
138,"[[{'label': 'not depression', 'score': 0.9560050964355469}, {'label': 'moderate', 'score': 0.03272974491119385}, {'label': 'severe', 'score': 0.011265233159065247}]]"
139,"[[{'label': 'not depression', 'score': 0.9530385136604309}, {'label': 'moderate', 'score': 0.03857298195362091}, {'label': 'severe', 'score': 0.008388537913560867}]]"
140,"[[{'label': 'not depression', 'score': 0.9680659770965576}, {'label': 'moderate', 'score': 0.024833908304572105}, {'label': 'severe', 'score': 0.007100132293999195}]]"
141,"[[{'label': 'not depression', 'score': 0.9744972586631775}, {'label': 'moderate', 'score': 0.020071174949407578}, {'label': 'severe', 'score': 0.0054315547458827496}]]"
142,"[[{'label': 'not depression', 'score': 0.9686838984489441}, {'label': 'moderate', 'score': 0.024221768602728844}, {'label': 'severe', 'score': 0.007094345521181822}]]"
143,"[[{'label': 'not depression', 'score': 0.9638872146606445}, {'label': 'moderate', 'score': 0.026168111711740494}, {'label': 'severe', 'score': 0.00994474720209837}]]"
144,"[[{'label': 'not depression', 'score': 0.9818660616874695}, {'label': 'moderate', 'score': 0.014594672247767448}, {'label': 'severe', 'score': 0.0035393235739320517}]]"
145,"[[{'label': 'not depression', 'score': 0.973581850528717}, {'label': 'moderate', 'score': 0.022316014394164085}, {'label': 'severe', 'score': 0.0041020940989255905}]]"
146,"[[{'label': 'not depression', 'score': 0.9576539397239685}, {'label': 'moderate', 'score': 0.034462351351976395}, {'label': 'severe', 'score': 0.007883657701313496}]]"
147,"[[{'label': 'not depression', 'score': 0.9565423130989075}, {'label': 'moderate', 'score': 0.039408765733242035}, {'label': 'severe', 'score': 0.004048929549753666}]]"
148,"[[{'label': 'not depression', 'score': 0.9631466865539551}, {'label': 'moderate', 'score': 0.030713705345988274}, {'label': 'severe', 'score': 0.006139590870589018}]]"
149,"[[{'label': 'not depression', 'score': 0.9578215479850769}, {'label': 'moderate', 'score': 0.03589491918683052}, {'label': 'severe', 'score': 0.0062835002318024635}]]"
150,"[[{'label': 'not depression', 'score': 0.9749696850776672}, {'label': 'moderate', 'score': 0.018393835052847862}, {'label': 'severe', 'score': 0.006636517122387886}]]"
151,"[[{'label': 'not depression', 'score': 0.9700931310653687}, {'label': 'moderate', 'score': 0.022444987669587135}, {'label': 'severe', 'score': 0.0074619087390601635}]]"
152,"[[{'label': 'not depression', 'score': 0.9617506861686707}, {'label': 'moderate', 'score': 0.02954656071960926}, {'label': 'severe', 'score': 0.008702702820301056}]]"
153,"[[{'label': 'not depression', 'score': 0.9542484283447266}, {'label': 'moderate', 'score': 0.030688265338540077}, {'label': 'severe', 'score': 0.015063301660120487}]]"
154,"[[{'label': 'not depression', 'score': 0.9703253507614136}, {'label': 'moderate', 'score': 0.02244224213063717}, {'label': 'severe', 'score': 0.0072324154898524284}]]"
155,"[[{'label': 'not depression', 'score': 0.9548190832138062}, {'label': 'moderate', 'score': 0.03645928204059601}, {'label': 'severe', 'score': 0.008721645921468735}]]"
156,"[[{'label': 'not depression', 'score': 0.9412267208099365}, {'label': 'moderate', 'score': 0.041143450886011124}, {'label': 'severe', 'score': 0.0176298376172781}]]"
157,"[[{'label': 'not depression', 'score': 0.9545149803161621}, {'label': 'moderate', 'score': 0.028118180111050606}, {'label': 'severe', 'score': 0.017366820946335793}]]"
158,"[[{'label': 'not depression', 'score': 0.9723026156425476}, {'label': 'moderate', 'score': 0.020511260256171227}, {'label': 'severe', 'score': 0.007186168804764748}]]"
159,"[[{'label': 'not depression', 'score': 0.9558150768280029}, {'label': 'moderate', 'score': 0.03417409583926201}, {'label': 'severe', 'score': 0.010010777972638607}]]"
160,"[[{'label': 'not depression', 'score': 0.9726969003677368}, {'label': 'moderate', 'score': 0.020057253539562225}, {'label': 'severe', 'score': 0.007245816756039858}]]"
161,"[[{'label': 'not depression', 'score': 0.9648431539535522}, {'label': 'moderate', 'score': 0.026160039007663727}, {'label': 'severe', 'score': 0.008996818214654922}]]"
162,"[[{'label': 'not depression', 'score': 0.948689877986908}, {'label': 'moderate', 'score': 0.03339817374944687}, {'label': 'severe', 'score': 0.017911992967128754}]]"
163,"[[{'label': 'not depression', 'score': 0.9631344079971313}, {'label': 'moderate', 'score': 0.028214294463396072}, {'label': 'severe', 'score': 0.008651324547827244}]]"
164,"[[{'label': 'not depression', 'score': 0.9602993726730347}, {'label': 'moderate', 'score': 0.02568267472088337}, {'label': 'severe', 'score': 0.01401789952069521}]]"
165,"[[{'label': 'not depression', 'score': 0.9800894260406494}, {'label': 'moderate', 'score': 0.014640556648373604}, {'label': 'severe', 'score': 0.005270019639283419}]]"
166,"[[{'label': 'not depression', 'score': 0.9691717624664307}, {'label': 'moderate', 'score': 0.02263328991830349}, {'label': 'severe', 'score': 0.008194917812943459}]]"
167,"[[{'label': 'not depression', 'score': 0.9720569849014282}, {'label': 'moderate', 'score': 0.0209000576287508}, {'label': 'severe', 'score': 0.007042973767966032}]]"
168,"[[{'label': 'not depression', 'score': 0.9817339181900024}, {'label': 'moderate', 'score': 0.013042539358139038}, {'label': 'severe', 'score': 0.005223606713116169}]]"
169,"[[{'label': 'not depression', 'score': 0.9745912551879883}, {'label': 'moderate', 'score': 0.018047649413347244}, {'label': 'severe', 'score': 0.007361064199358225}]]"
170,"[[{'label': 'not depression', 'score': 0.9743751287460327}, {'label': 'moderate', 'score': 0.01998831331729889}, {'label': 'severe', 'score': 0.005636582616716623}]]"
171,"[[{'label': 'not depression', 'score': 0.9702466726303101}, {'label': 'moderate', 'score': 0.02360375225543976}, {'label': 'severe', 'score': 0.006149555090814829}]]"
172,"[[{'label': 'not depression', 'score': 0.9638249278068542}, {'label': 'moderate', 'score': 0.027612697333097458}, {'label': 'severe', 'score': 0.008562312461435795}]]"
173,"[[{'label': 'not depression', 'score': 0.9805553555488586}, {'label': 'moderate', 'score': 0.01584872417151928}, {'label': 'severe', 'score': 0.0035959233064204454}]]"
174,"[[{'label': 'not depression', 'score': 0.9519903659820557}, {'label': 'moderate', 'score': 0.03861697390675545}, {'label': 'severe', 'score': 0.009392663836479187}]]"
175,"[[{'label': 'not depression', 'score': 0.9605498909950256}, {'label': 'moderate', 'score': 0.030491352081298828}, {'label': 'severe', 'score': 0.008958779275417328}]]"
176,"[[{'label': 'not depression', 'score': 0.9804219603538513}, {'label': 'moderate', 'score': 0.013640163466334343}, {'label': 'severe', 'score': 0.005937928333878517}]]"
177,"[[{'label': 'not depression', 'score': 0.9692420959472656}, {'label': 'moderate', 'score': 0.024176470935344696}, {'label': 'severe', 'score': 0.006581404712051153}]]"
178,"[[{'label': 'not depression', 'score': 0.9706847667694092}, {'label': 'moderate', 'score': 0.023551825433969498}, {'label': 'severe', 'score': 0.005763486959040165}]]"
179,"[[{'label': 'not depression', 'score': 0.9704726934432983}, {'label': 'moderate', 'score': 0.026142802089452744}, {'label': 'severe', 'score': 0.0033845279831439257}]]"
180,"[[{'label': 'not depression', 'score': 0.9581561088562012}, {'label': 'moderate', 'score': 0.030316730961203575}, {'label': 'severe', 'score': 0.01152712106704712}]]"
181,"[[{'label': 'not depression', 'score': 0.9354183077812195}, {'label': 'moderate', 'score': 0.048041120171546936}, {'label': 'severe', 'score': 0.01654057577252388}]]"
182,"[[{'label': 'not depression', 'score': 0.9359709620475769}, {'label': 'moderate', 'score': 0.04856795445084572}, {'label': 'severe', 'score': 0.015461085364222527}]]"
183,"[[{'label': 'not depression', 'score': 0.9674341678619385}, {'label': 'moderate', 'score': 0.02501472271978855}, {'label': 'severe', 'score': 0.007551123853772879}]]"
184,"[[{'label': 'not depression', 'score': 0.8955772519111633}, {'label': 'moderate', 'score': 0.06955821067094803}, {'label': 'severe', 'score': 0.03486451879143715}]]"
185,"[[{'label': 'not depression', 'score': 0.9580457210540771}, {'label': 'moderate', 'score': 0.03339364752173424}, {'label': 'severe', 'score': 0.008560586720705032}]]"
186,"[[{'label': 'not depression', 'score': 0.9049763679504395}, {'label': 'moderate', 'score': 0.07337217032909393}, {'label': 'severe', 'score': 0.02165142260491848}]]"
187,"TRUNCATED[[{'label': 'not depression', 'score': 0.9154335260391235}, {'label': 'moderate', 'score': 0.05307364463806152}, {'label': 'severe', 'score': 0.03149288520216942}]]"
188,"[[{'label': 'not depression', 'score': 0.9248512387275696}, {'label': 'moderate', 'score': 0.05838339030742645}, {'label': 'severe', 'score': 0.01676536537706852}]]"
189,"[[{'label': 'not depression', 'score': 0.9311308264732361}, {'label': 'moderate', 'score': 0.049477469176054}, {'label': 'severe', 'score': 0.019391724839806557}]]"
190,"[[{'label': 'not depression', 'score': 0.9427344799041748}, {'label': 'moderate', 'score': 0.044591329991817474}, {'label': 'severe', 'score': 0.012674202211201191}]]"
191,"[[{'label': 'not depression', 'score': 0.9614970684051514}, {'label': 'moderate', 'score': 0.03215842321515083}, {'label': 'severe', 'score': 0.006344564259052277}]]"
192,"[[{'label': 'not depression', 'score': 0.9759057760238647}, {'label': 'moderate', 'score': 0.020229104906320572}, {'label': 'severe', 'score': 0.0038650729693472385}]]"
193,"[[{'label': 'not depression', 'score': 0.9473708868026733}, {'label': 'moderate', 'score': 0.03973047062754631}, {'label': 'severe', 'score': 0.012898650020360947}]]"
194,"[[{'label': 'not depression', 'score': 0.9343114495277405}, {'label': 'moderate', 'score': 0.05309715494513512}, {'label': 'severe', 'score': 0.01259136013686657}]]"
195,"[[{'label': 'not depression', 'score': 0.9202492833137512}, {'label': 'moderate', 'score': 0.06576808542013168}, {'label': 'severe', 'score': 0.013982659205794334}]]"
196,"[[{'label': 'not depression', 'score': 0.9498189091682434}, {'label': 'moderate', 'score': 0.040778543800115585}, {'label': 'severe', 'score': 0.009402480907738209}]]"
197,"[[{'label': 'not depression', 'score': 0.9259466528892517}, {'label': 'moderate', 'score': 0.06085660681128502}, {'label': 'severe', 'score': 0.013196801766753197}]]"
198,"[[{'label': 'not depression', 'score': 0.9572712182998657}, {'label': 'moderate', 'score': 0.03510121628642082}, {'label': 'severe', 'score': 0.007627599872648716}]]"
199,"[[{'label': 'not depression', 'score': 0.9086518883705139}, {'label': 'moderate', 'score': 0.07305583357810974}, {'label': 'severe', 'score': 0.018292242661118507}]]"
200,"[[{'label': 'not depression', 'score': 0.8865833878517151}, {'label': 'moderate', 'score': 0.09625115990638733}, {'label': 'severe', 'score': 0.017165517434477806}]]"
201,"[[{'label': 'not depression', 'score': 0.9651020169258118}, {'label': 'moderate', 'score': 0.027039244771003723}, {'label': 'severe', 'score': 0.007858767174184322}]]"
202,"[[{'label': 'not depression', 'score': 0.9566261768341064}, {'label': 'moderate', 'score': 0.03315379470586777}, {'label': 'severe', 'score': 0.010220017284154892}]]"
203,"[[{'label': 'not depression', 'score': 0.9742401242256165}, {'label': 'moderate', 'score': 0.023046618327498436}, {'label': 'severe', 'score': 0.0027132732793688774}]]"
204,"[[{'label': 'not depression', 'score': 0.9746424555778503}, {'label': 'moderate', 'score': 0.020481115207076073}, {'label': 'severe', 'score': 0.004876463208347559}]]"
205,"[[{'label': 'not depression', 'score': 0.9285005927085876}, {'label': 'moderate', 'score': 0.05839100852608681}, {'label': 'severe', 'score': 0.013108473271131516}]]"
206,"[[{'label': 'not depression', 'score': 0.9694554805755615}, {'label': 'moderate', 'score': 0.02399056777358055}, {'label': 'severe', 'score': 0.006553985644131899}]]"
207,"[[{'label': 'not depression', 'score': 0.9731071591377258}, {'label': 'moderate', 'score': 0.021586904302239418}, {'label': 'severe', 'score': 0.005305930972099304}]]"
208,"[[{'label': 'not depression', 'score': 0.9662525057792664}, {'label': 'moderate', 'score': 0.02890945039689541}, {'label': 'severe', 'score': 0.004838111344724894}]]"
209,"[[{'label': 'not depression', 'score': 0.9688493013381958}, {'label': 'moderate', 'score': 0.024503037333488464}, {'label': 'severe', 'score': 0.0066476864740252495}]]"
210,"[[{'label': 'not depression', 'score': 0.9740947484970093}, {'label': 'moderate', 'score': 0.020742012187838554}, {'label': 'severe', 'score': 0.005163236986845732}]]"
211,"[[{'label': 'not depression', 'score': 0.969934344291687}, {'label': 'moderate', 'score': 0.023858804255723953}, {'label': 'severe', 'score': 0.006206815131008625}]]"
212,"[[{'label': 'not depression', 'score': 0.9475809335708618}, {'label': 'moderate', 'score': 0.03974159434437752}, {'label': 'severe', 'score': 0.012677445076406002}]]"
213,"[[{'label': 'not depression', 'score': 0.9579467177391052}, {'label': 'moderate', 'score': 0.031516365706920624}, {'label': 'severe', 'score': 0.010536931455135345}]]"
214,"[[{'label': 'not depression', 'score': 0.9715459942817688}, {'label': 'moderate', 'score': 0.02040010318160057}, {'label': 'severe', 'score': 0.00805389229208231}]]"
215,"[[{'label': 'not depression', 'score': 0.9560564756393433}, {'label': 'moderate', 'score': 0.03281297907233238}, {'label': 'severe', 'score': 0.011130564846098423}]]"
216,"[[{'label': 'not depression', 'score': 0.9651885628700256}, {'label': 'moderate', 'score': 0.025518450886011124}, {'label': 'severe', 'score': 0.009293020702898502}]]"
217,"[[{'label': 'not depression', 'score': 0.9274607300758362}, {'label': 'moderate', 'score': 0.05531708896160126}, {'label': 'severe', 'score': 0.017222100868821144}]]"
218,"[[{'label': 'not depression', 'score': 0.9785622954368591}, {'label': 'moderate', 'score': 0.016553010791540146}, {'label': 'severe', 'score': 0.00488469609990716}]]"
219,"[[{'label': 'not depression', 'score': 0.9661915898323059}, {'label': 'moderate', 'score': 0.02414809726178646}, {'label': 'severe', 'score': 0.0096602663397789}]]"
220,"[[{'label': 'not depression', 'score': 0.9633580446243286}, {'label': 'moderate', 'score': 0.02641107887029648}, {'label': 'severe', 'score': 0.010230900719761848}]]"
221,"[[{'label': 'not depression', 'score': 0.9500482678413391}, {'label': 'moderate', 'score': 0.03754341974854469}, {'label': 'severe', 'score': 0.012408358976244926}]]"
222,"[[{'label': 'not depression', 'score': 0.9476133584976196}, {'label': 'moderate', 'score': 0.039534792304039}, {'label': 'severe', 'score': 0.012851811945438385}]]"
223,"[[{'label': 'not depression', 'score': 0.9794166684150696}, {'label': 'moderate', 'score': 0.01606394723057747}, {'label': 'severe', 'score': 0.004519368521869183}]]"
224,"[[{'label': 'not depression', 'score': 0.9765283465385437}, {'label': 'moderate', 'score': 0.018245985731482506}, {'label': 'severe', 'score': 0.005225621163845062}]]"
225,"[[{'label': 'not depression', 'score': 0.9721173644065857}, {'label': 'moderate', 'score': 0.0211520753800869}, {'label': 'severe', 'score': 0.0067305173724889755}]]"
226,"[[{'label': 'not depression', 'score': 0.9719552993774414}, {'label': 'moderate', 'score': 0.021929580718278885}, {'label': 'severe', 'score': 0.006115132011473179}]]"
227,"[[{'label': 'not depression', 'score': 0.9488829374313354}, {'label': 'moderate', 'score': 0.039760541170835495}, {'label': 'severe', 'score': 0.011356581933796406}]]"
228,"[[{'label': 'not depression', 'score': 0.9614351391792297}, {'label': 'moderate', 'score': 0.025942668318748474}, {'label': 'severe', 'score': 0.01262226328253746}]]"
229,"[[{'label': 'not depression', 'score': 0.974799633026123}, {'label': 'moderate', 'score': 0.018446234986186028}, {'label': 'severe', 'score': 0.006754171568900347}]]"
230,"[[{'label': 'not depression', 'score': 0.9410895705223083}, {'label': 'moderate', 'score': 0.04209653660655022}, {'label': 'severe', 'score': 0.016813863068819046}]]"
231,"[[{'label': 'not depression', 'score': 0.9317770600318909}, {'label': 'moderate', 'score': 0.0547490268945694}, {'label': 'severe', 'score': 0.013473931699991226}]]"
232,"[[{'label': 'not depression', 'score': 0.9541141390800476}, {'label': 'moderate', 'score': 0.03940875455737114}, {'label': 'severe', 'score': 0.006477097515016794}]]"
233,"[[{'label': 'not depression', 'score': 0.9571551084518433}, {'label': 'moderate', 'score': 0.028019454330205917}, {'label': 'severe', 'score': 0.014825422316789627}]]"
234,"[[{'label': 'not depression', 'score': 0.9640873670578003}, {'label': 'moderate', 'score': 0.02711849845945835}, {'label': 'severe', 'score': 0.008794144727289677}]]"
235,"[[{'label': 'not depression', 'score': 0.9659482836723328}, {'label': 'moderate', 'score': 0.027658872306346893}, {'label': 'severe', 'score': 0.006392859388142824}]]"
236,"[[{'label': 'not depression', 'score': 0.9728853702545166}, {'label': 'moderate', 'score': 0.020727748051285744}, {'label': 'severe', 'score': 0.006386884953826666}]]"
237,"[[{'label': 'not depression', 'score': 0.9614542126655579}, {'label': 'moderate', 'score': 0.029628288000822067}, {'label': 'severe', 'score': 0.008917532861232758}]]"
238,"[[{'label': 'not depression', 'score': 0.9580988883972168}, {'label': 'moderate', 'score': 0.03176691010594368}, {'label': 'severe', 'score': 0.010134239681065083}]]"
239,"[[{'label': 'not depression', 'score': 0.935980498790741}, {'label': 'moderate', 'score': 0.04482216760516167}, {'label': 'severe', 'score': 0.019197333604097366}]]"
240,"[[{'label': 'not depression', 'score': 0.9633910655975342}, {'label': 'moderate', 'score': 0.029149895533919334}, {'label': 'severe', 'score': 0.007459020707756281}]]"
241,"[[{'label': 'not depression', 'score': 0.9137027263641357}, {'label': 'moderate', 'score': 0.05759981647133827}, {'label': 'severe', 'score': 0.028697501868009567}]]"
242,"[[{'label': 'not depression', 'score': 0.8879849910736084}, {'label': 'moderate', 'score': 0.06922176480293274}, {'label': 'severe', 'score': 0.042793210595846176}]]"
243,"[[{'label': 'not depression', 'score': 0.9181647896766663}, {'label': 'moderate', 'score': 0.0559210330247879}, {'label': 'severe', 'score': 0.025914177298545837}]]"
244,"[[{'label': 'not depression', 'score': 0.9468005299568176}, {'label': 'moderate', 'score': 0.0341896153986454}, {'label': 'severe', 'score': 0.01900990679860115}]]"
245,"[[{'label': 'not depression', 'score': 0.9612522125244141}, {'label': 'moderate', 'score': 0.02639407478272915}, {'label': 'severe', 'score': 0.012353644706308842}]]"
246,"[[{'label': 'not depression', 'score': 0.8844748735427856}, {'label': 'moderate', 'score': 0.0772426649928093}, {'label': 'severe', 'score': 0.03828246146440506}]]"
247,"[[{'label': 'not depression', 'score': 0.9610829949378967}, {'label': 'moderate', 'score': 0.027794571593403816}, {'label': 'severe', 'score': 0.011122445575892925}]]"
248,"[[{'label': 'not depression', 'score': 0.9259608387947083}, {'label': 'moderate', 'score': 0.047773562371730804}, {'label': 'severe', 'score': 0.026265576481819153}]]"
249,"[[{'label': 'not depression', 'score': 0.9524990916252136}, {'label': 'moderate', 'score': 0.032062090933322906}, {'label': 'severe', 'score': 0.015438845381140709}]]"
250,"[[{'label': 'not depression', 'score': 0.9124078154563904}, {'label': 'moderate', 'score': 0.056665387004613876}, {'label': 'severe', 'score': 0.030926760286092758}]]"
251,"[[{'label': 'not depression', 'score': 0.9340488910675049}, {'label': 'moderate', 'score': 0.045579373836517334}, {'label': 'severe', 'score': 0.02037179470062256}]]"
252,"[[{'label': 'not depression', 'score': 0.9584946632385254}, {'label': 'moderate', 'score': 0.025885798037052155}, {'label': 'severe', 'score': 0.015619524754583836}]]"
253,"[[{'label': 'not depression', 'score': 0.9396491646766663}, {'label': 'moderate', 'score': 0.039506226778030396}, {'label': 'severe', 'score': 0.020844584330916405}]]"
254,"[[{'label': 'not depression', 'score': 0.9190783500671387}, {'label': 'moderate', 'score': 0.05805037170648575}, {'label': 'severe', 'score': 0.022871356457471848}]]"
255,"[[{'label': 'not depression', 'score': 0.9134106636047363}, {'label': 'moderate', 'score': 0.06189916282892227}, {'label': 'severe', 'score': 0.024690179154276848}]]"
256,"[[{'label': 'not depression', 'score': 0.9249813556671143}, {'label': 'moderate', 'score': 0.05130166932940483}, {'label': 'severe', 'score': 0.02371695637702942}]]"
257,"[[{'label': 'not depression', 'score': 0.9528043866157532}, {'label': 'moderate', 'score': 0.03326455131173134}, {'label': 'severe', 'score': 0.013931105844676495}]]"
258,"[[{'label': 'not depression', 'score': 0.909289538860321}, {'label': 'moderate', 'score': 0.06961758434772491}, {'label': 'severe', 'score': 0.0210928563028574}]]"
259,"[[{'label': 'not depression', 'score': 0.9175065159797668}, {'label': 'moderate', 'score': 0.0630127489566803}, {'label': 'severe', 'score': 0.019480692222714424}]]"
260,"[[{'label': 'not depression', 'score': 0.9599416851997375}, {'label': 'moderate', 'score': 0.031128238886594772}, {'label': 'severe', 'score': 0.008930113166570663}]]"
261,"[[{'label': 'not depression', 'score': 0.9733409881591797}, {'label': 'moderate', 'score': 0.019567003473639488}, {'label': 'severe', 'score': 0.007092015817761421}]]"
262,"[[{'label': 'not depression', 'score': 0.9491999745368958}, {'label': 'moderate', 'score': 0.03631820157170296}, {'label': 'severe', 'score': 0.014481757767498493}]]"
263,"[[{'label': 'not depression', 'score': 0.9777431488037109}, {'label': 'moderate', 'score': 0.01778586208820343}, {'label': 'severe', 'score': 0.00447097746655345}]]"
264,"[[{'label': 'not depression', 'score': 0.9524312615394592}, {'label': 'moderate', 'score': 0.031028131023049355}, {'label': 'severe', 'score': 0.016540613025426865}]]"
265,"[[{'label': 'not depression', 'score': 0.9549331068992615}, {'label': 'moderate', 'score': 0.029907507821917534}, {'label': 'severe', 'score': 0.015159355476498604}]]"
266,"[[{'label': 'not depression', 'score': 0.9795500636100769}, {'label': 'moderate', 'score': 0.013786586932837963}, {'label': 'severe', 'score': 0.006663375534117222}]]"
267,"[[{'label': 'not depression', 'score': 0.9392849206924438}, {'label': 'moderate', 'score': 0.040848057717084885}, {'label': 'severe', 'score': 0.01986699365079403}]]"
268,"[[{'label': 'not depression', 'score': 0.9674676060676575}, {'label': 'moderate', 'score': 0.023723382502794266}, {'label': 'severe', 'score': 0.0088089844211936}]]"
269,"[[{'label': 'not depression', 'score': 0.9504410624504089}, {'label': 'moderate', 'score': 0.031282033771276474}, {'label': 'severe', 'score': 0.018276933580636978}]]"
270,"[[{'label': 'not depression', 'score': 0.9403477311134338}, {'label': 'moderate', 'score': 0.03838706389069557}, {'label': 'severe', 'score': 0.021265238523483276}]]"
271,"[[{'label': 'not depression', 'score': 0.96090167760849}, {'label': 'moderate', 'score': 0.027158183977007866}, {'label': 'severe', 'score': 0.011940140277147293}]]"
272,"[[{'label': 'not depression', 'score': 0.9565210342407227}, {'label': 'moderate', 'score': 0.028156673535704613}, {'label': 'severe', 'score': 0.015322305262088776}]]"
273,"[[{'label': 'not depression', 'score': 0.9480643272399902}, {'label': 'moderate', 'score': 0.029424725100398064}, {'label': 'severe', 'score': 0.022510962560772896}]]"
274,"[[{'label': 'not depression', 'score': 0.964001476764679}, {'label': 'moderate', 'score': 0.02379063330590725}, {'label': 'severe', 'score': 0.012207860127091408}]]"
275,"[[{'label': 'not depression', 'score': 0.9239046573638916}, {'label': 'moderate', 'score': 0.05448194220662117}, {'label': 'severe', 'score': 0.021613383665680885}]]"
276,"[[{'label': 'not depression', 'score': 0.933722734451294}, {'label': 'moderate', 'score': 0.04198813810944557}, {'label': 'severe', 'score': 0.024289071559906006}]]"
277,"[[{'label': 'not depression', 'score': 0.9453114867210388}, {'label': 'moderate', 'score': 0.04176309332251549}, {'label': 'severe', 'score': 0.012925384566187859}]]"
278,"[[{'label': 'not depression', 'score': 0.9469437003135681}, {'label': 'moderate', 'score': 0.030435368418693542}, {'label': 'severe', 'score': 0.022620944306254387}]]"
279,"[[{'label': 'not depression', 'score': 0.954137921333313}, {'label': 'moderate', 'score': 0.03240685909986496}, {'label': 'severe', 'score': 0.013455166481435299}]]"
280,"[[{'label': 'not depression', 'score': 0.9272244572639465}, {'label': 'moderate', 'score': 0.04075244069099426}, {'label': 'severe', 'score': 0.0320231094956398}]]"
281,"[[{'label': 'not depression', 'score': 0.931819498538971}, {'label': 'moderate', 'score': 0.03918963298201561}, {'label': 'severe', 'score': 0.02899083122611046}]]"
282,"[[{'label': 'not depression', 'score': 0.9798159599304199}, {'label': 'moderate', 'score': 0.012061082758009434}, {'label': 'severe', 'score': 0.008122959174215794}]]"
283,"[[{'label': 'not depression', 'score': 0.9757265448570251}, {'label': 'moderate', 'score': 0.016887877136468887}, {'label': 'severe', 'score': 0.00738562410697341}]]"
284,"[[{'label': 'not depression', 'score': 0.960753321647644}, {'label': 'moderate', 'score': 0.023955265060067177}, {'label': 'severe', 'score': 0.015291450545191765}]]"
285,"[[{'label': 'not depression', 'score': 0.9475218653678894}, {'label': 'moderate', 'score': 0.03185821697115898}, {'label': 'severe', 'score': 0.02061993069946766}]]"
286,"[[{'label': 'not depression', 'score': 0.9731299877166748}, {'label': 'moderate', 'score': 0.01762591116130352}, {'label': 'severe', 'score': 0.009244159795343876}]]"
287,"[[{'label': 'not depression', 'score': 0.9674544334411621}, {'label': 'moderate', 'score': 0.019540753215551376}, {'label': 'severe', 'score': 0.01300483476370573}]]"
288,"[[{'label': 'not depression', 'score': 0.9612577557563782}, {'label': 'moderate', 'score': 0.023505032062530518}, {'label': 'severe', 'score': 0.01523719634860754}]]"
289,"[[{'label': 'not depression', 'score': 0.9639549851417542}, {'label': 'moderate', 'score': 0.022679485380649567}, {'label': 'severe', 'score': 0.013365548104047775}]]"
290,"[[{'label': 'not depression', 'score': 0.9529007077217102}, {'label': 'moderate', 'score': 0.02878515236079693}, {'label': 'severe', 'score': 0.01831413432955742}]]"
291,"[[{'label': 'not depression', 'score': 0.9682742357254028}, {'label': 'moderate', 'score': 0.020474344491958618}, {'label': 'severe', 'score': 0.011251409538090229}]]"
292,"[[{'label': 'not depression', 'score': 0.9697611927986145}, {'label': 'moderate', 'score': 0.019004255533218384}, {'label': 'severe', 'score': 0.01123456098139286}]]"
293,"[[{'label': 'not depression', 'score': 0.9674072861671448}, {'label': 'moderate', 'score': 0.02255146950483322}, {'label': 'severe', 'score': 0.010041308589279652}]]"
294,"[[{'label': 'not depression', 'score': 0.9569606781005859}, {'label': 'moderate', 'score': 0.03161004185676575}, {'label': 'severe', 'score': 0.011429340578615665}]]"
295,"[[{'label': 'not depression', 'score': 0.9364527463912964}, {'label': 'moderate', 'score': 0.04114421829581261}, {'label': 'severe', 'score': 0.02240300551056862}]]"
296,"[[{'label': 'not depression', 'score': 0.9699035882949829}, {'label': 'moderate', 'score': 0.021076634526252747}, {'label': 'severe', 'score': 0.009019813500344753}]]"
297,"[[{'label': 'not depression', 'score': 0.9627763628959656}, {'label': 'moderate', 'score': 0.0218807365745306}, {'label': 'severe', 'score': 0.015342878177762032}]]"
298,"[[{'label': 'not depression', 'score': 0.9628158211708069}, {'label': 'moderate', 'score': 0.023553475737571716}, {'label': 'severe', 'score': 0.013630721718072891}]]"
299,"[[{'label': 'not depression', 'score': 0.9738655686378479}, {'label': 'moderate', 'score': 0.017644090577960014}, {'label': 'severe', 'score': 0.008490318432450294}]]"
300,"[[{'label': 'not depression', 'score': 0.9622056484222412}, {'label': 'moderate', 'score': 0.02151310443878174}, {'label': 'severe', 'score': 0.016281286254525185}]]"
301,"[[{'label': 'not depression', 'score': 0.8613840937614441}, {'label': 'moderate', 'score': 0.11253470927476883}, {'label': 'severe', 'score': 0.02608119510114193}]]"
302,"[[{'label': 'not depression', 'score': 0.7987884879112244}, {'label': 'moderate', 'score': 0.16571052372455597}, {'label': 'severe', 'score': 0.035500988364219666}]]"
303,"[[{'label': 'not depression', 'score': 0.8521230816841125}, {'label': 'moderate', 'score': 0.12626682221889496}, {'label': 'severe', 'score': 0.021610133349895477}]]"
304,"[[{'label': 'not depression', 'score': 0.7334693074226379}, {'label': 'moderate', 'score': 0.2284480780363083}, {'label': 'severe', 'score': 0.038082562386989594}]]"
305,"[[{'label': 'not depression', 'score': 0.8871143460273743}, {'label': 'moderate', 'score': 0.10032403469085693}, {'label': 'severe', 'score': 0.012561698444187641}]]"
306,"[[{'label': 'not depression', 'score': 0.7768284678459167}, {'label': 'moderate', 'score': 0.16840912401676178}, {'label': 'severe', 'score': 0.05476239696145058}]]"
307,"[[{'label': 'not depression', 'score': 0.8709997534751892}, {'label': 'moderate', 'score': 0.1110488548874855}, {'label': 'severe', 'score': 0.017951419577002525}]]"
308,"[[{'label': 'not depression', 'score': 0.7931807041168213}, {'label': 'moderate', 'score': 0.17010509967803955}, {'label': 'severe', 'score': 0.03671419993042946}]]"
309,"[[{'label': 'not depression', 'score': 0.8798061609268188}, {'label': 'moderate', 'score': 0.10155060142278671}, {'label': 'severe', 'score': 0.018643241375684738}]]"
310,"[[{'label': 'not depression', 'score': 0.5986517071723938}, {'label': 'moderate', 'score': 0.28158023953437805}, {'label': 'severe', 'score': 0.11976805329322815}]]"
311,"[[{'label': 'not depression', 'score': 0.8843387961387634}, {'label': 'moderate', 'score': 0.09804736822843552}, {'label': 'severe', 'score': 0.017613878473639488}]]"
312,"[[{'label': 'not depression', 'score': 0.7711261510848999}, {'label': 'moderate', 'score': 0.2012971192598343}, {'label': 'severe', 'score': 0.027576735243201256}]]"
313,"[[{'label': 'not depression', 'score': 0.5174418687820435}, {'label': 'moderate', 'score': 0.4484461843967438}, {'label': 'severe', 'score': 0.03411193937063217}]]"
314,"[[{'label': 'not depression', 'score': 0.851683497428894}, {'label': 'moderate', 'score': 0.13576847314834595}, {'label': 'severe', 'score': 0.01254804152995348}]]"
315,"[[{'label': 'not depression', 'score': 0.7279139161109924}, {'label': 'moderate', 'score': 0.22525599598884583}, {'label': 'severe', 'score': 0.046830058097839355}]]"
316,"[[{'label': 'not depression', 'score': 0.8607656359672546}, {'label': 'moderate', 'score': 0.12625263631343842}, {'label': 'severe', 'score': 0.01298173051327467}]]"
317,"[[{'label': 'not depression', 'score': 0.7991199493408203}, {'label': 'moderate', 'score': 0.16464096307754517}, {'label': 'severe', 'score': 0.03623908385634422}]]"
318,"[[{'label': 'not depression', 'score': 0.7194767594337463}, {'label': 'moderate', 'score': 0.20492978394031525}, {'label': 'severe', 'score': 0.07559353858232498}]]"
319,"[[{'label': 'not depression', 'score': 0.6846790909767151}, {'label': 'moderate', 'score': 0.2532441020011902}, {'label': 'severe', 'score': 0.06207685172557831}]]"
320,"[[{'label': 'not depression', 'score': 0.816247820854187}, {'label': 'moderate', 'score': 0.17060595750808716}, {'label': 'severe', 'score': 0.013146191835403442}]]"
321,"[[{'label': 'not depression', 'score': 0.5936741828918457}, {'label': 'moderate', 'score': 0.3547047972679138}, {'label': 'severe', 'score': 0.051620963960886}]]"
322,"[[{'label': 'not depression', 'score': 0.7024507522583008}, {'label': 'moderate', 'score': 0.24873003363609314}, {'label': 'severe', 'score': 0.048819154500961304}]]"
323,"[[{'label': 'not depression', 'score': 0.8417651653289795}, {'label': 'moderate', 'score': 0.14411428570747375}, {'label': 'severe', 'score': 0.014120600186288357}]]"
324,"[[{'label': 'not depression', 'score': 0.7076148986816406}, {'label': 'moderate', 'score': 0.25744402408599854}, {'label': 'severe', 'score': 0.03494108095765114}]]"
325,"TRUNCATED[[{'label': 'moderate', 'score': 0.5764719247817993}, {'label': 'not depression', 'score': 0.2782638370990753}, {'label': 'severe', 'score': 0.14526426792144775}]]"
326,"[[{'label': 'not depression', 'score': 0.7580531239509583}, {'label': 'moderate', 'score': 0.20932945609092712}, {'label': 'severe', 'score': 0.03261745348572731}]]"
327,"[[{'label': 'not depression', 'score': 0.7467066049575806}, {'label': 'moderate', 'score': 0.20193302631378174}, {'label': 'severe', 'score': 0.05136039853096008}]]"
328,"[[{'label': 'not depression', 'score': 0.8571592569351196}, {'label': 'moderate', 'score': 0.13514375686645508}, {'label': 'severe', 'score': 0.007696954533457756}]]"
329,"[[{'label': 'not depression', 'score': 0.7543084621429443}, {'label': 'moderate', 'score': 0.220131054520607}, {'label': 'severe', 'score': 0.025560475885868073}]]"
330,"[[{'label': 'not depression', 'score': 0.8720752596855164}, {'label': 'moderate', 'score': 0.11282873898744583}, {'label': 'severe', 'score': 0.015096010640263557}]]"
331,"[[{'label': 'not depression', 'score': 0.8935630321502686}, {'label': 'moderate', 'score': 0.0909472107887268}, {'label': 'severe', 'score': 0.015489793382585049}]]"
332,"[[{'label': 'not depression', 'score': 0.8356673717498779}, {'label': 'moderate', 'score': 0.13638921082019806}, {'label': 'severe', 'score': 0.027943354099988937}]]"
333,"[[{'label': 'not depression', 'score': 0.8589544892311096}, {'label': 'moderate', 'score': 0.102849081158638}, {'label': 'severe', 'score': 0.03819645196199417}]]"
334,"[[{'label': 'not depression', 'score': 0.9472601413726807}, {'label': 'moderate', 'score': 0.0447588749229908}, {'label': 'severe', 'score': 0.007981020957231522}]]"
335,"[[{'label': 'not depression', 'score': 0.969874918460846}, {'label': 'moderate', 'score': 0.025982560589909554}, {'label': 'severe', 'score': 0.0041425153613090515}]]"
336,"[[{'label': 'not depression', 'score': 0.9220449328422546}, {'label': 'moderate', 'score': 0.06816229224205017}, {'label': 'severe', 'score': 0.009792794473469257}]]"
337,"[[{'label': 'not depression', 'score': 0.9656954407691956}, {'label': 'moderate', 'score': 0.027565324679017067}, {'label': 'severe', 'score': 0.006739242468029261}]]"
338,"[[{'label': 'not depression', 'score': 0.6275539398193359}, {'label': 'moderate', 'score': 0.22859573364257812}, {'label': 'severe', 'score': 0.14385034143924713}]]"
339,"[[{'label': 'not depression', 'score': 0.9398601651191711}, {'label': 'moderate', 'score': 0.048996564000844955}, {'label': 'severe', 'score': 0.011143257841467857}]]"
340,"[[{'label': 'not depression', 'score': 0.9090822339057922}, {'label': 'moderate', 'score': 0.07763656973838806}, {'label': 'severe', 'score': 0.01328123640269041}]]"
341,"[[{'label': 'not depression', 'score': 0.6375957131385803}, {'label': 'moderate', 'score': 0.2730746567249298}, {'label': 'severe', 'score': 0.08932963758707047}]]"
342,"[[{'label': 'not depression', 'score': 0.7421391606330872}, {'label': 'moderate', 'score': 0.2138807773590088}, {'label': 'severe', 'score': 0.04398006200790405}]]"
343,"[[{'label': 'not depression', 'score': 0.7740285396575928}, {'label': 'moderate', 'score': 0.17838749289512634}, {'label': 'severe', 'score': 0.04758397862315178}]]"
344,"[[{'label': 'not depression', 'score': 0.7553281784057617}, {'label': 'moderate', 'score': 0.22535915672779083}, {'label': 'severe', 'score': 0.019312726333737373}]]"
345,"[[{'label': 'not depression', 'score': 0.7128338813781738}, {'label': 'moderate', 'score': 0.2483336329460144}, {'label': 'severe', 'score': 0.038832467049360275}]]"
346,"[[{'label': 'not depression', 'score': 0.655195951461792}, {'label': 'moderate', 'score': 0.28510749340057373}, {'label': 'severe', 'score': 0.059696584939956665}]]"
347,"[[{'label': 'not depression', 'score': 0.4677612781524658}, {'label': 'moderate', 'score': 0.4421428143978119}, {'label': 'severe', 'score': 0.0900958776473999}]]"
348,"[[{'label': 'not depression', 'score': 0.9265287518501282}, {'label': 'moderate', 'score': 0.06896860152482986}, {'label': 'severe', 'score': 0.004502601455897093}]]"
349,"[[{'label': 'not depression', 'score': 0.4561566710472107}, {'label': 'moderate', 'score': 0.32363468408584595}, {'label': 'severe', 'score': 0.22020858526229858}]]"
350,"[[{'label': 'not depression', 'score': 0.7123924493789673}, {'label': 'moderate', 'score': 0.22660687565803528}, {'label': 'severe', 'score': 0.061000701040029526}]]"
351,"[[{'label': 'not depression', 'score': 0.8633003830909729}, {'label': 'moderate', 'score': 0.1226629763841629}, {'label': 'severe', 'score': 0.014036589302122593}]]"
352,"[[{'label': 'not depression', 'score': 0.9163902401924133}, {'label': 'moderate', 'score': 0.07307423651218414}, {'label': 'severe', 'score': 0.01053545717149973}]]"
353,"[[{'label': 'not depression', 'score': 0.6103548407554626}, {'label': 'moderate', 'score': 0.2613024115562439}, {'label': 'severe', 'score': 0.12834277749061584}]]"
354,"[[{'label': 'not depression', 'score': 0.9531958699226379}, {'label': 'moderate', 'score': 0.04293634369969368}, {'label': 'severe', 'score': 0.0038677894044667482}]]"
355,"TRUNCATED[[{'label': 'not depression', 'score': 0.9339296221733093}, {'label': 'moderate', 'score': 0.05581125617027283}, {'label': 'severe', 'score': 0.010259117931127548}]]"
356,"[[{'label': 'not depression', 'score': 0.9164972901344299}, {'label': 'moderate', 'score': 0.07736405730247498}, {'label': 'severe', 'score': 0.00613864092156291}]]"
357,"[[{'label': 'not depression', 'score': 0.8864333033561707}, {'label': 'moderate', 'score': 0.08866048604249954}, {'label': 'severe', 'score': 0.024906186386942863}]]"
358,"[[{'label': 'not depression', 'score': 0.875758707523346}, {'label': 'moderate', 'score': 0.09720627218484879}, {'label': 'severe', 'score': 0.02703498862683773}]]"
359,"[[{'label': 'not depression', 'score': 0.8035562634468079}, {'label': 'moderate', 'score': 0.14330372214317322}, {'label': 'severe', 'score': 0.05314009264111519}]]"
360,"[[{'label': 'not depression', 'score': 0.7987340688705444}, {'label': 'moderate', 'score': 0.1631575971841812}, {'label': 'severe', 'score': 0.038108307868242264}]]"
